SMILES,Name,InChI,Formula,MW,LogP,pKd,Structure,Synthesize,Chemical,SA_Score,SA_Score_Binary
Oc1ccnn1CCc1cc(c(c(c1)F)ON)c1nc([nH]c1)C(=O)NC,27/000000362,"InChI=1S/C16H17FN6O3/c1-19-16(25)15-20-8-12(22-15)10-6-9(7-11(17)14(10)26-18)3-5-23-13(24)2-4-21-23/h2,4,6-8,24H,3,5,18H2,1H3,(H,19,25)(H,20,22)",C16H17N6O3F,360,0.87,6.11,4.01,3.58,-160,3.5544044104331025,1
SCS(=O)(=O)CCc1cc(c(c(c1)F)ON)c1nc([nH]c1)C(=O)NC,27/000000520,"InChI=1S/C14H17FN4O4S2/c1-17-14(20)13-18-6-11(19-13)9-4-8(2-3-25(21,22)7-24)5-10(15)12(9)23-16/h4-6,24H,2-3,7,16H2,1H3,(H,17,20)(H,18,19)",C14H17N4O4S2F,388,0.46,5.87,3.83,3.58,-160,3.6933399239594475,1
NOc1c(F)cc(cc1c1nc([nH]c1)C(=O)NC)CC/C=C\C,27/000000289,"InChI=1S/C16H19FN4O2/c1-3-4-5-6-10-7-11(14(23-18)12(17)8-10)13-9-20-15(21-13)16(22)19-2/h3-4,7-9H,5-6,18H2,1-2H3,(H,19,22)(H,20,21)/b4-3-",C16H19N4O2F,318,1.48,5.78,3.66,3.58,-200,3.457393859512295,1
NOc1c(F)cc(cc1c1nc([nH]c1)C(=O)NC)CCc1[nH]ccc1,27/000000324,"InChI=1S/C17H18FN5O2/c1-20-17(24)16-22-9-14(23-16)12-7-10(8-13(18)15(12)25-19)4-5-11-3-2-6-21-11/h2-3,6-9,21H,4-5,19H2,1H3,(H,20,24)(H,22,23)",C17H18N5O2F,343,1.07,5.77,3.82,3.58,-140,3.4354356348765336,1
NOc1c(F)cc(cc1c1nc([nH]c1)C(=O)NC)CCCCC,27/000000433,"InChI=1S/C16H21FN4O2/c1-3-4-5-6-10-7-11(14(23-18)12(17)8-10)13-9-20-15(21-13)16(22)19-2/h7-9H,3-6,18H2,1-2H3,(H,19,22)(H,20,21)",C16H21N4O2F,320,1.89,5.76,3.42,3.58,-200,3.141805397973833,1
SCS(=O)(=O)CCc1cc(F)c(c(c1)c1nc([nH]c1)C(=O)NC(N)N)ON,27/000000462,"InChI=1S/C14H19FN6O4S2/c15-9-4-7(1-2-27(23,24)6-26)3-8(11(9)25-18)10-5-19-12(20-10)13(22)21-14(16)17/h3-5,14,26H,1-2,6,16-18H2,(H,19,20)(H,21,22)",C14H17N6O4S2F,416,-0.22,5.7,4.36,4.94,-180,3.866337763734755,1
NOc1c(F)cc(cc1c1nc([nH]c1)C(=O)NC)CCc1occc1,27/000000383,"InChI=1S/C17H17FN4O3/c1-20-17(23)16-21-9-14(22-16)12-7-10(8-13(18)15(12)25-19)4-5-11-3-2-6-24-11/h2-3,6-9H,4-5,19H2,1H3,(H,20,23)(H,21,22)",C17H17N4O3F,344,0.96,5.7,3.27,3.58,-140,3.237326425775775,1
NOc1c(F)cc(cc1c1nc([nH]c1)C(=O)NC)CCC1=NCCC1,27/000000296,"InChI=1S/C17H20FN5O2/c1-20-17(24)16-22-9-14(23-16)12-7-10(8-13(18)15(12)25-19)4-5-11-3-2-6-21-11/h7-9H,2-6,19H2,1H3,(H,20,24)(H,22,23)",C17H20N5O2F,345,0.39,5.65,4.57,3.58,-140,3.6051738797302724,1
NOc1c(F)cc(cc1c1nc([nH]c1)C(=O)NC)CCc1cnoc1,27/000000274,"InChI=1S/C16H16FN5O3/c1-19-16(23)15-20-7-13(22-15)11-4-9(5-12(17)14(11)25-18)2-3-10-6-21-24-8-10/h4-8H,2-3,18H2,1H3,(H,19,23)(H,20,22)",C16H16N5O3F,345,0.9,5.61,3.62,3.58,-160,3.5301823304344975,1
C(=C)CCc1cc(F)c(c(c1)c1nc([nH]c1)C(=O)NC)ON,27/000000491,"InChI=1S/C15H17FN4O2/c1-3-4-5-9-6-10(13(22-17)11(16)7-9)12-8-19-14(20-12)15(21)18-2/h3,6-8H,1,4-5,17H2,2H3,(H,18,21)(H,19,20)",C15H17N4O2F,304,1.17,5.6,1.43,3.58,-140,3.4040658540341724,1
OC(=O)Cc1nc(c[nH]1)c1c(ON)c(F)cc(c1)CCS(=O)(=O)CI,27/000000443,"InChI=1S/C14H15FIN3O5S/c15-10-4-8(1-2-25(22,23)7-16)3-9(14(10)24-17)11-6-18-12(19-11)5-13(20)21/h3-4,6H,1-2,5,7,17H2,(H,18,19)(H,20,21)",C14H15N3O5SFI,483,1.11,5.56,4.98,3.58,-180,3.6216921864028864,1
SCS(=O)(=O)CCc1cc(c(c(c1)F)ON)c1nc([nH]c1)COC,27/000000345,"InChI=1S/C14H18FN3O4S2/c1-21-7-13-17-6-12(18-13)10-4-9(2-3-24(19,20)8-23)5-11(15)14(10)22-16/h4-6,23H,2-3,7-8,16H2,1H3,(H,17,18)",C14H18N3O4S2F,375,0.76,5.55,3.49,3.58,-160,3.670157279514493,1
NOc1c(F)cc(cc1c1nc([nH]c1)C(=O)NC)CNCCCC,27/000000175,"InChI=1S/C16H22FN5O2/c1-3-4-5-20-8-10-6-11(14(24-18)12(17)7-10)13-9-21-15(22-13)16(23)19-2/h6-7,9,20H,3-5,8,18H2,1-2H3,(H,19,23)(H,21,22)",C16H22N5O2F,335,0.99,5.5,3.61,5.09,-200,3.173427293083016,1
NOc1c(c2nc([nH]c2)CNCC=C)cc(cc1F)CC(=O)C=C,27/000000407,"InChI=1S/C17H19FN4O2/c1-3-5-20-10-16-21-9-15(22-16)13-7-11(6-12(23)4-2)8-14(18)17(13)24-19/h3-4,7-9,20H,1-2,5-6,10,19H2,(H,21,22)",C17H19N4O2F,330,1.0,5.48,0.95,3.58,-180,3.580002034759249,1
NOc1c(F)cc(cc1c1nc([nH]c1)C(=O)NC)CC,27/000000150,"InChI=1S/C13H15FN4O2/c1-3-7-4-8(11(20-15)9(14)5-7)10-6-17-12(18-10)13(19)16-2/h4-6H,3,15H2,1-2H3,(H,16,19)(H,17,18)",C13H15N4O2F,278,0.82,5.41,1.84,3.58,-200,3.2876279632236045,1
OC(=O)CCCc1cc(c(c(c1)F)ON)c1nc([nH]c1)C(=O)NC,27/000000298,"InChI=1S/C15H17FN4O4/c1-18-15(23)14-19-7-11(20-14)9-5-8(3-2-4-12(21)22)6-10(16)13(9)24-17/h5-7H,2-4,17H2,1H3,(H,18,23)(H,19,20)(H,21,22)",C15H17N4O4F,336,0.29,5.4,3.11,3.58,-140,3.179502034759248,1
SCS(=O)(=O)CCc1cc(c(c(c1)F)ON)c1nc([nH]c1)C(=O)CN,27/000000455,"InChI=1S/C14H17FN4O4S2/c15-10-4-8(1-2-25(21,22)7-24)3-9(13(10)23-17)11-6-18-14(19-11)12(20)5-16/h3-4,6,24H,1-2,5,7,16-17H2,(H,18,19)",C14H17N4O4S2F,388,-0.21,5.39,3.89,3.58,-120,3.7847245393440634,1
NOc1c(F)cc(cc1c1nc([nH]c1)C(=O)O)/C=C\C=C,27/000000528,"InChI=1S/C14H12FN3O3/c1-2-3-4-8-5-9(12(21-16)10(15)6-8)11-7-17-13(18-11)14(19)20/h2-7H,1,16H2,(H,17,18)(H,19,20)/b4-3-",C14H11N3O3F,288,0.9,5.35,4.32,23.7,-120,3.561640437408297,1
OCCCc1cc(F)c(c(c1)c1nc([nH]c1)C(=O)NC)ON,27/000000457,"InChI=1S/C14H17FN4O3/c1-17-14(21)13-18-7-11(19-13)9-5-8(3-2-4-20)6-10(15)12(9)22-16/h5-7,20H,2-4,16H2,1H3,(H,17,21)(H,18,19)",C14H17N4O3F,308,0.05,5.32,3.53,3.58,-140,3.2776550091413608,1
OC(=O)Cc1nc(c[nH]1)c1c(ON)c(F)cc(c1)CCS(=O)(=O)CF,27/000000465,"InChI=1S/C14H15F2N3O5S/c15-7-25(22,23)2-1-8-3-9(14(24-17)10(16)4-8)11-6-18-12(19-11)5-13(20)21/h3-4,6H,1-2,5,7,17H2,(H,18,19)(H,20,21)",C14H15N3O5SF2,375,0.44,5.29,3.63,3.58,-180,3.550478159253565,1
OC(=O)Cc1nc(c[nH]1)c1c(ON)c(F)cc(c1)CCS(=O)(=O)C,27/000000129,"InChI=1S/C14H16FN3O5S/c1-24(21,22)3-2-8-4-9(14(23-16)10(15)5-8)11-7-17-12(18-11)6-13(19)20/h4-5,7H,2-3,6,16H2,1H3,(H,17,18)(H,19,20)",C14H16N3O5SF,357,0.23,5.24,3.16,3.58,-180,3.296496709315462,1
NOc1c(F)cc(cc1c1nc([nH]c1)C(=O)NC)CCNC=C,27/000000429,"InChI=1S/C15H18FN5O2/c1-3-19-5-4-9-6-10(13(23-17)11(16)7-9)12-8-20-14(21-12)15(22)18-2/h3,6-8,19H,1,4-5,17H2,2H3,(H,18,22)(H,20,21)",C15H18N5O2F,319,0.74,5.2,2.36,3.58,-160,3.5736799172046023,1
SCS(=O)(=O)CCc1cc(F)c(c(c1)c1nc[nH]c1)ON,27/000000231,"InChI=1S/C12H14FN3O3S2/c13-10-4-8(1-2-21(17,18)7-20)3-9(12(10)19-14)11-5-15-6-16-11/h3-6,20H,1-2,7,14H2,(H,15,16)",C12H14N3O3S2F,331,1.04,5.18,4.89,3.58,-120,3.654209137673549,1
OC(=O)[C@@H](c1ccc(c(c1)O)I)OC(=O)CN(=O)=O,22/000000027,"InChI=1S/C10H8INO7/c11-6-2-1-5(3-7(6)13)9(10(15)16)19-8(14)4-12(17)18/h1-3,9,13H,4H2,(H,15,16)/t9-/m1/s1",C10H8NO7I,381,1.16,5.17,2.45,3.58,-150,3.410016014443876,1
NOc1c(F)cccc1c1nc([nH]c1)C(=O)N,27/000000023,"InChI=1S/C10H9FN4O2/c11-6-3-1-2-5(8(6)17-13)7-4-14-10(15-7)9(12)16/h1-4H,13H2,(H2,12,16)(H,14,15)",C10H9N4O2F,236,-0.18,5.15,2.7,2.22,-120,3.1952865491073323,1
ONC(=O)/C=C/[C@H](CO)/C=C/c1cc(F)cc(c1O)F,1/000000058,"InChI=1S/C13H13F2NO4/c14-10-5-9(13(19)11(15)6-10)3-1-8(7-17)2-4-12(18)16-20/h1-6,8,17,19-20H,7H2,(H,16,18)/b3-1+,4-2+/t8-/m1/s1",C13H13NO4F2,285,1.01,5.15,2.35,3.58,-150,3.765603481695411,1
NOc1c(F)cc(cc1c1nc[nH]c1)CCS(=O)(=O)CCBr,27/000000099,"InChI=1S/C13H15BrFN3O3S/c14-2-4-22(19,20)3-1-9-5-10(12-7-17-8-18-12)13(21-16)11(15)6-9/h5-8H,1-4,16H2,(H,17,18)",C13H15N3O3SFBr,392,1.83,5.13,5.67,3.58,-120,3.528694857817273,1
NOc1c(cc(cc1F)Cl)c1nc([nH]c1)C(=O)O,27/000000432,"InChI=1S/C10H7ClFN3O3/c11-4-1-5(8(18-13)6(12)2-4)7-3-14-9(15-7)10(16)17/h1-3H,13H2,(H,14,15)(H,16,17)",C10H6N3O3FCl,270,0.73,5.11,1.82,2.35,-120,3.2682537305445045,1
C#CCc1cc(c2nc([nH]c2)C(=O)NC)c(c(c1)F)ON,27/000000123,"InChI=1S/C14H13FN4O2/c1-3-4-8-5-9(12(21-16)10(15)6-8)11-7-18-13(19-11)14(20)17-2/h1,5-7H,4,16H2,2H3,(H,17,20)(H,18,19)",C14H13N4O2F,288,0.65,5.11,2.87,3.58,-160,3.617020278257103,1
O=Nc1cc(c2nc([nH]c2)C(=O)O)c(c(c1)F)ON,27/000000466,"InChI=1S/C10H7FN4O4/c11-6-2-4(15-18)1-5(8(6)19-12)7-3-13-9(14-7)10(16)17/h1-3H,12H2,(H,13,14)(H,16,17)",C10H6N4O4F,265,-0.35,5.02,1.69,23.5,-120,3.6940776417493693,1
OC(=O)Cc1nc(c[nH]1)c1c(ON)c(F)cc(c1)CCS(=O)(=O)CN(=O)=O,27/000000472,"InChI=1S/C14H15FN4O7S/c15-10-4-8(1-2-27(24,25)7-19(22)23)3-9(14(10)26-16)11-6-17-12(18-11)5-13(20)21/h3-4,6H,1-2,5,7,16H2,(H,17,18)(H,20,21)",C14H15N4O7SF,402,-0.22,5.02,4.85,3.7,-180,3.6340884486662617,1
SCCNC(=O)c1nc(c[nH]1)c1cccc(c1ON)F,27/000000254,"InChI=1S/C12H13FN4O2S/c13-8-3-1-2-7(10(8)19-14)9-6-16-11(17-9)12(18)15-4-5-20/h1-3,6,20H,4-5,14H2,(H,15,18)(H,16,17)",C12H13N4O2SF,296,1.01,4.99,3.68,3.58,-140,3.2746020591277016,1
OCc1nc(c[nH]1)c1cccc(c1ON)F,27/000000048,"InChI=1S/C10H10FN3O2/c11-7-3-1-2-6(10(7)16-12)8-4-13-9(5-15)14-8/h1-4,15H,5,12H2,(H,13,14)",C10H10N3O2F,223,0.12,4.98,2.54,2.22,-120,3.240136167656024,1
NOc1c(cccc1F)c1nc([nH]c1)C(=C)/C=C/CC,27/000000439,"InChI=1S/C15H16FN3O/c1-3-4-6-10(2)15-18-9-13(19-15)11-7-5-8-12(16)14(11)20-17/h4-9H,2-3,17H2,1H3,(H,18,19)/b6-4+",C15H16N3OF,273,2.45,4.98,0.9,3.58,-160,3.5745320041826467,1
Oc1c(cc(cc1F)F)/C=C/[C@@H](CO)/C=C/C(=O)N,1/000000066,"InChI=1S/C13H13F2NO3/c14-10-5-9(13(19)11(15)6-10)3-1-8(7-17)2-4-12(16)18/h1-6,8,17,19H,7H2,(H2,16,18)/b3-1+,4-2+/t8-/m1/s1",C13H13NO3F2,269,0.93,4.96,2.85,2.22,-150,3.7741773538103924,1
NOc1c(cccc1F)c1nc([nH]c1)C(=O)NC,27/000000012,"InChI=1S/C11H11FN4O2/c1-14-11(17)10-15-5-8(16-10)6-3-2-4-7(12)9(6)18-13/h2-5H,13H2,1H3,(H,14,17)(H,15,16)",C11H11N4O2F,250,0.34,4.95,2.41,2.22,-140,3.1934889644534534,1
NOc1c(cc(cc1F)/C(=C\CC)/C)c1nc[nH]c1,27/000000033,"InChI=1S/C14H16FN3O/c1-3-4-9(2)10-5-11(13-7-17-8-18-13)14(19-16)12(15)6-10/h4-8H,3,16H2,1-2H3,(H,17,18)/b9-4-",C14H16N3OF,261,2.15,4.94,5.19,18.4,-200,3.440293065440338,1
NOc1c(F)cc(cc1c1nc([nH]c1)CC#CC)OCC=C,27/000000277,"InChI=1S/C16H16FN3O2/c1-3-5-6-15-19-10-14(20-15)12-8-11(21-7-4-2)9-13(17)16(12)22-18/h4,8-10H,2,6-7,18H2,1H3,(H,19,20)",C16H16N3O2F,301,2.16,4.92,1.6,23.6,-140,3.625635764134648,1
OCc1nc(c[nH]1)c1c(ON)c(F)cc(c1)Nc1ncncc1,27/000000142,"InChI=1S/C14H13FN6O2/c15-10-4-8(20-12-1-2-17-7-19-12)3-9(14(10)23-16)11-5-18-13(6-22)21-11/h1-5,7,22H,6,16H2,(H,18,21)(H,17,19,20)",C14H13N6O2F,316,-0.23,4.91,4.92,21.6,-120,3.314856556190617,1
NOc1c(F)cc(cc1c1nc[nH]c1)CC(=O)/C=C/CCF,27/000000452,"InChI=1S/C15H15F2N3O2/c16-4-2-1-3-11(21)5-10-6-12(14-8-19-9-20-14)15(22-18)13(17)7-10/h1,3,6-9H,2,4-5,18H2,(H,19,20)/b3-1+",C15H15N3O2F2,307,1.64,4.91,4.16,3.58,-120,3.5566640519758392,1
NOc1c(F)cc(cc1c1nc[nH]c1)CC(=O)/C=C\C=C/C,27/000000450,"InChI=1S/C16H16FN3O2/c1-2-3-4-5-12(21)6-11-7-13(15-9-19-10-20-15)16(22-18)14(17)8-11/h2-5,7-10H,6,18H2,1H3,(H,19,20)/b3-2-,5-4-",C16H16N3O2F,301,1.45,4.9,4.89,3.58,-140,3.5326499080552427,1
NOc1c(F)cc(cc1c1nc[nH]c1)CCS(=O)(=O)CC,27/000000262,"InChI=1S/C13H16FN3O3S/c1-2-21(18,19)4-3-9-5-10(12-7-16-8-17-12)13(20-15)11(14)6-9/h5-8H,2-4,15H2,1H3,(H,16,17)",C13H16N3O3SF,313,1.15,4.89,4.63,3.58,-140,3.290442028920234,1
NOc1c(F)cc(cc1c1nc[nH]c1)Nc1ncccn1,27/000000398,"InChI=1S/C13H11FN6O/c14-10-5-8(20-13-17-2-1-3-18-13)4-9(12(10)21-15)11-6-16-7-19-11/h1-7H,15H2,(H,16,19)(H,17,18,20)",C13H11N6OF,286,0.57,4.88,5.47,19.8,-120,3.101117517027377,1
OC(=O)[C@@H](c1ccc(c(c1)O)I)OC(=O)CC(=O)C,22/000000019,"InChI=1S/C12H11IO6/c1-6(14)4-10(16)19-11(12(17)18)7-2-3-8(13)9(15)5-7/h2-3,5,11,15H,4H2,1H3,(H,17,18)/t11-/m1/s1",C12H11O6I,378,1.33,4.87,2.3,4.69,-170,3.112190783674645,1
SCOc1cc(F)c(c(c1)c1nc([nH]c1)CC#CC)ON,27/000000458,"InChI=1S/C14H14FN3O2S/c1-2-3-4-13-17-7-12(18-13)10-5-9(19-8-21)6-11(15)14(10)20-16/h5-7,21H,4,8,16H2,1H3,(H,17,18)",C14H14N3O2SF,307,1.86,4.82,0.92,23.9,-140,3.9314798655429914,1
NOc1c(cccc1F)c1nc([nH]c1)C(=O)O,27/000000136,"InChI=1S/C10H8FN3O3/c11-6-3-1-2-5(8(6)17-12)7-4-13-9(14-7)10(15)16/h1-4H,12H2,(H,13,14)(H,15,16)",C10H7N3O3F,236,0.11,4.8,2.41,2.22,-120,3.144948414901113,1
NOc1c(F)cccc1c1nc([nH]c1)C(=C)/C=C/c1nocc1,27/000000468,"InChI=1S/C16H13FN4O2/c1-10(5-6-11-7-8-22-21-11)16-19-9-14(20-16)12-3-2-4-13(17)15(12)23-18/h2-9H,1,18H2,(H,19,20)/b6-5+",C16H13N4O2F,312,2.22,4.8,1.62,3.58,-180,3.731864947799009,1
NOc1c(cccc1F)c1nc([nH]c1)COC,27/000000087,"InChI=1S/C11H12FN3O2/c1-16-6-10-14-5-9(15-10)7-3-2-4-8(12)11(7)17-13/h2-5H,6,13H2,1H3,(H,14,15)",C11H12N3O2F,237,0.64,4.79,2.16,2.22,-160,3.1624560049174786,1
NNC(=O)c1nc(c([nH]1)CCCCCC)N(=O)=O,21/000000005,"InChI=1S/C10H17N5O3/c1-2-3-4-5-6-7-9(15(17)18)13-8(12-7)10(16)14-11/h2-6,11H2,1H3,(H,12,13)(H,14,16)",C10H17N5O3,255,0.68,4.77,1.09,21.6,-80,2.900898314531947,1
Oc1c(cc(cc1F)F)/C=C/[C@H](CON)CO,1/000000018,"InChI=1S/C11H13F2NO3/c12-9-3-8(11(16)10(13)4-9)2-1-7(5-15)6-17-14/h1-4,7,15-16H,5-6,14H2/b2-1+/t7-/m0/s1",C11H13NO3F2,245,0.54,4.76,3.85,2.22,-150,3.6939740005860013,1
OC(=O)[C@@H](c1ccc(c(c1)O)I)OC(=O)CC(=O)N,22/000000042,"InChI=1S/C11H10INO6/c12-6-2-1-5(3-7(6)14)10(11(17)18)19-9(16)4-8(13)15/h1-3,10,14H,4H2,(H2,13,15)(H,17,18)/t10-/m1/s1",C11H10NO6I,379,0.33,4.76,1.96,4.69,-170,3.219936014443876,1
NOc1c(cc(cc1F)CCS(=O)(=O)C)c1nc[nH]c1,27/000000030,"InChI=1S/C12H14FN3O3S/c1-20(17,18)3-2-8-4-9(11-6-15-7-16-11)12(19-14)10(13)5-8/h4-7H,2-3,14H2,1H3,(H,15,16)",C12H14N3O3SF,299,0.79,4.74,3.75,3.58,-140,3.259991040146682,1
OC(=O)[C@@H](c1ccc(c(c1)O)I)OC(=O)C#CC,22/000000035,"InChI=1S/C12H9IO5/c1-2-3-10(15)18-11(12(16)17)7-4-5-8(13)9(14)6-7/h4-6,11,14H,1H3,(H,16,17)/t11-/m1/s1",C12H9O5I,360,2.52,4.73,1.43,3.58,-170,3.5539915738343506,1
SCCNc1ccc(cc1)C#CC1=CC(=O)OC[C@H]1C(=O)O,11/000000004,"InChI=1S/C16H15NO4S/c18-15-9-12(14(10-21-15)16(19)20)4-1-11-2-5-13(6-3-11)17-7-8-22/h2-3,5-6,9,14,17,22H,7-8,10H2,(H,19,20)/t14-/m1/s1",C16H14NO4S,316,1.73,4.73,2.1,23.3,-150,3.602886974011823,1
OC(=O)C/C=C/C(=O)Cc1cc(F)c(c(c1)c1nc[nH]c1)ON,27/000000396,"InChI=1S/C15H14FN3O4/c16-12-6-9(4-10(20)2-1-3-14(21)22)5-11(15(12)23-17)13-7-18-8-19-13/h1-2,5-8H,3-4,17H2,(H,18,19)(H,21,22)/b2-1+",C15H14N3O4F,319,0.38,4.73,4.74,4.94,-120,3.448354917204602,1
O=N(=O)Cc1cc(F)c(c(c1)c1nc[nH]c1)ON,27/000000442,"InChI=1S/C10H9FN4O3/c11-8-2-6(4-15(16)17)1-7(10(8)18-12)9-3-13-5-14-9/h1-3,5H,4,12H2,(H,13,14)",C10H9N4O3F,252,0.45,4.71,3.22,2.48,-120,3.566332656761146,1
NOc1c(cc(cc1F)C(=C)C=C)c1nc[nH]c1,27/000000431,"InChI=1S/C13H12FN3O/c1-3-8(2)9-4-10(12-6-16-7-17-12)13(18-15)11(14)5-9/h3-7H,1-2,15H2,(H,16,17)",C13H12N3OF,245,1.87,4.71,4.22,18.8,-120,3.7081089644534524,1
OCc1c(F)c(ccc1Cl)[C@H](CNC(=O)c1nonc1)S,22/000000051,"InChI=1S/C12H11ClFN3O3S/c13-8-2-1-6(11(14)7(8)5-18)10(21)4-15-12(19)9-3-16-20-17-9/h1-3,10,18,21H,4-5H2,(H,15,19)/t10-/m0/s1",C12H11N3O3SFCl,331,2.46,4.71,2.12,4.94,-150,3.8459100865769926,1
OCC1=CCc2c1ccc(c2O)CC(=O)Cc1nc(sc1)S,8/000000003,"InChI=1S/C16H15NO3S2/c18-7-10-2-4-14-13(10)3-1-9(15(14)20)5-12(19)6-11-8-22-16(21)17-11/h1-3,8,18,20H,4-7H2,(H,17,21)",C16H15NO3S2,333,1.19,4.71,3.57,23.8,-40,3.4735513968889897,1
OC(=O)[C@@H](COc1ccc(cc1Br)C(=O)NN)c1nnc[nH]1,22/000000020,"InChI=1S/C12H12BrN5O4/c13-8-3-6(11(19)17-14)1-2-9(8)22-4-7(12(20)21)10-15-5-16-18-10/h1-3,5,7H,4,14H2,(H,17,19)(H,20,21)(H,15,16,18)/t7-/m0/s1",C12H12N5O4Br,370,1.21,4.7,5.97,3.58,-150,3.3909399211704265,1
OCCS(=O)(=O)CCc1cc(F)c(c(c1)c1nc[nH]c1)ON,27/000000400,"InChI=1S/C13H16FN3O4S/c14-11-6-9(1-3-22(19,20)4-2-18)5-10(13(11)21-15)12-7-16-8-17-12/h5-8,18H,1-4,15H2,(H,16,17)",C13H16N3O4SF,329,0.02,4.66,5.28,3.58,-120,3.388147316833667,1
NOc1c(cccc1F)c1nc([nH]c1)C(=C)/C=C/C=S,27/000000504,"InChI=1S/C14H12FN3OS/c1-9(4-3-7-20)14-17-8-12(18-14)10-5-2-6-11(15)13(10)19-16/h2-8H,1,16H2,(H,17,18)/b4-3+",C14H12N3OSF,289,1.59,4.66,1.07,3.58,-140,3.915456454732097,1
OC(=O)/C=C\C=C\CNOCCc1cnc2c(c1Br)cccc2,6/000000002,"InChI=1S/C17H17BrN2O3/c18-17-13(12-19-15-7-4-3-6-14(15)17)9-11-23-20-10-5-1-2-8-16(21)22/h1-8,12,20H,9-11H2,(H,21,22)/b5-1+,8-2-",C17H17N2O3Br,377,3.39,4.65,5.92,3.58,-80,3.059992919826981,1
OC(=O)Cc1nc(c[nH]1)c1cc(cc(c1ON)F)CCl,27/000000527,"InChI=1S/C12H11ClFN3O3/c13-4-6-1-7(12(20-15)8(14)2-6)9-5-16-10(17-9)3-11(18)19/h1-2,5H,3-4,15H2,(H,16,17)(H,18,19)",C12H11N3O3FCl,299,0.82,4.64,0.84,2.35,-120,3.354519991195634,1
OCc1cc(c2nc[nH]c2)c(c(c1)F)ON,27/000000176,"InChI=1S/C10H10FN3O2/c11-8-2-6(4-15)1-7(10(8)16-12)9-3-13-5-14-9/h1-3,5,15H,4,12H2,(H,13,14)",C10H10N3O2F,223,0.11,4.64,3.33,16.2,-120,3.2833484753483324,1
OC(=O)Cc1nc(c[nH]1)c1c(ON)c(F)cc(c1)CCNCC,27/000000333,"InChI=1S/C15H19FN4O3/c1-2-18-4-3-9-5-10(15(23-17)11(16)6-9)12-8-19-13(20-12)7-14(21)22/h5-6,8,18H,2-4,7,17H2,1H3,(H,19,20)(H,21,22)",C15H19N4O3F,322,0.45,4.63,3.19,3.58,-140,3.2076503498969107,1
NOc1c(F)cc(cc1c1nc([nH]c1)CNC(=O)C)CC(=O)C=C,27/000000370,"InChI=1S/C16H17FN4O3/c1-3-11(23)4-10-5-12(16(24-18)13(17)6-10)14-7-20-15(21-14)8-19-9(2)22/h3,5-7H,1,4,8,18H2,2H3,(H,19,22)(H,20,21)",C16H17N4O3F,332,0.27,4.63,2.06,3.58,-200,3.4003335032907165,1
Oc1cc(F)c(c(c1)c1nc([nH]c1)CC#CC)ON,27/000000202,"InChI=1S/C13H12FN3O2/c1-2-3-4-12-16-7-11(17-12)9-5-8(18)6-10(14)13(9)19-15/h5-7,18H,4,15H2,1H3,(H,16,17)",C13H12N3O2F,261,1.23,4.63,1.95,20.8,-160,3.737097129301005,1
C1=C(C#Cc2ccc(c(c2)C/C=C/C)N)[C@@H](COC1=O)C(=O)O,11/000000006,"InChI=1S/C18H17NO4/c1-2-3-4-14-9-12(6-8-16(14)19)5-7-13-10-17(20)23-11-15(13)18(21)22/h2-3,6,8-10,15H,4,11,19H2,1H3,(H,21,22)/b3-2+/t15-/m1/s1",C18H16NO4,310,1.57,4.62,1.81,23.0,-170,3.8473430842778082,1
Sc1ccc(c2c1ncn2CC(F)F)ON,22/000000056,"InChI=1S/C9H9F2N3OS/c10-7(11)3-14-4-13-8-6(16)2-1-5(15-12)9(8)14/h1-2,4,7,16H,3,12H2",C9H9N3OSF2,245,1.31,4.62,2.25,18.6,-190,3.4084802935301504,1
C1=C(C#Cc2ccc(c(c2)Br)N)[C@@H](COC1=O)C(=O)O,11/000000003,"InChI=1S/C14H10BrNO4/c15-11-5-8(2-4-12(11)16)1-3-9-6-13(17)20-7-10(9)14(18)19/h2,4-6,10H,7,16H2,(H,18,19)/t10-/m1/s1",C14H9NO4Br,335,1.4,4.62,2.75,21.3,-150,3.6466046005765307,1
NOc1c(cc(cc1F)CC(=O)C=C)c1nc[nH]c1,27/000000165,"InChI=1S/C13H12FN3O2/c1-2-9(18)3-8-4-10(12-6-16-7-17-12)13(19-15)11(14)5-8/h2,4-7H,1,3,15H2,(H,16,17)",C13H12N3O2F,261,0.87,4.62,3.25,3.58,-120,3.4367139652951995,1
N(C/C=C/c1c(ON)c(F)cc(c1)c1cc(F)ccc1N)C,27/000000393,"InChI=1S/C16H17F2N3O/c1-21-6-2-3-10-7-11(8-14(18)16(10)22-20)13-9-12(17)4-5-15(13)19/h2-5,7-9,21H,6,19-20H2,1H3/b3-2+",C16H17N3OF2,305,2.12,4.61,3.08,19.4,-180,2.9115627014490517,1
NOc1c(F)cc(cc1c1nc([nH]c1)C=S)COC(=O)C,27/000000284,"InChI=1S/C13H12FN3O3S/c1-7(18)19-5-8-2-9(13(20-15)10(14)3-8)11-4-16-12(6-21)17-11/h2-4,6H,5,15H2,1H3,(H,16,17)",C13H12N3O3SF,309,0.81,4.61,2.94,3.72,-160,3.5152605965594903,1
OC(=O)COC[C@@H](/C=C\C=C\c1ccc(c(c1)Br)F)O,24/000000010,"InChI=1S/C14H14BrFO4/c15-12-7-10(5-6-13(12)16)3-1-2-4-11(17)8-20-9-14(18)19/h1-7,11,17H,8-9H2,(H,18,19)/b3-1+,4-2-/t11-/m1/s1",C14H14O4FBr,345,2.34,4.6,9.66,3.58,-150,3.145341104073035,1
Oc1nc2c([nH]1)cc(cc2)COc1ccc(cc1)N(=O)=O,29/000000010,"InChI=1S/C14H11N3O4/c18-14-15-12-6-1-9(7-13(12)16-14)8-21-11-4-2-10(3-5-11)17(19)20/h1-7H,8H2,(H2,15,16,18)",C14H11N3O4,285,2.92,4.59,3.5,2.35,-40,2.248400543509092,1
Oc1ccc(c(c1n1cnn(c1=O)CC(=O)OC)Br)NC(=O)N,12/000000031,"InChI=1S/C12H12BrN5O5/c1-23-8(20)4-18-12(22)17(5-15-18)10-7(19)3-2-6(9(10)13)16-11(14)21/h2-3,5,19H,4H2,1H3,(H3,14,16,21)",C12H12N5O5Br,386,-0.09,4.58,2.66,24.8,-160,2.940402552130161,1
NOc1c(cccc1F)c1nc([nH]c1)C(=C)C=C,27/000000055,"InChI=1S/C13H12FN3O/c1-3-8(2)13-16-7-11(17-13)9-5-4-6-10(14)12(9)18-15/h3-7H,1-2,15H2,(H,16,17)",C13H12N3OF,245,1.88,4.56,2.76,2.22,-120,3.5704671182996073,1
SCCCCc1cc(c(c(c1)F)ON)/C=C/c1nn[nH]n1,27/000000406,"InChI=1S/C13H16FN5OS/c14-11-8-9(3-1-2-6-21)7-10(13(11)20-15)4-5-12-16-18-19-17-12/h4-5,7-8,21H,1-3,6,15H2,(H,16,17,18,19)/b5-4+",C13H16N5OSF,309,2.82,4.56,2.75,3.58,0,3.301269005047553,1
OCc1nc(c[nH]1)c1c(ON)c(F)cc(c1)CC,27/000000478,"InChI=1S/C12H14FN3O2/c1-2-7-3-8(12(18-14)9(13)4-7)10-5-15-11(6-17)16-10/h3-5,17H,2,6,14H2,1H3,(H,15,16)",C12H14N3O2F,251,0.6,4.56,2.0,3.58,-140,3.326586502914992,1
OCc1occ(n1)c1c(F)c(Cl)ccc1CO,9/000000041,"InChI=1S/C11H9ClFNO3/c12-7-2-1-6(3-15)10(11(7)13)8-5-17-9(4-16)14-8/h1-2,5,15-16H,3-4H2",C11H9NO3FCl,257,1.29,4.55,2.3,2.35,-140,2.9144040613822924,1
OC(=O)n1cnc(c1)c1cc(OCC=C)cc(c1ON)F,27/000000437,"InChI=1S/C13H12FN3O4/c1-2-3-20-8-4-9(12(21-15)10(14)5-8)11-6-17(7-16-11)13(18)19/h2,4-7H,1,3,15H2,(H,18,19)",C13H12N3O4F,293,0.67,4.55,2.43,22.4,-120,3.1438494559759356,1
NNC(=O)c1nc(c([nH]1)C#CC)N(=O)=O,21/000000006,"InChI=1S/C7H7N5O3/c1-2-3-4-6(12(14)15)10-5(9-4)7(13)11-8/h8H2,1H3,(H,9,10)(H,11,13)",C7H7N5O3,209,-0.34,4.54,0.06,22.6,-20,3.687860041880839,1
Oc1c(N=O)cc2c(c1C#CCN)c(=O)ocn2,28/000000008,"InChI=1S/C11H7N3O4/c12-3-1-2-6-9-7(13-5-18-11(9)16)4-8(14-17)10(6)15/h4-5,15H,3,12H2",C11H7N3O4,245,0.14,4.54,3.8,21.8,-80,3.6739172721457614,1
OC(=O)[C@H](CC=C)c1ccc(c(c1)O)I,22/000000008,"InChI=1S/C11H11IO3/c1-2-3-8(11(14)15)7-4-5-9(12)10(13)6-7/h2,4-6,8,13H,1,3H2,(H,14,15)/t8-/m1/s1",C11H11O3I,318,2.68,4.54,1.94,3.33,-150,3.1631461897232747,1
OCC1=CCc2c1ccc(c2O)CC(=O)CN1[C@@H](N)NCC1,8/000000001,"InChI=1S/C16H21N3O3/c17-16-18-5-6-19(16)8-12(21)7-10-1-3-13-11(9-20)2-4-14(13)15(10)22/h1-3,16,18,20,22H,4-9,17H2",C16H19N3O3,301,0.52,4.54,4.78,19.7,-40,3.9349936737636835,1
C#CCc1c(nc([nH]1)CC(=O)O)c1cccc(c1ON)F,27/000000351,"InChI=1S/C14H12FN3O3/c1-2-4-10-13(18-11(17-10)7-12(19)20)8-5-3-6-9(15)14(8)21-16/h1,3,5-6H,4,7,16H2,(H,17,18)(H,19,20)",C14H12N3O3F,289,0.68,4.53,5.1,3.85,-120,3.2381369891324336,1
Sc1c(N)cc(cc1COc1nc(Cl)ccc1NC(=O)N)Br,16/000000008,"InChI=1S/C13H12BrClN4O2S/c14-7-3-6(11(22)8(16)4-7)5-21-12-9(18-13(17)20)1-2-10(15)19-12/h1-4,22H,5,16H2,(H3,17,18,20)",C13H12N4O2SClBr,403,2.57,4.53,7.96,3.7,0,2.932767972571373,1
OCc1cc(c2nc([nH]c2)C=C)c(c(c1)F)ON,27/000000374,"InChI=1S/C12H12FN3O2/c1-2-11-15-5-10(16-11)8-3-7(6-17)4-9(13)12(8)18-14/h2-5,17H,1,6,14H2,(H,15,16)",C12H12N3O2F,249,0.64,4.53,1.84,19.3,-120,3.533780349068838,1
OC/C(=C\c1nc(S)[nH]c(=O)c1[C@H](C)F)/c1ccccc1,20/000000001,"InChI=1S/C15H15FN2O2S/c1-9(16)13-12(17-15(21)18-14(13)20)7-11(8-19)10-5-3-2-4-6-10/h2-7,9,19H,8H2,1H3,(H2,17,18,20,21)/b11-7+/t9-/m0/s1",C15H15N2O2SF,306,1.6,4.52,7.06,22.3,-170,3.7654734818024567,1
Oc1cnc(c(c1S)/C=C/c1nnc([nH]1)COCCO)I,30/000000111,"InChI=1S/C12H13IN4O3S/c13-12-7(11(21)8(19)5-14-12)1-2-9-15-10(17-16-9)6-20-4-3-18/h1-2,5,18-19H,3-4,6H2,(H,14,21)(H,15,16,17)/b2-1+",C12H13N4O3SI,420,2.16,4.51,6.09,22.9,0,3.873802420953682,1
OC(=O)Cc1nc(c[nH]1)c1cccc(c1ON)F,27/000000169,"InChI=1S/C11H10FN3O3/c12-7-3-1-2-6(11(7)18-13)8-5-14-9(15-8)4-10(16)17/h1-3,5H,4,13H2,(H,14,15)(H,16,17)",C11H10N3O3F,251,0.36,4.51,2.1,2.22,-180,3.123078502914991,1
OC(=O)[C@@H](c1ccc(c(c1)O)I)OC(=O)C=C,22/000000021,"InChI=1S/C11H9IO5/c1-2-9(14)17-10(11(15)16)6-3-4-7(12)8(13)5-6/h2-5,10,13H,1H2,(H,15,16)/t10-/m1/s1",C11H9O5I,348,2.15,4.5,1.46,3.58,-150,3.177455806606069,1
NOc1c(F)cc(cc1c1nc[nH]c1)Br,27/000000459,"InChI=1S/C9H7BrFN3O/c10-5-1-6(8-3-13-4-14-8)9(15-12)7(11)2-5/h1-4H,12H2,(H,13,14)",C9H7N3OFBr,272,1.72,4.5,2.46,2.35,-120,3.3222144374852354,1
Oc1cc(F)c(c(c1)c1nc([nH]c1)CC=C)ON,27/000000190,"InChI=1S/C12H12FN3O2/c1-2-3-11-15-6-10(16-11)8-4-7(17)5-9(13)12(8)18-14/h2,4-6,17H,1,3,14H2,(H,15,16)",C12H12N3O2F,249,1.19,4.5,2.08,18.4,-140,3.55461604137653,1
Oc1ccc(c(c1c1snnc1)Br)NC(=O)N,12/000000006,"InChI=1S/C9H7BrN4O2S/c10-8-4(13-9(11)16)1-2-5(15)7(8)6-3-12-14-17-6/h1-3,15H,(H3,11,13,16)",C9H7N4O2SBr,315,1.78,4.49,0.65,3.58,-140,3.0456214099911296,1
OC(=O)C[C@H](/C=C/CN)c1nnc2n1cccc2,6/000000005,"InChI=1S/C12H14N4O2/c13-6-3-4-9(8-11(17)18)12-15-14-10-5-1-2-7-16(10)12/h1-5,7,9H,6,8,13H2,(H,17,18)/b4-3+/t9-/m0/s1",C12H14N4O2,246,0.98,4.48,3.48,21.9,-190,3.431536596458784,1
Sc1c(c(I)ncc1CO)/C=C/c1nnc([nH]1)CCC,30/000000161,"InChI=1S/C13H15IN4OS/c1-2-3-10-16-11(18-17-10)5-4-9-12(20)8(7-19)6-15-13(9)14/h4-6,19H,2-3,7H2,1H3,(H,15,20)(H,16,17,18)/b5-4+",C13H15N4OSI,402,3.59,4.48,7.92,21.1,-20,3.7865784327540757,1
NOc1c(cccc1F)c1nc([nH]c1)CCCSC,27/000000016,"InChI=1S/C13H16FN3OS/c1-19-7-3-6-12-16-8-11(17-12)9-4-2-5-10(14)13(9)18-15/h2,4-5,8H,3,6-7,15H2,1H3,(H,16,17)",C13H16N3OSF,281,2.38,4.48,-0.41,2.22,-200,3.217838687114261,1
Oc1c(cc(cc1F)F)/C=C/[C@@H](CO)SCSC,1/000000112,"InChI=1S/C12H14F2O2S2/c1-17-7-18-10(6-15)3-2-8-4-9(13)5-11(14)12(8)16/h2-5,10,15-16H,6-7H2,1H3/b3-2+/t10-/m0/s1",C12H14O2S2F2,292,3.05,4.48,2.35,2.22,-170,3.9523263462048366,1
OC(=O)Cc1ccc(c2c1[nH]cn2)S,22/000000054,"InChI=1S/C9H8N2O2S/c12-7(13)3-5-1-2-6(14)9-8(5)10-4-11-9/h1-2,4,14H,3H2,(H,10,11)(H,12,13)",C9H8N2O2S,208,1.12,4.46,3.09,3.46,-40,3.0110699348045635,1
OCc1nc(c([nH]1)C)c1cccc(c1ON)F,27/000000349,"InChI=1S/C11H12FN3O2/c1-6-10(15-9(5-16)14-6)7-3-2-4-8(12)11(7)17-13/h2-4,16H,5,13H2,1H3,(H,14,15)",C11H12N3O2F,237,0.36,4.45,3.55,2.22,-140,2.889607662036955,1
NCc1ccc(c(c1Cl)F)c1nc(n[nH]1)N(=O)=O,9/000000016,"InChI=1S/C9H7ClFN5O2/c10-6-4(3-12)1-2-5(7(6)11)8-13-9(15-14-8)16(17)18/h1-2H,3,12H2,(H,13,14,15)",C9H7N5O2FCl,271,2.17,4.45,3.75,21.2,-140,3.083794703856908,1
OC(=O)[C@H](CCCl)c1ccc(c(c1)O)I,22/000000005,"InChI=1S/C10H10ClIO3/c11-4-3-7(10(14)15)6-1-2-8(12)9(13)5-6/h1-2,5,7,13H,3-4H2,(H,14,15)/t7-/m1/s1",C10H10O3ClI,340,3.03,4.45,2.28,3.33,-150,3.1591031128001976,1
NOc1c(F)cc(cc1c1nc[nH]c1)OCC#CC,27/000000185,"InChI=1S/C13H12FN3O2/c1-2-3-4-18-9-5-10(12-7-16-8-17-12)13(19-15)11(14)6-9/h5-8H,4,15H2,1H3,(H,16,17)",C13H12N3O2F,261,1.49,4.44,3.06,20.8,-140,3.4552053537809275,1
OCc1nsnc1c1c(Br)c(NC(=O)N)ccc1O,12/000000035,"InChI=1S/C10H9BrN4O3S/c11-8-4(13-10(12)18)1-2-6(17)7(8)9-5(3-16)14-19-15-9/h1-2,16-17H,3H2,(H3,12,13,18)",C10H9N4O3SBr,345,0.27,4.44,2.73,22.8,-140,3.145980304471264,1
NOc1c(F)cc(cc1c1nc[nH]c1)CCCCNC,27/000000454,"InChI=1S/C14H19FN4O/c1-17-5-3-2-4-10-6-11(13-8-18-9-19-13)14(20-16)12(15)7-10/h6-9,17H,2-5,16H2,1H3,(H,18,19)",C14H19N4OF,278,1.31,4.44,4.34,3.58,-140,3.1367813824359727,1
O[C@@H](COCCN)/C=C\C=C\c1ccc(c(c1)Br)F,24/000000011,"InChI=1S/C14H17BrFNO2/c15-13-9-11(5-6-14(13)16)3-1-2-4-12(18)10-19-8-7-17/h1-6,9,12,18H,7-8,10,17H2/b3-1+,4-2-/t12-/m1/s1",C14H17NO2FBr,330,2.18,4.44,9.42,3.58,-150,3.209819648696416,1
NOc1c(F)cc(cc1C(=C)COCNC)CC=C,27/000000027,"InChI=1S/C14H19FN2O2/c1-4-5-11-6-12(10(2)8-18-9-17-3)14(19-16)13(15)7-11/h4,6-7,17H,1-2,5,8-9,16H2,3H3",C14H19N2O2F,266,1.27,4.43,2.33,3.58,-40,3.546773203879548,1
N(C[C@H](NN)N)CCCOc1ccc(cc1)N(=O)=O,29/000000006,"InChI=1S/C11H19N5O3/c12-11(15-13)8-14-6-1-7-19-10-4-2-9(3-5-10)16(17)18/h2-5,11,14-15H,1,6-8,12-13H2/t11-/m0/s1",C11H19N5O3,269,0.2,4.43,4.79,2.22,-150,2.9179584005106403,1
NOc1c(F)cc(cc1c1nc([nH]c1)CC)C=S,27/000000425,"InChI=1S/C12H12FN3OS/c1-2-11-15-5-10(16-11)8-3-7(6-18)4-9(13)12(8)17-14/h3-6H,2,14H2,1H3,(H,15,16)",C12H12N3OSF,265,1.36,4.43,1.84,19.9,-140,3.749619733684222,1
OC(=O)/C=C\c1ccc2c(c1CCC)N[C@H](N2)NCCO,5/000000002,"InChI=1S/C15H21N3O3/c1-2-3-11-10(5-7-13(20)21)4-6-12-14(11)18-15(17-12)16-8-9-19/h4-7,15-19H,2-3,8-9H2,1H3,(H,20,21)/b7-5-",C15H19N3O3,289,1.65,4.43,5.02,18.7,-60,3.61535034193823,1
OCc1cc(F)c(c(c1)c1nc([nH]c1)CC(=O)OC)ON,27/000000326,"InChI=1S/C13H14FN3O4/c1-20-12(19)4-11-16-5-10(17-11)8-2-7(6-18)3-9(14)13(8)21-15/h2-3,5,18H,4,6,15H2,1H3,(H,16,17)",C13H14N3O4F,295,-0.13,4.42,1.97,21.4,-140,3.2474759811748752,1
OC(=O)c1sccc1CC/C=C/c1conc1C(=O)[C@@H](CO)S,17/000000001,"InChI=1S/C15H15NO5S2/c17-7-11(22)13(18)12-10(8-21-16-12)4-2-1-3-9-5-6-23-14(9)15(19)20/h2,4-6,8,11,17,22H,1,3,7H2,(H,19,20)/b4-2+/t11-/m1/s1",C15H15NO5S2,353,0.81,4.42,5.36,4.94,-150,3.969256305431654,1
OC(=O)[C@H](c1ccc(c(c1)Cl)CCCCO)C=C,27/000000564,"InChI=1S/C14H17ClO3/c1-2-12(14(17)18)11-7-6-10(13(15)9-11)5-3-4-8-16/h2,6-7,9,12,16H,1,3-5,8H2,(H,17,18)/t12-/m0/s1",C14H17O3Cl,268,2.71,4.4,5.59,3.58,-150,3.006492751228385,1
ON[C@@H](CCO)/C=C/c1cc(F)cc(c1O)F,1/000000139,"InChI=1S/C11H13F2NO3/c12-8-5-7(11(16)10(13)6-8)1-2-9(14-17)3-4-15/h1-2,5-6,9,14-17H,3-4H2/b2-1+/t9-/m1/s1",C11H13NO3F2,245,1.75,4.4,4.69,2.22,-150,3.6389806895492125,1
Sc1c(ONC(=O)CC2CCCC2)c(I)ncc1O,30/000000034,"InChI=1S/C12H15IN2O3S/c13-12-10(11(19)8(16)6-14-12)18-15-9(17)5-7-3-1-2-4-7/h6-7,16H,1-5H2,(H,14,19)(H,15,17)",C12H15N2O3SI,394,2.59,4.39,7.62,17.8,-150,3.425216432639176,1
Oc1ccc(c(c1c1n[nH]c(=S)[nH]1)Br)NC(=O)N,12/000000010,"InChI=1S/C9H8BrN5O2S/c10-6-3(12-8(11)17)1-2-4(16)5(6)7-13-9(18)15-14-7/h1-2,16H,(H3,11,12,17)(H2,13,14,15,18)",C9H8N5O2SBr,330,1.64,4.39,0.21,21.1,-140,3.2517231182996076,1
SS[C@H](CO)/C=C/c1cc(F)cc(c1O)F,1/000000026,"InChI=1S/C10H10F2O2S2/c11-7-3-6(10(14)9(12)4-7)1-2-8(5-13)16-15/h1-4,8,13-15H,5H2/b2-1+/t8-/m0/s1",C10H10O2S2F2,264,2.33,4.38,4.73,2.22,-150,3.939186429988622,1
NOc1c(cc(cc1F)C=S)c1nc([nH]c1)CC(=C)C,27/000000403,"InChI=1S/C14H14FN3OS/c1-8(2)3-13-17-6-12(18-13)10-4-9(7-20)5-11(15)14(10)19-16/h4-7H,1,3,16H2,2H3,(H,17,18)",C14H14N3OSF,291,1.39,4.38,1.43,22.1,-160,3.8911818093774517,1
NOc1c(cccc1F)c1nc([nH]c1)C(=S)CC,27/000000311,"InChI=1S/C12H12FN3OS/c1-2-10(18)12-15-6-9(16-12)7-4-3-5-8(13)11(7)17-14/h3-6H,2,14H2,1H3,(H,15,16)",C12H12N3OSF,265,1.28,4.38,1.93,2.22,-180,3.451320964453453,1
Oc1ccc(c(c1N1C=NOC1)Br)NC(=O)N,12/000000007,"InChI=1S/C9H9BrN4O3/c10-7-5(13-9(11)16)1-2-6(15)8(7)14-3-12-17-4-14/h1-3,15H,4H2,(H3,11,13,16)",C9H9N4O3Br,301,1.52,4.38,0.7,17.2,-140,3.587945796243175,1
OC(=O)CCC[C@H](CO)/C=C/c1cc(F)cc(c1O)F,1/000000042,"InChI=1S/C14H16F2O4/c15-11-6-10(14(20)12(16)7-11)5-4-9(8-17)2-1-3-13(18)19/h4-7,9,17,20H,1-3,8H2,(H,18,19)/b5-4+/t9-/m0/s1",C14H16O4F2,286,2.01,4.38,2.83,3.58,-150,3.2784470714390013,1
Oc1cnc(c(c1CS)c1ccn(c1)C/C=C/C)I,30/000000053,"InChI=1S/C14H15IN2OS/c1-2-3-5-17-6-4-10(8-17)13-11(9-19)12(18)7-16-14(13)15/h2-4,6-8,18-19H,5,9H2,1H3/b3-2+",C14H15N2OSI,386,3.78,4.37,10.13,18.6,-140,3.7685017737131963,1
NOc1c(F)cc(cc1C=C)C/C=C\c1n[nH]nc1,27/000000237,"InChI=1S/C13H13FN4O/c1-2-10-6-9(7-12(14)13(10)19-15)4-3-5-11-8-16-18-17-11/h2-3,5-8H,1,4,15H2,(H,16,17,18)/b5-3-",C13H13N4OF,260,2.64,4.37,6.32,3.58,0,3.5461925332681066,1
NOc1c(cc(cc1F)NC=S)c1nc[nH]c1,27/000000102,"InChI=1S/C10H9FN4OS/c11-8-2-6(15-5-17)1-7(10(8)16-12)9-3-13-4-14-9/h1-5H,12H2,(H,13,14)(H,15,17)",C10H9N4OSF,252,0.45,4.37,1.66,20.1,-120,3.7027444664559415,1
NOc1c(F)cc(cc1c1nc([nH]c1)CC=C)C=S,27/000000512,"InChI=1S/C13H12FN3OS/c1-2-3-12-16-6-11(17-12)9-4-8(7-19)5-10(14)13(9)18-15/h2,4-7H,1,3,15H2,(H,16,17)",C13H12N3OSF,277,1.54,4.37,2.57,21.5,-120,3.880300322334387,1
Oc1ccc(c(c1c1nc(sc1)N)Br)NC(=O)N,12/000000002,"InChI=1S/C10H9BrN4O2S/c11-8-4(14-9(12)17)1-2-6(16)7(8)5-3-18-10(13)15-5/h1-3,16H,(H2,13,15)(H3,12,14,17)",C10H9N4O2SBr,329,0.81,4.36,1.62,3.58,-160,2.7350242172007064,1
Sc1cc(c2nc[nH]c2)c(c(c1)F)ON,27/000000532,"InChI=1S/C9H8FN3OS/c10-7-2-5(15)1-6(9(7)14-11)8-3-12-4-13-8/h1-4,15H,11H2,(H,12,13)",C9H8N3OSF,225,1.3,4.36,2.28,16.9,-120,3.7355485034193014,1
Oc1ccc(c(c1c1nc(sc1CF)N)Br)NC(=O)N,12/000000029,"InChI=1S/C11H10BrFN4O2S/c12-8-4(16-10(14)19)1-2-5(18)7(8)9-6(3-13)20-11(15)17-9/h1-2,18H,3H2,(H2,15,17)(H3,14,16,19)",C11H10N4O2SFBr,361,0.76,4.36,2.84,3.58,-160,3.1642670774427204,1
Oc1cnc(c(c1CCl)C#CC(=O)OCc1[nH]ccc1)I,30/000000078,"InChI=1S/C14H10ClIN2O3/c15-6-11-10(14(16)18-7-12(11)19)3-4-13(20)21-8-9-2-1-5-17-9/h1-2,5,7,17,19H,6,8H2",C14H10N2O3ClI,416,3.1,4.36,7.0,23.0,0,3.679517414434777,1
OC(=O)CS(=O)(=O)CCc1cc(F)c(c(c1)c1nc[nH]c1)ON,27/000000162,"InChI=1S/C13H14FN3O5S/c14-10-4-8(1-2-23(20,21)6-12(18)19)3-9(13(10)22-15)11-5-16-7-17-11/h3-5,7H,1-2,6,15H2,(H,16,17)(H,18,19)",C13H14N3O5SF,343,-0.09,4.35,5.82,3.7,-120,3.331559553193614,1
NOc1c(cccc1F)c1nc([nH]c1)C(=S)C=S,27/000000372,"InChI=1S/C11H8FN3OS2/c12-7-3-1-2-6(10(7)16-13)8-4-14-11(15-8)9(18)5-17/h1-5H,13H2,(H,14,15)",C11H8N3OS2F,281,0.75,4.34,3.65,2.22,-140,3.740420349068838,1
Oc1ccccc1NCc1nc(S)[nH]c(=O)c1C(=O)O,20/000000002,"InChI=1S/C12H11N3O4S/c16-8-4-2-1-3-6(8)13-5-7-9(11(18)19)10(17)15-12(20)14-7/h1-4,13,16H,5H2,(H,18,19)(H2,14,15,17,20)",C12H11N3O4S,293,0.23,4.33,4.88,21.6,0,2.8078436275592704,1
Oc1c(O)c(Cl)cc(c1)[C@H](CC#CCC(=O)O)NN,22/000000032,"InChI=1S/C12H13ClN2O4/c13-8-5-7(6-10(16)12(8)19)9(15-14)3-1-2-4-11(17)18/h5-6,9,15-16,19H,3-4,14H2,(H,17,18)/t9-/m0/s1",C12H13N2O4Cl,284,0.85,4.33,7.11,19.1,-150,3.691548394534374,1
OCC(=O)NC[C@H](c1cccc(c1)F)Br,24/000000003,"InChI=1S/C10H11BrFNO2/c11-9(5-13-10(15)6-14)7-2-1-3-8(12)4-7/h1-4,9,14H,5-6H2,(H,13,15)/t9-/m1/s1",C10H11NO2FBr,276,1.32,4.32,3.6,2.35,-150,2.847803919554421,1
OC(=O)[C@@H](COc1c(O)ccc(c1)F)c1nnc[nH]1,22/000000031,"InChI=1S/C11H10FN3O4/c12-6-1-2-8(16)9(3-6)19-4-7(11(17)18)10-13-5-14-15-10/h1-3,5,7,16H,4H2,(H,17,18)(H,13,14,15)/t7-/m0/s1",C11H10N3O4F,267,1.76,4.32,3.97,3.58,-150,3.372412682078129,1
OC(=O)c1c(F)ccc(c1)[C@H](CNC(=O)c1cocc1)O,22/000000003,"InChI=1S/C14H12FNO5/c15-11-2-1-8(5-10(11)14(19)20)12(17)6-16-13(18)9-3-4-21-7-9/h1-5,7,12,17H,6H2,(H,16,18)(H,19,20)/t12-/m0/s1",C14H12NO5F,293,0.91,4.32,1.15,3.58,-150,2.70673687702792,1
C1=Nc2c(N(=O)=O)cc(cc2CO1)NC(=O)N,12/000000033,"InChI=1S/C9H8N4O4/c10-9(14)12-6-1-5-3-17-4-11-8(5)7(2-6)13(15)16/h1-2,4H,3H2,(H3,10,12,14)",C9H8N4O4,236,-0.38,4.32,1.16,19.0,-120,3.2811150270124063,1
NOc1c(F)cc(cc1c1nc([nH]c1)COC)CC,27/000000519,"InChI=1S/C13H16FN3O2/c1-3-8-4-9(13(19-15)10(14)5-8)11-6-16-12(17-11)7-18-2/h4-6H,3,7,15H2,1-2H3,(H,16,17)",C13H16N3O2F,265,1.12,4.32,2.25,3.58,-200,3.257685808546288,1
Sc1cc(c(cc1CC#CCO)Br)NC1=NCCO1,16/000000033,"InChI=1S/C13H13BrN2O2S/c14-10-7-9(3-1-2-5-17)12(19)8-11(10)16-13-15-4-6-18-13/h7-8,17,19H,3-6H2,(H,15,16)",C13H13N2O2SBr,341,2.55,4.32,7.02,19.9,0,3.66668227685785,1
O[C@@H](COCCNN)c1ccc(c(c1)Cl)C(=O)C=C,27/000000205,"InChI=1S/C13H17ClN2O3/c1-2-12(17)10-4-3-9(7-11(10)14)13(18)8-19-6-5-16-15/h2-4,7,13,16,18H,1,5-6,8,15H2/t13-/m0/s1",C13H17N2O3Cl,284,0.87,4.31,2.26,3.72,-150,3.2153697659231657,1
OC(=O)[C@@H](N)C#Cc1c(N(=O)=O)ccc(c1F)Cl,9/000000042,"InChI=1S/C10H6ClFN2O4/c11-6-2-4-8(14(17)18)5(9(6)12)1-3-7(13)10(15)16/h2,4,7H,13H2,(H,15,16)/t7-/m0/s1",C10H6N2O4FCl,272,1.73,4.31,2.15,2.64,-150,3.626058595110946,1
NOc1c(cc(cc1F)CCC)c1nc[nH]c1,27/000000256,"InChI=1S/C12H14FN3O/c1-2-3-8-4-9(11-6-15-7-16-11)12(17-14)10(13)5-8/h4-7H,2-3,14H2,1H3,(H,15,16)",C12H14N3OF,235,1.76,4.31,4.09,3.58,-140,3.1575781203020954,1
C=CNc1cc(OC/C=C\[C@H](NC)N)ccc1N(=O)=O,29/000000008,"InChI=1S/C13H18N4O3/c1-3-16-11-9-10(6-7-12(11)17(18)19)20-8-4-5-13(14)15-2/h3-7,9,13,15-16H,1,8,14H2,2H3/b5-4-/t13-/m0/s1",C13H18N4O3,278,1.61,4.31,7.62,2.48,-170,3.6656846005765304,1
OC(=O)[C@H](C)c1ccc(c(c1)O)I,22/000000028,"InChI=1S/C9H9IO3/c1-5(9(12)13)6-2-3-7(10)8(11)4-6/h2-5,11H,1H3,(H,12,13)/t5-/m1/s1",C9H9O3I,292,2.33,4.31,2.96,3.33,-170,2.814156395588819,1
Oc1cnc(c(c1S)c1nccc(c1)Br)I,30/000000067,"InChI=1S/C10H6BrIN2OS/c11-5-1-2-13-6(3-5)8-9(16)7(15)4-14-10(8)12/h1-4,15H,(H,14,16)",C10H6N2OSBrI,409,3.47,4.31,7.2,13.5,-160,3.412498824998682,1
N(Cc1cc(cc2c1C(=O)N(C2=O)C(=O)N(=O)=O)CCCl)N,12/000000015,"InChI=1S/C12H11ClN4O5/c13-2-1-6-3-7(5-15-14)9-8(4-6)10(18)16(11(9)19)12(20)17(21)22/h3-4,15H,1-2,5,14H2",C12H11N4O5Cl,326,0.55,4.31,5.61,24.1,-40,3.3757254432363,1
Oc1c(F)cc(cc1CS[C@@H](S(=O)(=O)NO)NCO)F,1/000000118,"InChI=1S/C9H12F2N2O5S2/c10-6-1-5(8(15)7(11)2-6)3-19-9(12-4-14)20(17,18)13-16/h1-2,9,12-16H,3-4H2/t9-/m0/s1",C9H12N2O5S2F2,330,0.06,4.3,4.5,24.0,-150,3.939816834380463,1
Oc1c(cc(cc1F)F)/C=C/[C@H](CC)ON,1/000000153,"InChI=1S/C11H13F2NO2/c1-2-9(16-14)4-3-7-5-8(12)6-10(13)11(7)15/h3-6,9,15H,2,14H2,1H3/b4-3+/t9-/m0/s1",C11H13NO2F2,229,2.1,4.29,4.09,2.22,-170,3.597131689380392,1
OC(=O)[C@@H](c1ccc(c(c1)O)I)OC(=O)CC(=O)NO,22/000000045,"InChI=1S/C11H10INO7/c12-6-2-1-5(3-7(6)14)10(11(17)18)20-9(16)4-8(15)13-19/h1-3,10,14,19H,4H2,(H,13,15)(H,17,18)/t10-/m1/s1",C11H10NO7I,395,0.41,4.28,1.92,4.69,-170,3.2357817110132645,1
C(=C)CCOCc1nc(c[nH]1)c1cccc(c1ON)F,27/000000453,"InChI=1S/C14H16FN3O2/c1-2-3-7-19-9-13-17-8-12(18-13)10-5-4-6-11(15)14(10)20-16/h2,4-6,8H,1,3,7,9,16H2,(H,17,18)",C14H16N3O2F,277,1.41,4.28,2.26,3.58,-160,3.2930097225169437,1
Sc1c(c(I)ncc1O)c1cncc(c1)Cl,30/000000095,"InChI=1S/C10H6ClIN2OS/c11-6-1-5(2-13-3-6)8-9(16)7(15)4-14-10(8)12/h1-4,15H,(H,14,16)",C10H6N2OSClI,364,3.21,4.27,6.97,13.5,-160,3.2831222515721086,1
NOc1c(F)cc(cc1c1nn[nH]c1)COCCN,27/000000006,"InChI=1S/C11H14FN5O2/c12-9-4-7(6-18-2-1-13)3-8(11(9)19-14)10-5-15-17-16-10/h3-5H,1-2,6,13-14H2,(H,15,16,17)",C11H14N5O2F,267,-0.32,4.27,3.67,21.1,-120,3.410282276857851,1
ONC/C=C/c1cc(F)cc(c1O)F,1/000000008,"InChI=1S/C9H9F2NO2/c10-7-4-6(2-1-3-12-14)9(13)8(11)5-7/h1-2,4-5,12-14H,3H2/b2-1+",C9H9NO2F2,201,2.0,4.26,2.71,2.22,0,2.9852490067447697,1
OC(=O)/C=C/c1nc(n[nH]1)c1ccnc(c1F)Cl,18/000000002,"InChI=1S/C10H6ClFN4O2/c11-9-8(12)5(3-4-13-9)10-14-6(15-16-10)1-2-7(17)18/h1-4H,(H,17,18)(H,14,15,16)/b2-1+",C10H6N4O2FCl,268,1.72,4.26,5.17,22.6,-120,2.9901332721457603,1
Oc1c(cc(cc1F)F)/C=C/[C@H](CCOCC)CO,1/000000045,"InChI=1S/C14H18F2O3/c1-2-19-6-5-10(9-17)3-4-11-7-12(15)8-13(16)14(11)18/h3-4,7-8,10,17-18H,2,5-6,9H2,1H3/b4-3+/t10-/m1/s1",C14H18O3F2,272,2.35,4.26,1.03,2.22,-190,3.3710511268699115,1
ON[C@@H](CCNCN)/C=C/c1cc(F)cc(c1O)F,1/000000114,"InChI=1S/C12H17F2N3O2/c13-9-5-8(12(18)11(14)6-9)1-2-10(17-19)3-4-16-7-15/h1-2,5-6,10,16-19H,3-4,7,15H2/b2-1+/t10-/m1/s1",C12H17N3O2F2,273,1.43,4.26,5.98,2.22,-150,3.8611330795326335,1
OC(=O)/C=C/c1c(S)cc(c(c1)Br)NC(=O)N,16/000000001,"InChI=1S/C10H9BrN2O3S/c11-6-3-5(1-2-9(14)15)8(17)4-7(6)13-10(12)16/h1-4,17H,(H,14,15)(H3,12,13,16)/b2-1+",C10H9N2O3SBr,317,1.46,4.25,7.13,3.58,0,2.868165043379017,1
OC(=O)[C@@H](c1ccc(c(c1)O)I)OC(=O)CCCl,22/000000033,"InChI=1S/C11H10ClIO5/c12-4-3-9(15)18-10(11(16)17)6-1-2-7(13)8(14)5-6/h1-2,5,10,14H,3-4H2,(H,16,17)/t10-/m1/s1",C11H10O5ClI,384,2.45,4.25,0.8,4.69,-170,3.138921381526658,1
Oc1cc(c2nc([nH]c2)CCO)c(c(c1)F)ON,27/000000104,"InChI=1S/C11H12FN3O3/c12-8-4-6(17)3-7(11(8)18-13)9-5-14-10(15-9)1-2-16/h3-5,16-17H,1-2,13H2,(H,14,15)",C11H12N3O3F,253,-0.13,4.25,1.82,18.0,-140,3.4664769644534523,1
OC(=O)[C@@H](c1ccc(c(c1)O)I)Br,22/000000029,"InChI=1S/C8H6BrIO3/c9-7(8(12)13)4-1-2-5(10)6(11)3-4/h1-3,7,11H,(H,12,13)/t7-/m1/s1",C8H6O3BrI,357,2.65,4.25,3.15,2.22,-150,3.2205206489824842,1
NOc1c(cc(cc1F)CC(=O)OC)c1nc[nH]c1,27/000000097,"InChI=1S/C12H12FN3O3/c1-18-11(17)4-7-2-8(10-5-15-6-16-10)12(19-14)9(13)3-7/h2-3,5-6H,4,14H2,1H3,(H,15,16)",C12H12N3O3F,265,0.67,4.24,3.47,3.58,-140,3.12697289127488,1
Oc1cc(NC(=O)N)cc(c1O)Br,10/000000008,"InChI=1S/C7H7BrN2O3/c8-4-1-3(10-7(9)13)2-5(11)6(4)12/h1-2,11-12H,(H3,9,10,13)",C7H7N2O3Br,247,0.38,4.24,-0.36,2.22,0,2.3383813789681014,1
OC(=O)[C@@H](/C=C\COc1ccc(c(c1)NC=C)N(=O)=O)N,29/000000011,"InChI=1S/C13H15N3O5/c1-2-15-11-8-9(5-6-12(11)16(19)20)21-7-3-4-10(14)13(17)18/h2-6,8,10,15H,1,7,14H2,(H,17,18)/b4-3-/t10-/m1/s1",C13H15N3O5,293,1.0,4.24,7.48,2.48,-180,3.470951549651124,1
Oc1cnc(c(c1S)c1cscc1)I,30/000000056,"InChI=1S/C9H6INOS2/c10-9-7(5-1-2-14-4-5)8(13)6(12)3-11-9/h1-4,12H,(H,11,13)",C9H6NOS2I,335,3.19,4.23,7.22,15.7,-120,3.453845082733558,1
ONC(=O)/C(=C\c1n[nH]c(n1)CCl)/C,14/000000004,"InChI=1S/C7H9ClN4O2/c1-4(7(13)12-14)2-5-9-6(3-8)11-10-5/h2,14H,3H2,1H3,(H,12,13)(H,9,10,11)/b4-2-",C7H9N4O2Cl,216,0.12,4.22,1.86,2.22,-40,3.6743465775949726,1
OC(=O)[C@H](c1ccc(c(c1)Cl)CO)C=C,27/000000576,"InChI=1S/C11H11ClO3/c1-2-9(11(14)15)7-3-4-8(6-13)10(12)5-7/h2-5,9,13H,1,6H2,(H,14,15)/t9-/m0/s1",C11H11O3Cl,226,1.83,4.22,3.85,2.22,-150,3.1162631128001985,1
OC(=O)Cc1ccc(c(c1)Cl)c1nn[nH]c1,27/000000581,"InChI=1S/C10H8ClN3O2/c11-8-3-6(4-10(15)16)1-2-7(8)9-5-12-14-13-9/h1-3,5H,4H2,(H,15,16)(H,12,13,14)",C10H8N3O2Cl,237,2.1,4.22,4.27,3.58,-120,2.732028475348333,1
NOc1c(cccc1F)c1nc([nH]c1CC)C=S,27/000000285,"InChI=1S/C12H12FN3OS/c1-2-9-11(16-10(6-18)15-9)7-4-3-5-8(13)12(7)17-14/h3-6H,2,14H2,1H3,(H,15,16)",C12H12N3OSF,265,1.37,4.22,5.54,2.22,-140,3.4294135798380676,1
Sc1c(c(I)ncc1O)c1noc(c1)C(=O)CC,30/000000092,"InChI=1S/C11H9IN2O3S/c1-2-6(15)8-3-5(14-17-8)9-10(18)7(16)4-13-11(9)12/h3-4,16H,2H2,1H3,(H,13,18)",C11H9N2O3SI,376,2.59,4.21,6.76,19.8,-140,3.485494232899293,1
OC(=O)[C@H](c1ccc(c(c1)Cl)CN)C=C,27/000000539,"InChI=1S/C11H12ClNO2/c1-2-9(11(14)15)7-3-4-8(6-13)10(12)5-7/h2-5,9H,1,6,13H2,(H,14,15)/t9-/m0/s1",C11H12NO2Cl,225,1.77,4.21,3.84,2.22,-150,3.137063497415582,1
Sc1c(ONC(=O)C/C=C/CC)c(I)ncc1O,30/000000036,"InChI=1S/C11H13IN2O3S/c1-2-3-4-5-8(16)14-17-9-10(18)7(15)6-13-11(9)12/h3-4,6,15H,2,5H2,1H3,(H,13,18)(H,14,16)/b4-3+",C11H13N2O3SI,380,2.31,4.21,7.68,17.8,-20,3.869595017828649,1
OC(=O)[C@@H](c1ccc(c(c1)O)I)C=S,22/000000034,"InChI=1S/C9H7IO3S/c10-7-2-1-5(3-8(7)11)6(4-14)9(12)13/h1-4,6,11H,(H,12,13)/t6-/m1/s1",C9H7O3SI,322,2.12,4.2,3.67,3.33,-150,3.671641037068878,1
Oc1c(cc(cc1F)F)/C=C/[C@H](CONCC)CO,1/000000154,"InChI=1S/C13H17F2NO3/c1-2-16-19-8-9(7-17)3-4-10-5-11(14)6-12(15)13(10)18/h3-6,9,16-18H,2,7-8H2,1H3/b4-3+/t9-/m0/s1",C13H17NO3F2,273,2.34,4.2,2.04,2.22,-190,3.797067990775238,1
N(Cc1cc(Br)cc2c1C(=O)N(C2=O)C(=O)N(=O)=O)N,12/000000018,"InChI=1S/C10H7BrN4O5/c11-5-1-4(3-13-12)7-6(2-5)8(16)14(9(7)17)10(18)15(19)20/h1-2,13H,3,12H2",C10H7N4O5Br,343,0.53,4.2,5.95,5.09,-40,3.3159825588166916,1
NOc1c(cc(cc1F)c1ccccc1)/C=C/c1nn[nH]n1,27/000000513,"InChI=1S/C15H12FN5O/c16-13-9-12(10-4-2-1-3-5-10)8-11(15(13)22-17)6-7-14-18-20-21-19-14/h1-9H,17H2,(H,18,19,20,21)/b7-6+",C15H12N5OF,297,3.32,4.2,2.52,23.1,-160,2.7957529244944492,1
O=C1OC[C@H](C(=C1)C#Cc1ccc(cc1)N)C(=O)O,11/000000001,"InChI=1S/C14H11NO4/c15-11-5-2-9(3-6-11)1-4-10-7-13(16)19-8-12(10)14(17)18/h2-3,5-7,12H,8,15H2,(H,17,18)/t12-/m1/s1",C14H10NO4,256,0.6,4.19,1.94,19.6,-150,3.461291927361147,1
Oc1ccc(c(c1c1nc(sc1)NCCC=C)Br)NC(=O)N,12/000000027,"InChI=1S/C14H15BrN4O2S/c1-2-3-6-17-14-19-9(7-22-14)11-10(20)5-4-8(12(11)15)18-13(16)21/h2,4-5,7,20H,1,3,6H2,(H,17,19)(H3,16,18,21)",C14H15N4O2SBr,383,2.05,4.19,3.06,3.58,-140,2.8912315539080673,1
C1=C(C#Cc2ccc(c(c2)C(=O)O)N)[C@@H](COC1=O)C(=O)O,11/000000005,"InChI=1S/C15H11NO6/c16-12-4-2-8(5-10(12)14(18)19)1-3-9-6-13(17)22-7-11(9)15(20)21/h2,4-6,11H,7,16H2,(H,18,19)(H,20,21)/t11-/m1/s1",C15H9NO6,299,-0.23,4.19,3.99,23.6,-150,3.515610274259962,1
NOc1c(cccc1F)c1nc([nH]c1C=C)C=S,27/000000508,"InChI=1S/C12H10FN3OS/c1-2-9-11(16-10(6-18)15-9)7-4-3-5-8(13)12(7)17-14/h2-6H,1,14H2,(H,15,16)",C12H10N3OSF,263,1.41,4.19,4.62,2.22,-140,3.7146803490688374,1
Oc1c(cc(cc1F)F)/C=C/[C@H](CN)CO,1/000000032,"InChI=1S/C11H13F2NO2/c12-9-3-8(11(16)10(13)4-9)2-1-7(5-14)6-15/h1-4,7,15-16H,5-6,14H2/b2-1+/t7-/m1/s1",C11H13NO2F2,229,0.98,4.19,3.87,2.22,-150,3.516366751992198,1
Oc1ccc(c(c1n1cn[nH]c1=O)Br)NC(=O)N,12/000000009,"InChI=1S/C9H8BrN5O3/c10-6-4(13-8(11)17)1-2-5(16)7(6)15-3-12-14-9(15)18/h1-3,16H,(H,14,18)(H3,11,13,17)",C9H8N5O3Br,314,0.31,4.19,1.16,19.6,-160,3.0435221763843794,1
Sc1c(/C=C/C=C/CCOC(=O)C)cc(c(c1)CCS)Br,16/000000013,"InChI=1S/C16H19BrO2S2/c1-12(18)19-8-5-3-2-4-6-14-10-15(17)13(7-9-20)11-16(14)21/h2-4,6,10-11,20-21H,5,7-9H2,1H3/b3-2+,6-4+",C16H19O2S2Br,387,4.89,4.19,7.22,5.09,-53,3.3980982623419838,1
Oc1cnc(c(c1C=C)C#CC(=O)OCc1[nH]ccc1)I,30/000000041,"InChI=1S/C15H11IN2O3/c1-2-11-12(15(16)18-8-13(11)19)5-6-14(20)21-9-10-4-3-7-17-10/h2-4,7-8,17,19H,1,9H2",C15H11N2O3I,394,3.15,4.19,8.13,22.9,0,3.744282212348727,1
OC(=O)C[C@H](c1ccc(c(c1)O)I)C(=O)O,22/000000038,"InChI=1S/C10H9IO5/c11-7-2-1-5(3-8(7)12)6(10(15)16)4-9(13)14/h1-3,6,12H,4H2,(H,13,14)(H,15,16)/t6-/m1/s1",C10H9O5I,336,1.44,4.19,2.54,3.58,-150,2.8964504473665915,1
Oc1c(cc(cc1F)F)/C=C/[C@@H](CO)S,1/000000095,"InChI=1S/C10H10F2O2S/c11-7-3-6(1-2-8(15)5-13)10(14)9(12)4-7/h1-4,8,13-15H,5H2/b2-1+/t8-/m0/s1",C10H10O2SF2,232,2.07,4.18,3.26,2.22,-150,3.713316189723276,1
Oc1cc(c2nc[nH]c2)c(c(c1)F)ON,27/000000044,"InChI=1S/C9H8FN3O2/c10-7-2-5(14)1-6(9(7)15-11)8-3-12-4-13-8/h1-4,14H,11H2,(H,12,13)",C9H8N3O2F,209,0.52,4.18,2.66,15.6,-120,3.394310041880839,1
OC(=O)/C(=C/c1ccc(cc1O)[C@@H](NCC)C=C)/C(=O)O,26/000000001,"InChI=1S/C15H17NO5/c1-3-12(16-4-2)9-5-6-10(13(17)8-9)7-11(14(18)19)15(20)21/h3,5-8,12,16-17H,1,4H2,2H3,(H,18,19)(H,20,21)/t12-/m0/s1",C15H16NO5,290,1.01,4.18,8.29,5.09,-200,3.4680192188240557,1
OCc1cc2ncoc2c(c1N(=O)=O)O,27/000000062,"InChI=1S/C8H6N2O5/c11-2-4-1-5-8(15-3-9-5)7(12)6(4)10(13)14/h1,3,11-12H,2H2",C8H6N2O5,210,-0.12,4.18,1.08,15.8,-40,3.2416584471341228,1
OCNCc1occ(n1)c1c(N=O)ccc(c1F)Cl,9/000000043,"InChI=1S/C11H9ClFN3O3/c12-6-1-2-7(16-18)10(11(6)13)8-4-19-9(15-8)3-14-5-17/h1-2,4,14,17H,3,5H2",C11H9N3O3FCl,285,1.39,4.18,1.85,2.35,-160,3.3507084500557216,1
Oc1ccc(c(c1c1ncncc1)Br)NC(=O)N,12/000000005,"InChI=1S/C11H9BrN4O2/c12-10-7(16-11(13)18)1-2-8(17)9(10)6-3-4-14-5-15-6/h1-5,17H,(H3,13,16,18)",C11H9N4O2Br,309,0.53,4.17,1.06,14.9,-180,2.6253341952226847,1
ON(c1ccc(cc1F)C[C@@H](C)c1nncs1)C(=O)NC=C,27/000000592,"InChI=1S/C14H15FN4O2S/c1-3-16-14(20)19(21)12-5-4-10(7-11(12)15)6-9(2)13-18-17-8-22-13/h3-5,7-9,21H,1,6H2,2H3,(H,16,20)/t9-/m1/s1",C14H15N4O2SF,322,2.49,4.17,5.62,3.58,-170,3.8218526576143113,1
OC/C=C\C=C\c1ccc(c(c1[C@H](C)O)Br)F,24/000000009,"InChI=1S/C13H14BrFO2/c1-9(17)12-10(5-3-2-4-8-16)6-7-11(15)13(12)14/h2-7,9,16-17H,8H2,1H3/b4-2-,5-3+/t9-/m0/s1",C13H14O2FBr,301,2.76,4.17,6.6,2.48,-170,3.554139886873627,1
Sc1ccc(cc1[C@H](Cc1ccc(c(c1)N(=O)=O)O)O)F,26/000000016,"InChI=1S/C14H12FNO4S/c15-9-2-4-14(21)10(7-9)13(18)6-8-1-3-12(17)11(5-8)16(19)20/h1-5,7,13,17-18,21H,6H2/t13-/m0/s1",C14H12NO4SF,309,3.21,4.17,4.42,3.58,-150,2.9923143026875607,1
Oc1c(O)c(Br)cc(c1)/C=C/N(=O)=O,10/000000006,"InChI=1S/C8H6BrNO4/c9-6-3-5(1-2-10(13)14)4-7(11)8(6)12/h1-4,11-12H/b2-1+",C8H6NO4Br,260,2.17,4.17,-0.17,2.35,-60,2.7831629141744667,1
NOc1ccc(cc1F)CO[C@@H](CN)c1cccc(c1)CF,27/000000357,"InChI=1S/C16H18F2N2O2/c17-8-11-2-1-3-13(6-11)16(9-19)21-10-12-4-5-15(22-20)14(18)7-12/h1-7,16H,8-10,19-20H2/t16-/m0/s1",C16H18N2O2F2,308,1.79,4.17,4.43,3.98,-150,3.0972768003145514,1
Sc1ccc(cc1Cl)[C@H](COCCNN)O,27/000000058,"InChI=1S/C10H15ClN2O2S/c11-8-5-7(1-2-10(8)16)9(14)6-15-4-3-13-12/h1-2,5,9,13-14,16H,3-4,6,12H2/t9-/m0/s1",C10H15N2O2SCl,262,1.12,4.16,2.0,3.72,-150,3.4335833644495084,1
OC(=O)Cc1ccc(cc1Cl)[C@H](C=C)C(=O)O,27/000000580,"InChI=1S/C12H11ClO4/c1-2-9(12(16)17)7-3-4-8(6-11(14)15)10(13)5-7/h2-5,9H,1,6H2,(H,14,15)(H,16,17)/t9-/m0/s1",C12H11O4Cl,254,2.07,4.16,4.58,3.58,-150,2.996086575836838,1
Sc1nnc(o1)c1snnc1CN,12/000000038,"InChI=1S/C5H5N5OS2/c6-1-2-3(13-10-7-2)4-8-9-5(12)11-4/h1,6H2,(H,9,12)",C5H5N5OS2,215,1.78,4.16,2.32,23.0,-80,3.593225612794689,1
SCc1cc2C(=O)N(C(=O)c2c(c1)CNN)C(=O)N(=O)=O,12/000000019,"InChI=1S/C11H10N4O5S/c12-13-3-6-1-5(4-21)2-7-8(6)10(17)14(9(7)16)11(18)15(19)20/h1-2,13,21H,3-4,12H2",C11H10N4O5S,310,0.1,4.16,6.49,24.3,-40,3.5511386753772243,1
c1c(OC/C=C\CN)cc(c(c1)N(=O)=O)NS(=O)=O,29/000000003,"InChI=1S/C10H13N3O5S/c11-5-1-2-6-18-8-3-4-10(13(14)15)9(7-8)12-19(16)17/h1-4,7,19H,5-6,11H2,(H,12,16,17)/b2-1-",C10H13N3O5S,287,0.1,4.16,4.89,20.5,0,3.3711613695600207,1
OCCOc1cc(F)c(c(c1)c1nc[nH]c1)ON,27/000000116,"InChI=1S/C11H12FN3O3/c12-9-4-7(17-2-1-16)3-8(11(9)18-13)10-5-14-6-15-10/h3-6,16H,1-2,13H2,(H,14,15)",C11H12N3O3F,253,0.13,4.16,2.34,18.0,-120,3.1725882766706466,1
C#CCOc1c(N)cc(c(c1)N[C@H](N)N)N(=O)=O,29/000000013,"InChI=1S/C10H13N5O3/c1-2-3-18-9-5-7(14-10(12)13)8(15(16)17)4-6(9)11/h1,4-5,10,14H,3,11-13H2",C10H11N5O3,249,-0.01,4.15,5.01,20.3,0,3.003761579838068,1
O=C(Nc1cc(OC)ccc1N(=O)=O)N,29/000000014,"InChI=1S/C8H9N3O4/c1-15-5-2-3-7(11(13)14)6(4-5)10-8(9)12/h2-4H,1H3,(H3,9,10,12)",C8H9N3O4,211,0.21,4.15,4.27,2.22,-20,1.9338846572654553,1
Sc1c(O)cnc(c1C/C=C/C)I,30/000000037,"InChI=1S/C9H10INOS/c1-2-3-4-6-8(13)7(12)5-11-9(6)10/h2-3,5,12H,4H2,1H3,(H,11,13)/b3-2+",C9H10NOSI,307,2.87,4.15,6.54,11.8,-20,3.8361953544044294,1
c1cc(c2nnc(o2)CNC(=C)c2n[nH]cc2)ccc1C[NH3+],26/000000013,"InChI=1S/C15H16N6O/c1-10(13-6-7-18-19-13)17-9-14-20-21-15(22-14)12-4-2-11(8-16)3-5-12/h2-7,17H,1,8-9,16H2,(H,18,19)/p+1",C15H17N6O,297,2.91,4.15,2.71,25.0,-120,3.4846423475713735,1
OC(=O)CC(=O)Oc1cc(Br)c(cc1S)S,16/000000022,"InChI=1S/C9H7BrO4S2/c10-4-1-5(7(16)2-6(4)15)14-9(13)3-8(11)12/h1-2,15-16H,3H2,(H,11,12)",C9H7O4S2Br,323,2.56,4.15,7.06,2.22,0,3.243218805018662,1
Oc1c(Cl)c(ncc1O)[C@@H](CF)N,1/000000143,"InChI=1S/C7H8ClFN2O2/c8-5-6(3(10)1-9)11-2-4(12)7(5)13/h2-3,12H,1,10H2,(H,11,13)/t3-/m1/s1",C7H8N2O2FCl,206,0.52,4.14,2.61,2.47,-150,3.870499834502846,1
NOc1c(cccc1F)c1nc([nH]c1)C=S,27/000000227,"InChI=1S/C10H8FN3OS/c11-7-3-1-2-6(10(7)15-12)8-4-13-9(5-16)14-8/h1-5H,12H2,(H,13,14)",C10H8N3OSF,237,0.88,4.14,3.26,2.22,-120,3.5784838599637165,1
NOc1c(F)cccc1c1nc[nH]c1,27/000000067,"InChI=1S/C9H8FN3O/c10-7-3-1-2-6(9(7)14-11)8-4-12-5-13-8/h1-5H,11H2,(H,12,13)",C9H8N3OF,193,0.92,4.14,3.23,2.22,-120,3.123803277999831,1
C(=C)Cc1cc(c(c(c1)F)ON)/C=C/c1nn[nH]n1,27/000000447,"InChI=1S/C12H12FN5O/c1-2-3-8-6-9(12(19-14)10(13)7-8)4-5-11-15-17-18-16-11/h2,4-7H,1,3,14H2,(H,15,16,17,18)/b5-4+",C12H12N5OF,261,2.04,4.13,0.61,3.58,0,3.345536123011696,1
Oc1c(F)ccc(c1)C[C@@H](CCSCn1cnnc1)S,15/000000001,"InChI=1S/C13H16FN3OS2/c14-12-2-1-10(6-13(12)18)5-11(19)3-4-20-9-17-7-15-16-8-17/h1-2,6-8,11,18-19H,3-5,9H2/t11-/m1/s1",C13H16N3OS2F,313,4.49,4.13,6.81,3.58,-150,3.8723184614524966,1
Oc1cnc(c(c1CS)c1ccn(c1)CCl)I,30/000000069,"InChI=1S/C11H10ClIN2OS/c12-6-15-2-1-7(4-15)10-8(5-17)9(16)3-14-11(10)13/h1-4,16-17H,5-6H2",C11H10N2OSClI,380,3.26,4.12,8.4,17.5,-120,3.804794241415024,1
Sc1cc(NC(N)N)c(cc1CCCc1oncc1)Br,16/000000042,"InChI=1S/C13H17BrN4OS/c14-10-6-8(2-1-3-9-4-5-17-19-9)12(20)7-11(10)18-13(15)16/h4-7,13,18,20H,1-3,15-16H2",C13H16N4OSBr,356,2.92,4.12,5.28,21.3,0,3.4190248613255028,1
OCC#CCc1cc(Br)c(cc1S)NC(=O)C,16/000000019,"InChI=1S/C12H12BrNO2S/c1-8(16)14-11-7-12(17)9(6-10(11)13)4-2-3-5-15/h6-7,15,17H,4-5H2,1H3,(H,14,16)",C12H12NO2SBr,314,2.12,4.12,6.62,3.85,-20,3.1175020333455734,1
OCN[C@H](c1ccc(c(c1)NC(=O)N)N(=O)=O)C=C,29/000000001,"InChI=1S/C11H14N4O4/c1-2-8(13-6-16)7-3-4-10(15(18)19)9(5-7)14-11(12)17/h2-5,8,13,16H,1,6H2,(H3,12,14,17)/t8-/m0/s1",C11H14N4O4,266,-0.29,4.12,5.4,19.2,-150,3.411717625303604,1
Sc1cc(I)c(cc1COC(=O)CCN1C=CCN1)Br,16/000000034,"InChI=1S/C13H14BrIN2O2S/c14-10-6-9(12(20)7-11(10)15)8-19-13(18)2-5-17-4-1-3-16-17/h1,4,6-7,16,20H,2-3,5,8H2",C13H14N2O2SBrI,469,4.03,4.12,2.84,3.72,-22,3.6969863997870416,1
OC(=O)/C(=C/c1cc(SCS)ccc1O)/C(=O)O,26/000000007,"InChI=1S/C11H10O5S2/c12-9-2-1-7(18-5-17)3-6(9)4-8(10(13)14)11(15)16/h1-4,12,17H,5H2,(H,13,14)(H,15,16)",C11H9O5S2,285,1.59,4.12,6.92,3.72,0,3.0372663875303765,1
OC(=O)CN[C@@H]1Nc2c(N1)c(ccc2)CCCCS,5/000000004,"InChI=1S/C13H19N3O2S/c17-11(18)8-14-13-15-10-6-3-5-9(12(10)16-13)4-1-2-7-19/h3,5-6,13-16,19H,1-2,4,7-8H2,(H,17,18)",C13H17N3O2S,279,2.11,4.12,5.71,3.58,-40,3.5526007323925946,1
Oc1c(cc(cc1F)F)/C=C/[C@H](CCO)CO,1/000000011,"InChI=1S/C12H14F2O3/c13-10-5-9(12(17)11(14)6-10)2-1-8(7-16)3-4-15/h1-2,5-6,8,15-17H,3-4,7H2/b2-1+/t8-/m1/s1",C12H14O3F2,244,1.41,4.12,3.41,2.22,-150,3.4369863751679413,1
Oc1c(I)c(F)cc(c1)CC(=O)O,22/000000012,"InChI=1S/C8H6FIO3/c9-5-1-4(3-7(12)13)2-6(11)8(5)10/h1-2,11H,3H2,(H,12,13)",C8H6O3FI,296,2.27,4.12,3.14,2.22,0,2.520376854081224,1
C=C(NCc1nnc(o1)c1ccc(cc1)C[NH3+])C1=NOCN1,26/000000004,"InChI=1S/C14H16N6O2/c1-9(13-17-8-21-20-13)16-7-12-18-19-14(22-12)11-4-2-10(6-15)3-5-11/h2-5,16H,1,6-8,15H2,(H,17,20)/p+1",C14H17N6O2,301,2.71,4.12,1.64,24.6,-120,3.7690077321867577,1
C(=C\[C@H](c1nnn[nH]1)N)\Cc1cc(C=C)cc(c1Cl)Cl,5/000000001,"InChI=1S/C13H13Cl2N5/c1-2-8-6-9(12(15)10(14)7-8)4-3-5-11(16)13-17-19-20-18-13/h2-3,5-7,11H,1,4,16H2,(H,17,18,19,20)/b5-3-/t11-/m1/s1",C13H13N5Cl2,309,2.42,4.11,5.35,3.58,-150,3.992749635541566,1
OCC(=S)c1nc(c[nH]1)c1cccc(c1ON)F,27/000000482,"InChI=1S/C11H10FN3O2S/c12-7-3-1-2-6(10(7)17-13)8-4-14-11(15-8)9(18)5-16/h1-4,16H,5,13H2,(H,14,15)",C11H10N3O2SF,267,-0.01,4.11,2.54,2.22,-160,3.5399945029149915,1
Sc1cc(I)c(cc1COC(=O)CCn1cc[nH]c1=O)Br,16/000000017,"InChI=1S/C13H12BrIN2O3S/c14-9-5-8(11(21)6-10(9)15)7-20-12(18)1-3-17-4-2-16-13(17)19/h2,4-6,21H,1,3,7H2,(H,16,19)",C13H12N2O3SBrI,483,3.37,4.1,3.5,3.72,0,3.235310463933496,1
NC(=O)Nc1cc(OCCl)ccc1N(=O)=O,29/000000015,"InChI=1S/C8H8ClN3O4/c9-4-16-5-1-2-7(12(14)15)6(3-5)11-8(10)13/h1-3H,4H2,(H3,10,11,13)",C8H7N3O4Cl,244,0.61,4.1,3.35,3.58,0,2.3698057204288325,1
N(Cc1cc(cc2c1C(=O)N(C2=O)C(=O)N(=O)=O)C)N,12/000000023,"InChI=1S/C11H10N4O5/c1-5-2-6(4-13-12)8-7(3-5)9(16)14(10(8)17)11(18)15(19)20/h2-3,13H,4,12H2,1H3",C11H10N4O5,278,-0.04,4.1,5.75,5.09,-60,3.2342327765235135,1
NC(=S)Nc1cc(OCCCNC)ccc1N(=O)=O,29/000000009,"InChI=1S/C11H16N4O3S/c1-13-5-2-6-18-8-3-4-10(15(16)17)9(7-8)14-11(12)19/h3-4,7,13H,2,5-6H2,1H3,(H3,12,14,19)",C11H16N4O3S,284,1.01,4.1,4.48,2.48,-20,2.338259594412092,1
ON(c1cc(S)c(cc1Br)C#CCCC)C(=O)C=C,16/000000043,"InChI=1S/C14H14BrNO2S/c1-3-5-6-7-10-8-11(15)12(9-13(10)19)16(18)14(17)4-2/h4,8-9,18-19H,2-3,5H2,1H3",C14H14NO2SBr,340,3.7,4.1,9.48,20.0,-20,3.731619984248499,1
N=C1N(c2c(I)ncc(c2S)N=O)CCC1,30/000000001,"InChI=1S/C9H9IN4OS/c10-9-7(14-3-1-2-6(14)11)8(16)5(13-15)4-12-9/h4,11H,1-3H2,(H,12,16)/b11-6+",C9H9N4OSI,348,2.43,4.09,8.38,17.7,-120,3.9942418319916886,1
OC(=O)/C=C/C(=O)Nc1c(I)ncc(c1S)O,30/000000058,"InChI=1S/C9H7IN2O4S/c10-9-7(8(17)4(13)3-11-9)12-5(14)1-2-6(15)16/h1-3,13H,(H,11,17)(H,12,14)(H,15,16)/b2-1+",C9H7N2O4SI,366,0.82,4.09,6.78,2.22,0,3.335426581840556,1
OCC1=CCc2c1ccc(c2)C[C@H](CCO)CNN,8/000000009,"InChI=1S/C15H22N2O2/c16-17-9-12(5-6-18)7-11-1-4-15-13(8-11)2-3-14(15)10-19/h1,3-4,8,12,17-19H,2,5-7,9-10,16H2/t12-/m0/s1",C15H22N2O2,262,0.4,4.09,7.68,3.58,-190,3.536569963161825,1
NOc1c(cc(cc1F)CCC)/C=C/c1nn[nH]n1,27/000000506,"InChI=1S/C12H14FN5O/c1-2-3-8-6-9(12(19-14)10(13)7-8)4-5-11-15-17-18-16-11/h4-7H,2-3,14H2,1H3,(H,15,16,17,18)/b5-4+",C12H14N5OF,263,2.22,4.09,2.84,3.58,-20,3.12562586660144,1
Oc1c(cc(cc1F)F)/C=C/[C@@H](CO)N1C(=O)OCC1,1/000000073,"InChI=1S/C13H13F2NO4/c14-9-5-8(12(18)11(15)6-9)1-2-10(7-17)16-3-4-20-13(16)19/h1-2,5-6,10,17-18H,3-4,7H2/b2-1+/t10-/m0/s1",C13H13NO4F2,285,1.43,4.09,2.97,3.58,-150,3.720311453723384,1
Oc1c(cc(cc1F)F)/C=C/[C@H](CS)ON,1/000000134,"InChI=1S/C10H11F2NO2S/c11-7-3-6(10(14)9(12)4-7)1-2-8(5-16)15-13/h1-4,8,14,16H,5,13H2/b2-1+/t8-/m1/s1",C10H11NO2SF2,247,1.99,4.09,4.27,2.22,-150,3.83863437274354,1
Oc1cnc(c(c1)C#CC(=O)OCc1nc([nH]c1)S)I,30/000000014,"InChI=1S/C12H8IN3O3S/c13-11-7(3-9(17)5-14-11)1-2-10(18)19-6-8-4-15-12(20)16-8/h3-5,17H,6H2,(H2,15,16,20)",C12H8N3O3SI,401,2.48,4.09,5.76,23.7,0,3.9484869492375916,1
Sc1ccc(cc1C[C@@H](c1nnn[nH]1)F)Br,16/000000012,"InChI=1S/C9H8BrFN4S/c10-6-1-2-8(16)5(3-6)4-7(11)9-12-14-15-13-9/h1-3,7,16H,4H2,(H,12,13,14,15)/t7-/m0/s1",C9H8N4SFBr,303,2.46,4.08,4.38,2.22,-150,3.8674484693446143,1
ONC(=O)c1c(cnn1[C@@H](CCl)Cl)CCO,27/000000200,"InChI=1S/C8H11Cl2N3O3/c9-3-6(10)13-7(8(15)12-16)5(1-2-14)4-11-13/h4,6,14,16H,1-3H2,(H,12,15)/t6-/m0/s1",C8H11N3O3Cl2,267,0.05,4.08,3.09,19.6,-170,3.9373993101317337,1
NOc1c(cc(cc1F)CCS(=O)(=O)C)/C=C/c1nn[nH]n1,27/000000369,"InChI=1S/C12H14FN5O3S/c1-22(19,20)5-4-8-6-9(12(21-14)10(13)7-8)2-3-11-15-17-18-16-11/h2-3,6-7H,4-5,14H2,1H3,(H,15,16,17,18)/b3-2+",C12H14N5O3SF,327,1.25,4.08,1.53,3.58,-20,3.2381231049799464,1
Sc1cc(I)c(cc1COC(=O)CCc1c(=O)[nH][nH]c1)Br,16/000000018,"InChI=1S/C13H12BrIN2O3S/c14-9-3-8(11(21)4-10(9)15)6-20-12(18)2-1-7-5-16-17-13(7)19/h3-5,21H,1-2,6H2,(H2,16,17,19)",C13H12N2O3SBrI,483,3.78,4.08,4.19,3.72,-2,3.424432214596626,1
OCC#Cc1ccc(cc1)n1cnnc1S,14/000000005,"InChI=1S/C11H9N3OS/c15-7-1-2-9-3-5-10(6-4-9)14-8-12-13-11(14)16/h3-6,8,15H,7H2,(H,13,16)",C11H9N3OS,231,3.16,4.07,3.78,17.9,-120,2.8430976392279312,1
Sc1cccc2c1ncn2CC(NCCS)(F)F,22/000000053,"InChI=1S/C11H13F2N3S2/c12-11(13,15-4-5-17)6-16-7-14-10-8(16)2-1-3-9(10)18/h1-3,7,15,17-18H,4-6H2",C11H13N3S2F2,289,2.86,4.07,0.17,2.22,-190,3.5130221952226837,1
O[C@@H](/C=C/c1cc(Br)c(cc1S)O)C(=O)NC,16/000000027,"InChI=1S/C11H12BrNO3S/c1-13-11(16)8(14)3-2-6-4-7(12)9(15)5-10(6)17/h2-5,8,14-15,17H,1H3,(H,13,16)/b3-2+/t8-/m0/s1",C11H12NO3SBr,318,1.62,4.07,6.88,2.35,-170,3.818151191221453,1
C#Cc1ccc(c2c1nc[nH]2)C(=O)c1nnc([nH]1)S,22/000000067,"InChI=1S/C12H7N5OS/c1-2-6-3-4-7(9-8(6)13-5-14-9)10(18)11-15-12(19)17-16-11/h1,3-5H,(H,13,14)(H2,15,16,17,19)",C12H7N5OS,269,2.8,4.07,2.36,24.3,-40,3.786538687114261,1
OC[C@@H](c1ccc(cc1)N(=O)=O)O,12/000000001,"InChI=1S/C8H9NO4/c10-5-8(11)6-1-3-7(4-2-6)9(12)13/h1-4,8,10-11H,5H2/t8-/m0/s1",C8H9NO4,183,0.5,4.07,3.12,1.0,-150,2.385725678071042,1
Sc1cc(c(cc1CCn1ccc(=O)[nH]c1=O)F)CS,26/000000014,"InChI=1S/C13H13FN2O2S2/c14-10-5-8(11(20)6-9(10)7-19)1-3-16-4-2-12(17)15-13(16)18/h2,4-6,19-20H,1,3,7H2,(H,15,17,18)",C13H13N2O2S2F,312,2.04,4.07,7.63,3.58,0,3.085073837349478,1
OC(=O)Cc1nc2c(o1)cc(c(n2)[C@@H](CF)N=O)C(=O)O,22/000000030,"InChI=1S/C11H8FN3O6/c12-3-5(15-20)9-4(11(18)19)1-6-10(14-9)13-7(21-6)2-8(16)17/h1,5H,2-3H2,(H,16,17)(H,18,19)/t5-/m1/s1",C11H8N3O6F,297,-0.17,4.07,6.17,24.9,-190,3.927332926169342,1
OC(=O)Cc1ccc(c(c1)Cl)N/C=C\C,27/000000583,"InChI=1S/C11H12ClNO2/c1-2-5-13-10-4-3-8(6-9(10)12)7-11(14)15/h2-6,13H,7H2,1H3,(H,14,15)/b5-2-",C11H12NO2Cl,225,2.48,4.07,3.87,2.35,-20,2.3912884658958493,1
Oc1c(cc(cc1F)F)/C=C/[C@H](COC)ON,1/000000147,"InChI=1S/C11H13F2NO3/c1-16-6-9(17-14)3-2-7-4-8(12)5-10(13)11(7)15/h2-5,9,15H,6,14H2,1H3/b3-2+/t9-/m1/s1",C11H13NO3F2,245,1.13,4.06,5.0,2.22,-170,3.644841224666269,1
OC(=O)[C@H](c1ccc(c(c1)Cl)COS(=O)(=O)N)C=S,27/000000578,"InChI=1S/C10H10ClNO5S2/c11-9-3-6(8(5-18)10(13)14)1-2-7(9)4-17-19(12,15)16/h1-3,5,8H,4H2,(H,13,14)(H2,12,15,16)/t8-/m0/s1",C10H10NO5S2Cl,323,0.32,4.06,5.2,3.58,-150,3.5236375529054147,1
Sc1cc(c(cc1C[C@@H](c1scnc1)F)Br)CCNC(=O)C,16/000000016,"InChI=1S/C15H16BrFN2OS2/c1-9(20)19-3-2-10-6-14(21)11(4-12(10)16)5-13(17)15-7-18-8-22-15/h4,6-8,13,21H,2-3,5H2,1H3,(H,19,20)/t13-/m0/s1",C15H16N2OS2FBr,403,3.02,4.06,9.22,3.87,-170,3.761760349922004,1
Sc1cc(S)c(cc1OC(=O)CC(=O)C)Br,16/000000041,"InChI=1S/C10H9BrO3S2/c1-5(12)2-10(13)14-7-3-6(11)8(15)4-9(7)16/h3-4,15-16H,2H2,1H3",C10H9O3S2Br,321,2.83,4.06,6.9,2.22,-20,3.2690319918318487,1
OC(=O)[C@H](c1ccc(c(c1)Cl)COS(=O)(=O)N)NC=C,27/000000572,"InChI=1S/C11H13ClN2O5S/c1-2-14-10(11(15)16)7-3-4-8(9(12)5-7)6-19-20(13,17)18/h2-5,10,14H,1,6H2,(H,15,16)(H2,13,17,18)/t10-/m0/s1",C11H13N2O5SCl,320,0.37,4.06,5.83,3.58,-150,3.3998899838724803,1
O[C@@H](CCC)C#Cc1cc([nH]c1)C(=O)N1C(=O)OCC1=O,2/000000001,"InChI=1S/C14H14N2O5/c1-2-3-10(17)5-4-9-6-11(15-7-9)13(19)16-12(18)8-21-14(16)20/h6-7,10,15,17H,2-3,8H2,1H3/t10-/m0/s1",C14H14N2O5,290,0.76,4.06,5.98,3.58,-170,3.87985464891121,1
OC[C@@H](Cc1c(F)cc(c(c1)NNCc1ncsc1)F)C,2/000000003,"InChI=1S/C14H17F2N3OS/c1-9(6-20)2-10-3-14(13(16)4-12(10)15)19-18-5-11-7-21-8-17-11/h3-4,7-9,18-20H,2,5-6H2,1H3/t9-/m1/s1",C14H17N3OSF2,313,3.09,4.05,3.05,23.5,-170,3.429279155497552,1
OC(=O)/C=C/C(=O)Nc1ccc(c(c1)F)[C@H](C=C)O,24/000000002,"InChI=1S/C13H12FNO4/c1-2-11(16)9-4-3-8(7-10(9)14)15-12(17)5-6-13(18)19/h2-7,11,16H,1H2,(H,15,17)(H,18,19)/b6-5+/t11-/m0/s1",C13H12NO4F,265,0.77,4.05,5.28,3.58,-150,2.9828126479280392,1
Oc1c(cc(cc1F)F)/C=C/[C@H](CNCC(=O)C)CO,1/000000140,"InChI=1S/C14H17F2NO3/c1-9(19)6-17-7-10(8-18)2-3-11-4-12(15)5-13(16)14(11)20/h2-5,10,17-18,20H,6-8H2,1H3/b3-2+/t10-/m1/s1",C14H17NO3F2,285,1.02,4.05,2.75,3.58,-170,3.554567584259515,1
Oc1nc2c([nH]1)c(C=C)cc(c2)NC(=O)N,12/000000037,"InChI=1S/C10H10N4O2/c1-2-5-3-6(12-9(11)15)4-7-8(5)14-10(16)13-7/h2-4H,1H2,(H3,11,12,15)(H2,13,14,16)",C10H10N4O2,218,0.29,4.05,0.86,15.9,-100,3.111634489334346,1
Oc1c(cc(cc1F)F)/C=C/C[C@@H](CO)O,1/000000038,"InChI=1S/C11H12F2O3/c12-8-4-7(11(16)10(13)5-8)2-1-3-9(15)6-14/h1-2,4-5,9,14-16H,3,6H2/b2-1+/t9-/m0/s1",C11H12O3F2,230,1.22,4.05,3.92,2.22,-150,3.224670150918853,1
Oc1ccc(c(c1)C[C@H](CO)O)F,19/000000004,"InChI=1S/C9H11FO3/c10-9-2-1-7(12)3-6(9)4-8(13)5-11/h1-3,8,11-13H,4-5H2/t8-/m1/s1",C9H11O3F,186,0.45,4.05,5.37,2.22,-150,2.602584139609503,1
Oc1cnc(c(c1C=S)C#CC(=O)OCc1[nH]ccc1)I,30/000000038,"InChI=1S/C14H9IN2O3S/c15-14-10(11(8-21)12(18)6-17-14)3-4-13(19)20-7-9-2-1-5-16-9/h1-2,5-6,8,16,18H,7H2",C14H9N2O3SI,412,2.58,4.05,8.95,25.0,0,3.9037195004843213,1
SCn1nc(c(c1CC[NH3+])Br)C(=O)Oc1cncc(c1)Br,30/000000096,"InChI=1S/C12H12Br2N4O2S/c13-7-3-8(5-16-4-7)20-12(19)11-10(14)9(1-2-15)18(6-21)17-11/h3-5,21H,1-2,6,15H2/p+1",C12H13N4O2SBr2,437,1.88,4.05,4.19,23.7,0,3.7705025063738136,1
C=C(C(=O)CN)NCc1nnc(o1)c1ccc(cc1)C[NH3+],26/000000002,"InChI=1S/C14H17N5O2/c1-9(12(20)7-16)17-8-13-18-19-14(21-13)11-4-2-10(6-15)3-5-11/h2-5,17H,1,6-8,15-16H2/p+1",C14H18N5O2,288,1.02,4.04,2.54,22.2,-120,3.304770087185754,1
Oc1c(cc(cc1F)F)/C=C/C/C=C\COC(=O)CS,1/000000017,"InChI=1S/C14H14F2O3S/c15-11-7-10(14(18)12(16)8-11)5-3-1-2-4-6-19-13(17)9-20/h2-5,7-8,18,20H,1,6,9H2/b4-2-,5-3+",C14H14O3SF2,300,3.36,4.03,-0.4,3.58,0,3.087367263922906,1
SCCCc1cc(/C=C/C2CNNC2)c(c(c1)F)ON,27/000000427,"InChI=1S/C14H20FN3OS/c15-13-7-10(2-1-5-20)6-12(14(13)19-16)4-3-11-8-17-18-9-11/h3-4,6-7,11,17-18,20H,1-2,5,8-9,16H2/b4-3+",C14H20N3OSF,297,2.5,4.03,0.94,3.58,-150,3.744940896606013,1
Sc1cc(I)c(cc1COC(=O)CC/C=C/C(=O)N)Br,16/000000026,"InChI=1S/C13H13BrINO3S/c14-9-5-8(11(20)6-10(9)15)7-19-13(18)4-2-1-3-12(16)17/h1,3,5-6,20H,2,4,7H2,(H2,16,17)/b3-1+",C13H13NO3SBrI,470,3.44,4.02,2.64,3.72,-66,3.212585026160668,1
OC(=O)Cc1ccc(c(c1)O)I,22/000000001,"InChI=1S/C8H7IO3/c9-6-2-1-5(3-7(6)10)4-8(11)12/h1-3,10H,4H2,(H,11,12)",C8H7O3I,278,2.11,4.02,3.07,2.47,0,2.199656465253991,1
OCC1=CCc2c1ccc(c2O)CC(=O)Cn1[nH]c(=O)cc1,8/000000007,"InChI=1S/C16H16N2O4/c19-9-11-2-4-14-13(11)3-1-10(16(14)22)7-12(20)8-18-6-5-15(21)17-18/h1-3,5-6,19,22H,4,7-9H2,(H,17,21)",C16H16N2O4,300,-0.39,4.02,3.16,20.8,-40,3.5149223646309258,1
Oc1cc(cc(c1O)Br)NC(=O)C1=CC(=O)OC1,10/000000015,"InChI=1S/C11H8BrNO5/c12-7-2-6(3-8(14)10(7)16)13-11(17)5-1-9(15)18-4-5/h1-3,14,16H,4H2,(H,13,17)",C11H8NO5Br,314,0.85,4.02,-0.28,2.22,-60,2.7033419566041594,1
Oc1ccc(c(c1c1nsnc1)Br)NC(=O)N,12/000000012,"InChI=1S/C9H7BrN4O2S/c10-8-4(13-9(11)16)1-2-6(15)7(8)5-3-12-17-14-5/h1-3,15H,(H3,11,13,16)",C9H7N4O2SBr,315,1.17,4.02,1.04,21.0,-160,3.2280253379780355,1
c1cc(cc(c1CONC)Cl)[C@H](COC(=O)c1nnn[nH]1)N,27/000000203,"InChI=1S/C12H15ClN6O3/c1-15-22-5-8-3-2-7(4-9(8)13)10(14)6-21-12(20)11-16-18-19-17-11/h2-4,10,15H,5-6,14H2,1H3,(H,16,17,18,19)/t10-/m0/s1",C12H15N6O3Cl,326,0.87,4.02,2.54,5.09,-170,3.620502854905123,1
OCNCc1occ(n1)c1ccc(c(c1F)Cl)CN,9/000000040,"InChI=1S/C12H13ClFN3O2/c13-11-7(3-15)1-2-8(12(11)14)9-5-19-10(17-9)4-16-6-18/h1-2,5,16,18H,3-4,6,15H2",C12H13N3O2FCl,285,0.97,4.02,3.66,2.35,-160,3.0696916140615267,1
NCC#Cc1cc(F)c(c(c1)c1nocc1)C(=O)O,27/000000034,"InChI=1S/C13H9FN2O3/c14-10-7-8(2-1-4-15)6-9(12(10)13(17)18)11-3-5-19-16-11/h3,5-7H,4,15H2,(H,17,18)",C13H8N2O3F,259,1.72,4.01,4.13,22.5,-120,2.9773952425085533,1
Sc1nc(C(=O)c2ccnc(c2)C=C)c(c(=O)[nH]1)CO,20/000000003,"InChI=1S/C13H11N3O3S/c1-2-8-5-7(3-4-14-8)11(18)10-9(6-17)12(19)16-13(20)15-10/h2-5,17H,1,6H2,(H2,15,16,19,20)",C13H11N3O3S,289,-0.24,4.01,6.52,21.8,0,3.3979239072795497,1
Oc1cnc(c(c1S)c1sccc1)I,30/000000054,"InChI=1S/C9H6INOS2/c10-9-7(6-2-1-3-14-6)8(13)5(12)4-11-9/h1-4,12H,(H,11,13)",C9H6NOS2I,335,2.86,4.01,7.14,15.7,-120,3.274991828295688,1
OC[C@H](c1cc(C=C)c(c(c1)F)ON)C=C,27/000000018,"InChI=1S/C12H14FNO2/c1-3-8-5-10(9(4-2)7-15)6-11(13)12(8)16-14/h3-6,9,15H,1-2,7,14H2/t9-/m1/s1",C12H14NO2F,223,0.98,4.0,4.75,14.5,-150,3.971522029273058,1
OC(=O)/C(=C/c1c(O)cc(c(c1)CCC)Br)/C(=O)O,26/000000012,"InChI=1S/C13H13BrO5/c1-2-3-7-4-8(11(15)6-10(7)14)5-9(12(16)17)13(18)19/h4-6,15H,2-3H2,1H3,(H,16,17)(H,18,19)",C13H12O5Br,328,2.23,4.0,6.84,3.58,-20,2.691475405062979,1
