series_id;core_smiles;count;mean_activity;x_mean;y_mean;mol_ids
AS-1;c1ccccc1;941;-0.3580632092549085;27.293114;1.7330053;HighDiv_1, HighDiv_13, HighDiv_7, HighDiv_9, HighDiv_82, HighDiv_17, HighDiv_33, HighDiv_11, HighDiv_61, HighDiv_35, Druglike_1392, HighDiv_71, HighDiv_67, Druglike_1384, HighDiv_80, HighDiv_100, HighDiv_83, HighDiv_34, HighDiv_16, Druglike_1378, HighDiv_52, HighDiv_14, HighDiv_113, HighDiv_86, HighDiv_18, HighDiv_96, Druglike_1381, HighDiv_159, HighDiv_129, HighDiv_110, HighDiv_138, HighDiv_290, HighDiv_150, HighDiv_74, HighDiv_175, HighDiv_1963, HighDiv_12, HighDiv_41, HighDiv_139, HighDiv_115, Druglike_1386, HighDiv_221, Druglike_1724, HighDiv_76, HighDiv_297, HighDiv_236, HighDiv_127, Druglike_1382, HighDiv_124, HighDiv_418, HighDiv_128, HighDiv_200, HighDiv_317, HighDiv_314, HighDiv_60, HighDiv_147, HighDiv_118, HighDiv_90, HighDiv_114, HighDiv_192, HighDiv_21, Druglike_1385, HighDiv_81, HighDiv_55, HighDiv_58, HighDiv_8, HighDiv_132, HighDiv_104, Druglike_1389, HighDiv_295, HighDiv_299, HighDiv_1973, HighDiv_183, HighDiv_205, HighDiv_64, Druglike_1391, HighDiv_446, Druglike_1387, HighDiv_137, HighDiv_443, Druglike_1390, HighDiv_223, HighDiv_281, HighDiv_47, Druglike_1070, HighDiv_152, HighDiv_228, HighDiv_125, HighDiv_123, HighDiv_173, HighDiv_280, HighDiv_368, HighDiv_111, HighDiv_62, HighDiv_234, HighDiv_193, HighDiv_1961, HighDiv_438, HighDiv_1668, HighDiv_98, HighDiv_140, Druglike_1418, HighDiv_135, HighDiv_180, HighDiv_510, Druglike_1395, HighDiv_425, HighDiv_303, HighDiv_312, HighDiv_249, HighDiv_258, HighDiv_271, HighDiv_187, Druglike_1427, Druglike_1745, Druglike_1402, Druglike_1412, HighDiv_475, HighDiv_164, HighDiv_184, HighDiv_268, HighDiv_350, HighDiv_251, Druglike_1410, HighDiv_700, HighDiv_343, HighDiv_69, HighDiv_1645, HighDiv_329, Druglike_1397, HighDiv_1684, HighDiv_614, HighDiv_888, HighDiv_344, Druglike_1843, HighDiv_1717, HighDiv_401, HighDiv_454, HighDiv_191, HighDiv_1983, HighDiv_274, HighDiv_1710, HighDiv_188, HighDiv_1986, HighDiv_257, HighDiv_313, HighDiv_457, HighDiv_157, Druglike_1394, Druglike_1400, HighDiv_324, Druglike_1851, HighDiv_361, HighDiv_346, HighDiv_1732, HighDiv_620, HighDiv_202, HighDiv_239, HighDiv_2029, HighDiv_1691, Druglike_1420, HighDiv_144, HighDiv_229, HighDiv_722, HighDiv_648, HighDiv_1630, HighDiv_245, HighDiv_284, HighDiv_369, HighDiv_417, Druglike_1832, HighDiv_1987, HighDiv_278, HighDiv_497, HighDiv_878, Druglike_1765, HighDiv_153, HighDiv_282, HighDiv_204, HighDiv_385, HighDiv_246, Druglike_1933, HighDiv_383, HighDiv_261, HighDiv_896, HighDiv_291, Druglike_167, HighDiv_248, HighDiv_1216, Druglike_1761, HighDiv_103, HighDiv_182, HighDiv_1994, HighDiv_434, HighDiv_831, HighDiv_1995, HighDiv_325, HighDiv_319, HighDiv_403, Druglike_1735, HighDiv_543, HighDiv_751, Druglike_1403, HighDiv_485, Druglike_1817, Druglike_1429, HighDiv_330, Druglike_1439, HighDiv_550, HighDiv_259, Druglike_1785, Druglike_1421, HighDiv_1092, HighDiv_1664, HighDiv_287, HighDiv_469, HighDiv_581, HighDiv_698, HighDiv_463, HighDiv_395, HighDiv_2000, Druglike_1413, Druglike_1437, HighDiv_1750, HighDiv_323, HighDiv_545, HighDiv_241, HighDiv_421, HighDiv_377, HighDiv_389, HighDiv_300, HighDiv_2097, HighDiv_2114, Druglike_265, HighDiv_316, HighDiv_563, HighDiv_378, HighDiv_426, HighDiv_402, Druglike_1881, Druglike_1434, HighDiv_351, Druglike_1406, HighDiv_1305, HighDiv_353, HighDiv_2160, HighDiv_320, HighDiv_1532, HighDiv_875, HighDiv_837, HighDiv_847, HighDiv_587, HighDiv_392, HighDiv_709, HighDiv_345, HighDiv_724, HighDiv_784, Druglike_1428, HighDiv_1225, HighDiv_424, Druglike_1830, HighDiv_596, HighDiv_365, Druglike_1544, HighDiv_755, HighDiv_532, Druglike_1432, HighDiv_216, HighDiv_696, HighDiv_828, HighDiv_506, HighDiv_453, HighDiv_491, HighDiv_955, Druglike_1398, HighDiv_416, HighDiv_349, HighDiv_747, HighDiv_488, Druglike_1590, HighDiv_770, HighDiv_661, HighDiv_537, HighDiv_393, Druglike_607, HighDiv_814, HighDiv_659, HighDiv_819, HighDiv_412, Druglike_1179, Druglike_1815, HighDiv_2056, HighDiv_1286, HighDiv_518, HighDiv_1751, HighDiv_606, HighDiv_489, HighDiv_634, HighDiv_1036, HighDiv_859, HighDiv_439, HighDiv_557, HighDiv_633, HighDiv_373, HighDiv_224, HighDiv_574, HighDiv_642, Druglike_258, HighDiv_1785, Druglike_1542, HighDiv_276, HighDiv_499, HighDiv_553, HighDiv_643, HighDiv_2041, HighDiv_707, HighDiv_1738, HighDiv_785, HighDiv_470, HighDiv_759, HighDiv_519, HighDiv_994, Druglike_1980, HighDiv_375, HighDiv_599, HighDiv_909, HighDiv_374, HighDiv_337, HighDiv_419, HighDiv_646, HighDiv_595, HighDiv_1259, HighDiv_496, HighDiv_509, Druglike_1174, HighDiv_431, HighDiv_498, HighDiv_1843, Druglike_1464, HighDiv_552, HighDiv_547, HighDiv_508, HighDiv_548, HighDiv_534, HighDiv_623, HighDiv_2127, HighDiv_685, HighDiv_1739, HighDiv_357, HighDiv_2293, HighDiv_1368, HighDiv_811, HighDiv_1364, HighDiv_1306, Druglike_422, HighDiv_825, HighDiv_1722, HighDiv_340, HighDiv_1727, HighDiv_535, HighDiv_2084, HighDiv_1424, Druglike_289, HighDiv_792, Druglike_1902, HighDiv_318, HighDiv_913, HighDiv_400, HighDiv_1013, HighDiv_567, HighDiv_972, HighDiv_520, HighDiv_551, Druglike_1865, Druglike_1622, HighDiv_2082, HighDiv_1109, HighDiv_681, HighDiv_806, Druglike_566, HighDiv_1033, HighDiv_2125, HighDiv_589, HighDiv_598, HighDiv_442, HighDiv_1660, Druglike_348, Druglike_1886, Druglike_1435, HighDiv_2080, Druglike_1454, HighDiv_935, Druglike_1762, HighDiv_2148, HighDiv_645, HighDiv_445, HighDiv_619, HighDiv_982, HighDiv_1703, HighDiv_308, HighDiv_725, HighDiv_1791, Druglike_1534, HighDiv_877, HighDiv_388, HighDiv_1871, HighDiv_695, Druglike_1938, HighDiv_635, HighDiv_524, HighDiv_758, HighDiv_639, HighDiv_931, Druglike_591, HighDiv_533, Druglike_754, HighDiv_776, HighDiv_686, HighDiv_1746, HighDiv_2211, HighDiv_934, HighDiv_802, HighDiv_530, HighDiv_273, Druglike_477, Druglike_217, HighDiv_2090, HighDiv_1081, HighDiv_1174, Druglike_1935, HighDiv_650, HighDiv_862, HighDiv_2074, HighDiv_656, HighDiv_957, HighDiv_2139, HighDiv_1283, HighDiv_516, HighDiv_868, Druglike_1567, HighDiv_2177, Druglike_1472, HighDiv_549, Druglike_1480, Druglike_1574, HighDiv_632, HighDiv_2069, HighDiv_521, Druglike_2003, HighDiv_1896, HighDiv_577, HighDiv_899, HighDiv_1098, HighDiv_727, Druglike_457, HighDiv_1051, HighDiv_969, Druglike_458, HighDiv_718, HighDiv_2193, Druglike_1875, Druglike_223, HighDiv_810, HighDiv_604, HighDiv_1905, HighDiv_462, HighDiv_1420, Druglike_387, HighDiv_2149, HighDiv_481, HighDiv_1007, Druglike_1211, HighDiv_458, HighDiv_367, HighDiv_1924, HighDiv_612, HighDiv_507, HighDiv_493, HighDiv_820, HighDiv_823, HighDiv_542, Druglike_473, HighDiv_761, Druglike_1509, HighDiv_2294, HighDiv_879, HighDiv_1782, Druglike_324, HighDiv_845, HighDiv_1121, HighDiv_2089, HighDiv_467, Druglike_834, HighDiv_945, HighDiv_915, HighDiv_2138, HighDiv_690, HighDiv_1157, HighDiv_829, HighDiv_1788, HighDiv_1926, HighDiv_655, Druglike_1229, HighDiv_528, Druglike_1967, HighDiv_1131, HighDiv_908, HighDiv_593, Druglike_686, HighDiv_703, HighDiv_658, Druglike_2038, HighDiv_649, HighDiv_689, HighDiv_1161, Druglike_1219, Druglike_1351, Druglike_1608, Druglike_725, HighDiv_1353, HighDiv_999, Druglike_1447, HighDiv_805, HighDiv_1163, HighDiv_766, HighDiv_786, HighDiv_863, Druglike_2016, HighDiv_864, HighDiv_739, HighDiv_663, HighDiv_1307, HighDiv_399, Druglike_2041, HighDiv_630, HighDiv_621, HighDiv_1831, HighDiv_1118, Druglike_318, HighDiv_948, HighDiv_777, HighDiv_1434, HighDiv_578, HighDiv_680, HighDiv_783, HighDiv_1792, HighDiv_697, Druglike_346, HighDiv_2156, HighDiv_2217, HighDiv_1066, HighDiv_1475, HighDiv_2093, HighDiv_855, Druglike_1644, HighDiv_942, HighDiv_929, HighDiv_2124, HighDiv_603, HighDiv_2163, HighDiv_479, HighDiv_2136, HighDiv_558, HighDiv_926, HighDiv_963, Druglike_1708, HighDiv_874, HighDiv_673, HighDiv_995, HighDiv_1038, HighDiv_1126, HighDiv_1776, HighDiv_854, HighDiv_1378, HighDiv_752, HighDiv_950, Druglike_1684, Druglike_1517, HighDiv_1428, HighDiv_1427, Druglike_370, HighDiv_1839, HighDiv_1676, Druglike_2073, HighDiv_671, HighDiv_1662, HighDiv_846, HighDiv_1028, HighDiv_568, HighDiv_1067, HighDiv_1171, HighDiv_1160, HighDiv_1002, HighDiv_856, HighDiv_2290, HighDiv_807, HighDiv_763, HighDiv_733, HighDiv_676, HighDiv_2306, HighDiv_1026, HighDiv_1037, HighDiv_605, HighDiv_891, HighDiv_433, HighDiv_2233, HighDiv_1128, Druglike_1905, HighDiv_925, HighDiv_597, HighDiv_576, HighDiv_740, Druglike_1326, HighDiv_1159, HighDiv_1464, HighDiv_892, HighDiv_1920, HighDiv_914, HighDiv_734, HighDiv_1078, HighDiv_1816, Druglike_599, Druglike_1532, HighDiv_932, HighDiv_2188, HighDiv_789, HighDiv_2150, HighDiv_1012, HighDiv_880, HighDiv_2151, HighDiv_1810, HighDiv_742, HighDiv_1857, HighDiv_1000, HighDiv_1018, HighDiv_967, HighDiv_1120, HighDiv_919, Druglike_1511, HighDiv_826, HighDiv_1168, HighDiv_1505, HighDiv_949, HighDiv_998, HighDiv_1355, Druglike_1899, HighDiv_1416, HighDiv_2197, HighDiv_910, Druglike_1550, Druglike_1582, HighDiv_1822, HighDiv_1195, HighDiv_678, HighDiv_2116, HighDiv_849, Druglike_706, HighDiv_2208, Druglike_2032, HighDiv_1142, Druglike_680, HighDiv_887, Druglike_1983, HighDiv_1883, HighDiv_1509, HighDiv_1765, Druglike_1018, Druglike_864, Druglike_806, HighDiv_2200, HighDiv_2206, HighDiv_1141, HighDiv_905, HighDiv_2146, HighDiv_1470, HighDiv_464, Druglike_695, Druglike_480, HighDiv_843, Druglike_1203, HighDiv_1137, HighDiv_692, HighDiv_841, HighDiv_2234, Druglike_209, HighDiv_1725, HighDiv_1689, Druglike_1556, Druglike_471, HighDiv_1124, HighDiv_1133, HighDiv_858, Druglike_488, HighDiv_1052, Druglike_732, HighDiv_1443, HighDiv_1806, Druglike_679, HighDiv_2184, HighDiv_918, Druglike_1910, HighDiv_1741, HighDiv_1190, HighDiv_796, HighDiv_1191, Druglike_1602, Druglike_1940, HighDiv_1138, HighDiv_1156, HighDiv_2240, Druglike_2024, HighDiv_885, HighDiv_997, Druglike_712, Druglike_1669, HighDiv_1147, HighDiv_1813, Druglike_1620, HighDiv_1186, Druglike_713, HighDiv_1146, Druglike_1667, HighDiv_1418, HighDiv_2128, HighDiv_2202, HighDiv_1777, HighDiv_1526, Druglike_1607, HighDiv_975, HighDiv_2248, Druglike_772, Druglike_873, Druglike_783, HighDiv_2135, Druglike_1699, HighDiv_731, HighDiv_1455, HighDiv_1167, HighDiv_954, HighDiv_872, HighDiv_1166, HighDiv_793, Druglike_936, Druglike_299, HighDiv_683, HighDiv_1441, HighDiv_1906, HighDiv_2279, HighDiv_1466, Druglike_1624, HighDiv_1740, Druglike_957, Druglike_926, HighDiv_1057, HighDiv_1790, Druglike_943, HighDiv_666, Druglike_556, HighDiv_1130, HighDiv_981, HighDiv_1008, HighDiv_622, Druglike_669, HighDiv_2285, HighDiv_1031, Druglike_1504, HighDiv_1486, HighDiv_939, Druglike_2017, Druglike_1609, Druglike_1297, HighDiv_1053, HighDiv_1452, HighDiv_1127, Druglike_1686, HighDiv_1819, HighDiv_857, HighDiv_778, Druglike_1568, HighDiv_1805, HighDiv_1085, HighDiv_898, HighDiv_853, HighDiv_2296, HighDiv_2189, Druglike_1877, HighDiv_1325, HighDiv_1912, HighDiv_2176, HighDiv_2166, HighDiv_952, HighDiv_2172, Druglike_1347, HighDiv_1754, HighDiv_1459, HighDiv_1500, HighDiv_886, HighDiv_2281, HighDiv_2216, HighDiv_2311, HighDiv_1771, Druglike_989, HighDiv_1075, HighDiv_2252, HighDiv_1561, HighDiv_2241, HighDiv_1003, HighDiv_1193, HighDiv_2186, HighDiv_1122, HighDiv_1826, HighDiv_1123, HighDiv_1009, HighDiv_1576, HighDiv_1103, HighDiv_1916, HighDiv_1093, HighDiv_2153, Druglike_1690, HighDiv_1410, HighDiv_2254, HighDiv_1024, HighDiv_852, HighDiv_1929, HighDiv_894, HighDiv_1541, HighDiv_1185, HighDiv_1077, HighDiv_2272, HighDiv_1372, HighDiv_1125, HighDiv_1880, HighDiv_901, HighDiv_1855, HighDiv_1848, HighDiv_971, HighDiv_1145, HighDiv_2327, HighDiv_1795, HighDiv_1866, HighDiv_1086, HighDiv_1781, HighDiv_2220, HighDiv_1047, HighDiv_1471, Druglike_1635, HighDiv_1547, HighDiv_1841, HighDiv_1729, HighDiv_2261, HighDiv_1143, HighDiv_1536, HighDiv_1087, Druglike_1332, Druglike_920, Druglike_1703, HighDiv_1823, HighDiv_876, HighDiv_1068, HighDiv_921, HighDiv_1849, HighDiv_1778, Druglike_833, HighDiv_2328, Druglike_974, HighDiv_1549, HighDiv_1885, HighDiv_1904, Druglike_825, HighDiv_990, Druglike_817, HighDiv_1091, HighDiv_1899, Druglike_956, HighDiv_1499, HighDiv_2205, HighDiv_1514, HighDiv_930, HighDiv_817, HighDiv_1845, HighDiv_1769, HighDiv_1553, Druglike_935, HighDiv_2196, HighDiv_1844, HighDiv_1556, HighDiv_1774, HighDiv_1891, HighDiv_1909, HighDiv_1164, HighDiv_2274, HighDiv_1793, HighDiv_1873, HighDiv_2312, HighDiv_1115, HighDiv_1445, HighDiv_947, Druglike_1692, HighDiv_1579, HighDiv_1767, Druglike_1714, HighDiv_2310, HighDiv_1039, HighDiv_1097, HighDiv_1521, HighDiv_2236, Druglike_2000, HighDiv_799, HighDiv_1853, Druglike_1339, Druglike_1639, HighDiv_1479, HighDiv_1488, Druglike_1709, HighDiv_1868, HighDiv_1796, HighDiv_1672, HighDiv_1832, HighDiv_2297, HighDiv_1882, HighDiv_1552, Druglike_872, HighDiv_1572, Druglike_2071, HighDiv_1872, HighDiv_1090, Druglike_856, HighDiv_2289, HighDiv_1903, HighDiv_1860, HighDiv_1794, HighDiv_1783, HighDiv_965, HighDiv_1907, Druglike_1044, HighDiv_2284, HighDiv_1876, HighDiv_1911, HighDiv_1158, HighDiv_1898, HighDiv_1915
AS-2;O=C1NCCN1c1ccccc1;146;0.03407058434799792;19.38903;63.98023;HighDiv_73, HighDiv_167, HighDiv_57, HighDiv_43, HighDiv_211, HighDiv_117, HighDiv_212, HighDiv_371, HighDiv_292, HighDiv_289, HighDiv_226, HighDiv_189, HighDiv_342, HighDiv_294, HighDiv_91, HighDiv_360, HighDiv_206, HighDiv_492, HighDiv_48, HighDiv_415, HighDiv_586, HighDiv_472, HighDiv_480, HighDiv_207, HighDiv_263, HighDiv_270, HighDiv_225, HighDiv_384, HighDiv_143, HighDiv_333, HighDiv_366, HighDiv_250, HighDiv_230, HighDiv_511, HighDiv_451, HighDiv_640, HighDiv_515, HighDiv_277, HighDiv_363, HighDiv_334, HighDiv_505, HighDiv_571, HighDiv_592, HighDiv_699, HighDiv_145, HighDiv_231, HighDiv_380, HighDiv_359, HighDiv_398, HighDiv_338, HighDiv_381, HighDiv_555, HighDiv_525, HighDiv_405, HighDiv_427, HighDiv_710, HighDiv_483, HighDiv_775, HighDiv_311, HighDiv_565, HighDiv_652, HighDiv_602, HighDiv_708, HighDiv_449, HighDiv_569, HighDiv_348, HighDiv_503, HighDiv_376, HighDiv_715, HighDiv_414, HighDiv_304, HighDiv_720, HighDiv_487, HighDiv_512, HighDiv_753, HighDiv_559, HighDiv_711, HighDiv_667, HighDiv_943, HighDiv_705, HighDiv_471, HighDiv_1760, HighDiv_517, HighDiv_356, HighDiv_450, HighDiv_944, HighDiv_920, HighDiv_601, HighDiv_185, HighDiv_812, HighDiv_730, HighDiv_714, HighDiv_501, HighDiv_723, HighDiv_391, HighDiv_591, HighDiv_719, HighDiv_240, HighDiv_572, HighDiv_772, HighDiv_839, HighDiv_627, HighDiv_702, HighDiv_536, HighDiv_962, HighDiv_844, HighDiv_638, HighDiv_600, HighDiv_830, HighDiv_821, HighDiv_865, HighDiv_579, HighDiv_827, HighDiv_1061, HighDiv_996, HighDiv_897, HighDiv_991, HighDiv_694, HighDiv_953, HighDiv_1189, HighDiv_1030, HighDiv_1184, HighDiv_1035, HighDiv_809, HighDiv_1076, HighDiv_813, HighDiv_1153, HighDiv_1014, HighDiv_824, HighDiv_1096, HighDiv_1010, HighDiv_933, HighDiv_1180, HighDiv_1016, HighDiv_818, HighDiv_1043, HighDiv_1170, HighDiv_756, HighDiv_1116, HighDiv_1074, HighDiv_884, HighDiv_1134, HighDiv_1135, HighDiv_1050, HighDiv_1101, HighDiv_1155
AS-3;c1ccncc1;136;-0.5552213667700582;-27.601408;21.652704;HighDiv_1223, HighDiv_1266, HighDiv_1351, HighDiv_1254, HighDiv_1297, HighDiv_1241, HighDiv_1249, HighDiv_1272, HighDiv_1263, HighDiv_2002, HighDiv_1304, HighDiv_1289, HighDiv_1221, HighDiv_1383, HighDiv_1339, HighDiv_1334, HighDiv_1261, HighDiv_1336, HighDiv_1319, HighDiv_1469, HighDiv_1395, HighDiv_1292, HighDiv_1346, HighDiv_2013, HighDiv_1330, HighDiv_1462, HighDiv_1565, Druglike_682, HighDiv_1361, HighDiv_1460, HighDiv_1350, HighDiv_1331, HighDiv_1491, HighDiv_1369, HighDiv_1411, HighDiv_2053, HighDiv_2051, HighDiv_1365, HighDiv_1317, HighDiv_1478, HighDiv_1490, HighDiv_1281, HighDiv_1484, HighDiv_1429, Druglike_1949, HighDiv_1483, HighDiv_1436, HighDiv_1344, HighDiv_1403, HighDiv_1543, HighDiv_1493, HighDiv_1457, HighDiv_1379, Druglike_195, HighDiv_1550, HighDiv_765, HighDiv_1347, HighDiv_1412, HighDiv_1539, Druglike_1997, HighDiv_1558, HighDiv_1072, Druglike_404, HighDiv_1468, HighDiv_1497, Druglike_1790, HighDiv_1518, HighDiv_1494, Druglike_990, HighDiv_1419, HighDiv_526, HighDiv_1749, HighDiv_1578, Druglike_433, HighDiv_966, Druglike_2034, HighDiv_1571, HighDiv_1544, HighDiv_629, Druglike_744, Druglike_850, Druglike_1989, HighDiv_1413, HighDiv_2065, HighDiv_1573, HighDiv_2168, HighDiv_1508, HighDiv_1577, HighDiv_1467, HighDiv_1560, Druglike_675, Druglike_2064, HighDiv_2221, HighDiv_2278, Druglike_255, HighDiv_2107, HighDiv_2173, Druglike_405, Druglike_530, HighDiv_984, HighDiv_1144, Druglike_1974, HighDiv_870, HighDiv_1835, Druglike_771, HighDiv_1152, HighDiv_2256, Druglike_1685, HighDiv_2112, HighDiv_1886, HighDiv_1554, HighDiv_2132, HighDiv_2158, Druglike_1988, Druglike_653, Druglike_536, Druglike_842, Druglike_839, HighDiv_1932, HighDiv_2174, HighDiv_2222, HighDiv_2227, Druglike_1869, Druglike_2002, HighDiv_2308, HighDiv_2131, HighDiv_1540, Druglike_950, Druglike_1990, HighDiv_2154, Druglike_2033, HighDiv_2218, Druglike_980, HighDiv_1836, HighDiv_2304, HighDiv_2307
AS-4;O=C(c1ccc(-c2ccccc2)[nH]1)c1nc(=O)o[nH]1;101;1.4771732183076443;-29.352726;-64.47427;Druglike_33, Druglike_38, Druglike_26, Druglike_7, Druglike_6, Druglike_46, Druglike_25, Druglike_44, Druglike_63, Druglike_15, Druglike_27, Druglike_45, Druglike_69, Druglike_34, Druglike_9, Druglike_17, Druglike_52, Druglike_60, Druglike_85, Druglike_32, Druglike_67, Druglike_42, Druglike_57, Druglike_75, Druglike_39, Druglike_54, Druglike_65, Druglike_48, Druglike_93, Druglike_66, Druglike_59, Druglike_78, Druglike_105, Druglike_77, Druglike_165, Druglike_129, Druglike_123, Druglike_90, Druglike_72, Druglike_171, Druglike_84, Druglike_113, Druglike_107, Druglike_49, Druglike_100, Druglike_135, Druglike_124, Druglike_137, Druglike_125, Druglike_71, Druglike_156, Druglike_197, Druglike_112, Druglike_142, Druglike_96, Druglike_109, Druglike_178, Druglike_108, Druglike_87, Druglike_180, Druglike_110, Druglike_117, Druglike_127, Druglike_120, Druglike_138, Druglike_182, Druglike_126, Druglike_141, Druglike_251, Druglike_266, Druglike_208, Druglike_184, Druglike_159, Druglike_151, Druglike_131, Druglike_226, Druglike_173, Druglike_211, Druglike_203, Druglike_152, Druglike_153, Druglike_191, Druglike_157, Druglike_104, Druglike_249, Druglike_373, Druglike_263, Druglike_207, Druglike_264, Druglike_256, Druglike_300, Druglike_239, Druglike_401, Druglike_241, Druglike_374, Druglike_257, Druglike_380, Druglike_309, Druglike_436, Druglike_321, Druglike_496
AS-5;c1ccc(-c2cn[nH]n2)cc1;91;-0.1959277474939336;-19.183895;21.26228;Druglike_102, Druglike_1729, Druglike_58, Druglike_81, Druglike_186, Druglike_297, Druglike_205, Druglike_423, Druglike_360, Druglike_229, Druglike_206, Druglike_296, Druglike_320, Druglike_221, Druglike_313, Druglike_375, Druglike_243, Druglike_236, Druglike_200, Druglike_362, Druglike_325, Druglike_389, Druglike_155, Druglike_344, Druglike_210, Druglike_390, Druglike_345, Druglike_414, Druglike_519, Druglike_350, Druglike_179, Druglike_474, Druglike_269, Druglike_310, Druglike_552, Druglike_470, Druglike_336, Druglike_446, Druglike_455, Druglike_522, Druglike_661, Druglike_532, Druglike_484, Druglike_490, Druglike_576, Druglike_449, Druglike_529, Druglike_425, Druglike_486, Druglike_1042, Druglike_443, Druglike_637, Druglike_394, Druglike_615, Druglike_1029, Druglike_543, Druglike_614, Druglike_337, Druglike_285, Druglike_727, Druglike_444, Druglike_538, Druglike_339, Druglike_666, Druglike_533, Druglike_279, Druglike_626, Druglike_613, Druglike_535, Druglike_651, Druglike_703, Druglike_330, Druglike_280, Druglike_268, Druglike_696, Druglike_869, Druglike_782, Druglike_882, Druglike_797, Druglike_485, Druglike_515, Druglike_600, Druglike_655, Druglike_674, Druglike_747, Druglike_668, Druglike_853, Druglike_743, Druglike_968, Druglike_765, Druglike_947
AS-6;c1ccc(-c2c[nH]cn2)cc1;84;0.5882365530362166;31.297863;-62.93557;HighDiv_1936, HighDiv_1938, HighDiv_1944, HighDiv_1935, HighDiv_1939, HighDiv_1945, HighDiv_1949, HighDiv_1953, HighDiv_1950, HighDiv_1947, HighDiv_1966, HighDiv_1951, HighDiv_1946, HighDiv_1952, HighDiv_1956, HighDiv_1955, HighDiv_1979, HighDiv_1957, HighDiv_1968, HighDiv_1964, HighDiv_1972, HighDiv_1960, HighDiv_1958, HighDiv_1976, HighDiv_1978, HighDiv_2003, HighDiv_1965, HighDiv_1980, HighDiv_1975, HighDiv_1967, HighDiv_1969, HighDiv_1962, HighDiv_1974, HighDiv_2019, HighDiv_2011, HighDiv_1998, HighDiv_2005, HighDiv_2015, HighDiv_1988, HighDiv_2017, HighDiv_2021, HighDiv_2010, HighDiv_2108, HighDiv_2004, HighDiv_2038, HighDiv_2028, HighDiv_2018, HighDiv_1989, HighDiv_2025, HighDiv_1971, HighDiv_2058, HighDiv_2046, HighDiv_2034, HighDiv_2094, HighDiv_2079, HighDiv_2016, HighDiv_1991, HighDiv_2076, HighDiv_2085, HighDiv_2052, HighDiv_2087, HighDiv_2101, HighDiv_2036, HighDiv_2140, HighDiv_2043, HighDiv_2100, HighDiv_2072, HighDiv_2067, HighDiv_2095, HighDiv_2057, HighDiv_2121, HighDiv_2126, HighDiv_2141, HighDiv_2109, HighDiv_2155, HighDiv_2152, HighDiv_2104, HighDiv_2213, HighDiv_2226, HighDiv_2245, HighDiv_2192, HighDiv_2183, HighDiv_2170, HighDiv_2223
AS-7;c1cncnc1;60;-0.619439054982454;-30.231384;6.466395;Druglike_295, Druglike_147, Druglike_148, Druglike_356, Druglike_132, Druglike_349, Druglike_213, HighDiv_2102, Druglike_88, Druglike_294, Druglike_395, Druglike_432, Druglike_273, Druglike_501, Druglike_469, Druglike_701, Druglike_728, Druglike_568, Druglike_564, Druglike_244, Druglike_452, Druglike_590, Druglike_347, Druglike_354, Druglike_242, Druglike_773, Druglike_417, Druglike_283, Druglike_756, Druglike_454, Druglike_358, Druglike_734, Druglike_319, Druglike_562, Druglike_977, Druglike_634, Druglike_961, Druglike_531, Druglike_657, Druglike_580, Druglike_662, Druglike_852, Druglike_502, HighDiv_2265, Druglike_583, Druglike_685, Druglike_585, Druglike_525, Druglike_933, Druglike_945, Druglike_800, Druglike_770, Druglike_914, Druglike_476, Druglike_801, Druglike_1047, Druglike_970, Druglike_965, Druglike_1013, Druglike_1003
AS-8;O=c1ccc(-c2cnco2)n[nH]1;57;-0.0016440620829700186;-45.24521;-38.155357;Druglike_1074, Druglike_1078, Druglike_1133, Druglike_1132, Druglike_1152, Druglike_1092, Druglike_1122, Druglike_1106, Druglike_1160, Druglike_1135, Druglike_1130, Druglike_1171, Druglike_1164, Druglike_1141, Druglike_1226, Druglike_1193, Druglike_1162, Druglike_1214, Druglike_1177, Druglike_1221, Druglike_1215, Druglike_1230, Druglike_1172, Druglike_1237, Druglike_1341, Druglike_1206, Druglike_1183, Druglike_1166, Druglike_1212, Druglike_1191, Druglike_1186, Druglike_1246, Druglike_1190, Druglike_1168, Druglike_1192, Druglike_1200, Druglike_1235, Druglike_1173, Druglike_1205, Druglike_1236, Druglike_1224, Druglike_1292, Druglike_1232, Druglike_1185, Druglike_1334, Druglike_1314, Druglike_1348, Druglike_1296, Druglike_1298, Druglike_1331, Druglike_1319, Druglike_1259, Druglike_1310, Druglike_1362, Druglike_1335, Druglike_1343, Druglike_1354
AS-9;O=c1cc[nH]c(-c2ccccc2)c1;51;0.2667535957560362;-5.929776;-38.98824;Druglike_1739, Druglike_1736, Druglike_1741, Druglike_1742, Druglike_1744, Druglike_1791, Druglike_1781, Druglike_1734, Druglike_1751, Druglike_1753, Druglike_1760, Druglike_1746, Druglike_1840, Druglike_1853, Druglike_1758, Druglike_1846, Druglike_1768, Druglike_1874, Druglike_1789, Druglike_1833, Druglike_1862, Druglike_1810, Druglike_1759, Druglike_1773, Druglike_1756, Druglike_1911, Druglike_1855, Druglike_1774, Druglike_1821, Druglike_1931, Druglike_1906, Druglike_1868, Druglike_1880, Druglike_1887, Druglike_1954, Druglike_2006, Druglike_1839, Druglike_1890, Druglike_1917, Druglike_1898, Druglike_1927, Druglike_1876, Druglike_1892, Druglike_2037, Druglike_1864, Druglike_1992, Druglike_2021, Druglike_1984, Druglike_2063, Druglike_2046, Druglike_2075
AS-10;c1cnoc1;51;-1.0001251517060663;-52.451347;19.512293;Druglike_133, Druglike_99, Druglike_101, Druglike_222, Druglike_559, Druglike_798, Druglike_588, Druglike_670, Druglike_1577, Druglike_815, Druglike_708, Druglike_553, Druglike_524, Druglike_647, Druglike_887, Druglike_723, Druglike_741, Druglike_569, Druglike_606, Druglike_835, Druglike_791, Druglike_684, Druglike_521, Druglike_2077, Druglike_792, Druglike_851, Druglike_759, Druglike_841, Druglike_893, Druglike_424, Druglike_558, Druglike_612, Druglike_909, Druglike_885, Druglike_799, Druglike_930, Druglike_919, Druglike_921, Druglike_862, Druglike_813, Druglike_774, Druglike_859, Druglike_993, Druglike_740, Druglike_879, Druglike_969, Druglike_865, Druglike_1017, Druglike_985, Druglike_908, Druglike_946
AS-11;c1ccc(-c2ncn[nH]2)nc1;47;0.10695193394497916;3.7429128;-76.78216;HighDiv_89, HighDiv_142, HighDiv_158, HighDiv_174, HighDiv_131, HighDiv_105, HighDiv_149, HighDiv_168, HighDiv_179, HighDiv_84, HighDiv_341, HighDiv_432, HighDiv_214, HighDiv_264, HighDiv_529, HighDiv_68, HighDiv_134, HighDiv_109, HighDiv_429, HighDiv_527, HighDiv_397, HighDiv_406, HighDiv_787, HighDiv_310, HighDiv_222, HighDiv_611, HighDiv_404, HighDiv_130, HighDiv_358, HighDiv_302, HighDiv_769, HighDiv_460, HighDiv_679, HighDiv_265, HighDiv_262, HighDiv_513, HighDiv_625, HighDiv_832, HighDiv_306, HighDiv_539, HighDiv_430, HighDiv_447, HighDiv_370, HighDiv_1117, HighDiv_816, HighDiv_736, HighDiv_1151
AS-12;c1ccc2c(c1)NCO2;39;-0.1464177871411428;-3.7931294;66.67054;Druglike_130, Druglike_272, Druglike_383, Druglike_316, Druglike_234, Druglike_507, Druglike_604, Druglike_554, Druglike_463, Druglike_381, Druglike_308, Druglike_396, Druglike_332, Druglike_467, Druglike_464, Druglike_795, Druglike_546, Druglike_827, Druglike_694, Druglike_897, Druglike_721, Druglike_826, Druglike_623, Druglike_527, Druglike_1041, Druglike_520, Druglike_298, Druglike_903, Druglike_972, Druglike_810, Druglike_610, Druglike_971, Druglike_861, Druglike_724, Druglike_638, Druglike_870, Druglike_409, Druglike_942, Druglike_753
AS-13;c1ccc(-c2cccnc2)cc1;39;0.6713408584383479;-26.67106;28.80931;HighDiv_15, HighDiv_1200, HighDiv_1219, HighDiv_1232, HighDiv_1217, HighDiv_1229, HighDiv_1211, HighDiv_1210, HighDiv_1214, HighDiv_1251, HighDiv_1244, HighDiv_1268, HighDiv_1256, HighDiv_1277, HighDiv_1628, HighDiv_1257, HighDiv_1255, HighDiv_1285, HighDiv_1448, HighDiv_1282, HighDiv_1308, HighDiv_1380, HighDiv_1287, HighDiv_1342, HighDiv_1405, HighDiv_1348, HighDiv_1295, HighDiv_1384, HighDiv_1303, HighDiv_1400, HighDiv_1426, HighDiv_1492, HighDiv_1474, HighDiv_1463, HighDiv_1482, HighDiv_1874, HighDiv_1535, HighDiv_1548, HighDiv_1430
AS-14;c1cc[nH]c1;37;-0.8523046043524005;-1.7808731;-4.2063246;Druglike_1730, HighDiv_178, Druglike_1834, Druglike_1782, Druglike_1979, Druglike_1932, Druglike_1793, HighDiv_1337, Druglike_1519, Druglike_1835, Druglike_1956, Druglike_1995, Druglike_1459, Druglike_1824, Druglike_1811, Druglike_1489, Druglike_1922, Druglike_2005, Druglike_2067, Druglike_1991, Druglike_1518, Druglike_2012, Druglike_1595, HighDiv_977, Druglike_2042, Druglike_1548, Druglike_1501, Druglike_2045, Druglike_1884, Druglike_2072, Druglike_1950, Druglike_1594, Druglike_700, Druglike_2029, Druglike_2057, Druglike_1717, HighDiv_2237
AS-15;C(=CC1=CCCO1)Cc1ccno1;33;0.11074360756219621;-64.58679;19.21279;Druglike_1087, Druglike_1083, Druglike_1112, Druglike_1109, Druglike_1084, Druglike_1102, Druglike_1138, Druglike_1126, Druglike_1116, Druglike_1142, Druglike_1163, Druglike_1139, Druglike_1128, Druglike_1198, Druglike_1202, Druglike_1182, Druglike_1207, Druglike_1208, Druglike_1188, Druglike_1234, Druglike_1175, Druglike_1220, Druglike_1213, Druglike_1323, Druglike_1308, Druglike_1247, Druglike_1270, Druglike_1252, Druglike_1320, Druglike_1302, Druglike_1261, Druglike_1280, Druglike_1304
AS-16;c1ccc(-c2ccccc2)cc1;32;0.4138555777282013;21.98101;-4.645809;HighDiv_1199, HighDiv_1595, HighDiv_1612, HighDiv_1591, HighDiv_1609, HighDiv_1621, HighDiv_1276, HighDiv_2026, HighDiv_1643, HighDiv_1635, HighDiv_1320, HighDiv_1326, HighDiv_1640, HighDiv_1301, HighDiv_767, HighDiv_1677, HighDiv_1316, Druglike_393, HighDiv_1059, HighDiv_1444, HighDiv_1923, HighDiv_1435, HighDiv_1442, HighDiv_1723, HighDiv_964, Druglike_514, HighDiv_1527, HighDiv_1758, HighDiv_1797, HighDiv_1524, HighDiv_1551, HighDiv_842
AS-17;O=c1cc[nH]c(-c2nnco2)c1;30;-0.10949607216173905;-18.232033;-37.78813;Druglike_1737, Druglike_1787, Druglike_1802, Druglike_1818, Druglike_1808, Druglike_1807, Druglike_1783, Druglike_1893, Druglike_1860, Druglike_1805, Druglike_1926, Druglike_1863, Druglike_1842, Druglike_1947, Druglike_1848, Druglike_1943, Druglike_1924, Druglike_2015, Druglike_1894, Druglike_1847, Druglike_1968, Druglike_2069, Druglike_2008, Druglike_2001, Druglike_2009, Druglike_2010, Druglike_2022, Druglike_1965, Druglike_1951, Druglike_1912
AS-18;c1ccc(-c2cc[nH]c2)cc1;28;0.5137945440617362;59.62635;-19.598171;HighDiv_38, HighDiv_42, HighDiv_40, HighDiv_54, HighDiv_56, HighDiv_106, HighDiv_217, HighDiv_72, HighDiv_53, HighDiv_252, HighDiv_315, HighDiv_238, HighDiv_364, HighDiv_296, HighDiv_266, HighDiv_456, HighDiv_459, HighDiv_382, HighDiv_440, HighDiv_219, HighDiv_461, HighDiv_309, HighDiv_712, HighDiv_737, HighDiv_500, HighDiv_436, HighDiv_610, HighDiv_881
AS-19;c1cocn1;25;-0.5752847892115421;-43.985184;-4.4201064;HighDiv_95, HighDiv_326, HighDiv_409, HighDiv_588, HighDiv_735, HighDiv_590, HighDiv_636, HighDiv_741, HighDiv_911, HighDiv_902, HighDiv_1102, HighDiv_1104, HighDiv_804, HighDiv_968, HighDiv_1032, HighDiv_1094, HighDiv_794, HighDiv_1045, HighDiv_1079, HighDiv_927, HighDiv_1150, HighDiv_1173, HighDiv_1108, HighDiv_1149, HighDiv_768
AS-20;c1cc(-c2cnc[nH]2)c[nH]1;24;-0.3090693885510873;-4.0118566;-31.044615;Druglike_1440, Druglike_1444, Druglike_1457, Druglike_1477, Druglike_1455, Druglike_1503, Druglike_1465, Druglike_1679, Druglike_1535, Druglike_1585, Druglike_1575, Druglike_1674, Druglike_1572, Druglike_1521, Druglike_1541, Druglike_1612, Druglike_1611, Druglike_1596, Druglike_1705, Druglike_1642, Druglike_1647, Druglike_1688, Druglike_1712, Druglike_1665
AS-21;O=C(c1cc[nH]c1)c1ncc(C=Cc2ccccc2)cn1;22;0.8730416002481305;-5.000777;-59.400295;Druglike_1120, Druglike_1115, Druglike_1049, Druglike_1054, Druglike_1089, Druglike_1088, Druglike_1072, Druglike_1064, Druglike_1157, Druglike_1062, Druglike_1155, Druglike_1125, Druglike_1073, Druglike_1058, Druglike_1121, Druglike_1113, Druglike_1066, Druglike_1076, Druglike_1065, Druglike_1090, Druglike_1086, Druglike_1068
AS-22;C1=COC=CC1;22;-0.562055180709889;-6.092589;18.080048;Druglike_86, Druglike_286, Druglike_1431, Druglike_335, Druglike_338, Druglike_388, Druglike_1471, Druglike_367, Druglike_1441, Druglike_1496, Druglike_317, Druglike_918, Druglike_871, Druglike_884, Druglike_1482, Druglike_516, Druglike_1631, Druglike_1598, Druglike_1499, Druglike_1600, Druglike_1001, Druglike_1676
AS-23;c1ccc(CCc2ccccc2)cc1;21;0.9021216687391155;15.540377;5.486535;HighDiv_1659, HighDiv_102, HighDiv_1627, HighDiv_1592, HighDiv_1666, HighDiv_1614, HighDiv_1629, HighDiv_1670, HighDiv_203, HighDiv_1675, HighDiv_1622, HighDiv_1623, HighDiv_1637, Druglike_174, HighDiv_1829, HighDiv_1714, Druglike_225, Druglike_794, HighDiv_2201, HighDiv_1802, HighDiv_893
AS-24;c1ccc([SH+]c2ccccc2)cc1;21;0.2831052341915507;-69.17146;-17.740831;HighDiv_1650, HighDiv_1633, HighDiv_1634, HighDiv_1686, HighDiv_1720, HighDiv_1692, HighDiv_1671, HighDiv_1674, HighDiv_1698, HighDiv_1683, HighDiv_1687, HighDiv_1709, HighDiv_1752, HighDiv_1744, HighDiv_1743, HighDiv_1784, HighDiv_1902, HighDiv_1889, HighDiv_1745, HighDiv_1809, HighDiv_1865
AS-25;O=C(c1ccc[nH]1)c1nc(=O)o[nH]1;21;-0.17756150091263787;-34.063614;-58.33638;Druglike_275, Druglike_352, Druglike_595, Druglike_378, Druglike_518, Druglike_503, Druglike_1011, Druglike_584, Druglike_1045, Druglike_938, Druglike_779, Druglike_889, Druglike_760, Druglike_904, Druglike_875, Druglike_1010, Druglike_822, Druglike_867, Druglike_1021, Druglike_992, Druglike_878
AS-26;O=C1C=CC(C=Cc2cccnc2)N1;20;0.13676235950450424;42.628906;-36.842976;Druglike_16, Druglike_53, Druglike_106, Druglike_62, Druglike_270, Druglike_168, Druglike_145, Druglike_262, Druglike_482, Druglike_291, Druglike_334, Druglike_333, Druglike_312, Druglike_322, Druglike_392, Druglike_426, Druglike_563, Druglike_692, Druglike_1015, Druglike_876
AS-27;O=C(c1ncc(C=Cc2ccccc2)cn1)c1n[nH]c(=O)o1;19;2.219980113130772;-10.264922;-58.02882;Druglike_1050, Druglike_1052, Druglike_1051, Druglike_1060, Druglike_1059, Druglike_1057, Druglike_1053, Druglike_1079, Druglike_1055, Druglike_1094, Druglike_1096, Druglike_1095, Druglike_1105, Druglike_1101, Druglike_1114, Druglike_1097, Druglike_1107, Druglike_1124, Druglike_1165
AS-28;c1ccc(-c2ccno2)cc1;19;-0.34132856624860786;18.545988;20.665253;HighDiv_1302, HighDiv_435, HighDiv_452, HighDiv_1363, HighDiv_1772, HighDiv_1020, HighDiv_937, HighDiv_428, HighDiv_1041, HighDiv_1084, HighDiv_1022, HighDiv_1114, HighDiv_873, HighDiv_834, HighDiv_750, HighDiv_1042, HighDiv_791, Druglike_1593, HighDiv_1095
AS-29;O=C1C=CC(=O)C(c2ccccc2)=C1;18;0.692575182870679;1.4946921;-38.680172;HighDiv_49, HighDiv_181, HighDiv_107, HighDiv_209, HighDiv_423, HighDiv_321, HighDiv_260, HighDiv_413, HighDiv_396, HighDiv_372, HighDiv_504, HighDiv_657, HighDiv_582, HighDiv_437, HighDiv_617, HighDiv_684, HighDiv_917, HighDiv_1100
AS-30;C(=Cc1nnc[nH]1)c1cccnc1;17;-0.17588688089067178;-63.5897;-0.7265799;HighDiv_1942, HighDiv_1954, HighDiv_1948, HighDiv_2020, HighDiv_2066, HighDiv_1992, HighDiv_2165, HighDiv_2050, HighDiv_2062, HighDiv_2122, HighDiv_2115, HighDiv_2157, HighDiv_2159, HighDiv_2247, HighDiv_2214, HighDiv_2204, HighDiv_2302
AS-31;O=C(C#Cc1ccccc1)OC1CC=NC1;17;0.39469634520790325;-12.739841;52.374588;Druglike_1728, Druglike_1727, Druglike_1749, Druglike_1754, Druglike_1738, Druglike_1732, Druglike_1792, Druglike_1780, Druglike_1856, Druglike_1885, Druglike_1978, Druglike_1889, Druglike_1915, Druglike_1944, Druglike_2026, Druglike_2036, Druglike_2048
AS-32;c1ccc(-c2ncno2)cc1;16;-0.25956816430535024;28.524685;24.677788;HighDiv_444, HighDiv_960, HighDiv_924, HighDiv_573, HighDiv_749, HighDiv_1054, HighDiv_677, HighDiv_906, HighDiv_1083, HighDiv_1110, HighDiv_1129, HighDiv_988, HighDiv_788, HighDiv_1188, HighDiv_1029, HighDiv_1055
AS-33;O=C1C=C(CC=Cc2ccccc2)C(=O)N1;15;0.6205908009023468;14.240633;-45.619858;HighDiv_66, HighDiv_141, HighDiv_197, HighDiv_177, HighDiv_235, HighDiv_201, HighDiv_232, HighDiv_227, HighDiv_272, HighDiv_283, HighDiv_477, HighDiv_773, HighDiv_976, HighDiv_883, HighDiv_987
AS-34;C(=Cc1ccn[nH]1)c1ccccc1;15;-0.10124277777194954;-26.7701;-29.133598;Druglike_246, Druglike_276, Druglike_672, Druglike_450, Druglike_778, Druglike_504, Druglike_1031, Druglike_894, Druglike_586, Druglike_605, Druglike_843, Druglike_663, Druglike_1043, Druglike_857, Druglike_1025
AS-35;O=c1ccc2cc([SH+]c3ccccc3)ccc2o1;15;1.9798548083617475;-71.34559;-14.293707;HighDiv_1587, HighDiv_1588, HighDiv_1590, HighDiv_1585, HighDiv_1606, HighDiv_1593, HighDiv_1594, HighDiv_1598, HighDiv_1603, HighDiv_1599, HighDiv_1617, HighDiv_1611, HighDiv_1669, HighDiv_1632, HighDiv_1718
AS-36;C(#Cc1nnc[nH]1)c1nnc[nH]1;14;-0.630366065421853;-39.57583;25.147762;Druglike_512, Druglike_866, Druglike_439, Druglike_369, Druglike_838, Druglike_715, Druglike_776, Druglike_880, Druglike_863, Druglike_1038, Druglike_803, Druglike_627, Druglike_1039, Druglike_1046
AS-37;C1=CNC(C=Cc2cccnc2)C=C1;14;-0.2136518978871165;45.80859;-36.674732;Druglike_139, Druglike_271, Druglike_372, Druglike_305, Druglike_192, Druglike_368, Druglike_497, Druglike_962, Druglike_541, Druglike_492, Druglike_927, Druglike_649, Druglike_830, Druglike_737
AS-38;O=c1[nH]ccc2cc[nH]c12;13;0.12226062447037361;37.410892;28.199482;HighDiv_126, HighDiv_146, HighDiv_331, HighDiv_618, Druglike_1784, Druglike_1909, Druglike_1952, HighDiv_800, Druglike_1970, Druglike_1982, Druglike_2004, HighDiv_609, Druglike_2055
AS-39;C1=Cc2ccccc2C1;13;0.39014154244970123;30.042635;38.483982;Druglike_36, Druglike_73, Druglike_175, Druglike_254, Druglike_386, Druglike_259, Druglike_284, Druglike_363, Druglike_493, Druglike_510, Druglike_948, Druglike_1289, HighDiv_2258
AS-40;c1ccc(-c2ccoc2)cc1;12;0.07804060495561431;1.8415095;25.941467;HighDiv_1600, HighDiv_1665, Druglike_1929, Druglike_1801, Druglike_1786, Druglike_1565, Druglike_1914, HighDiv_983, Druglike_1977, Druglike_1985, Druglike_1953, Druglike_1930
AS-41;c1ccc2[nH]cnc2c1;12;-0.19868609735903073;0.76020604;3.6224864;HighDiv_1620, Druglike_1522, Druglike_1476, Druglike_1458, Druglike_1475, HighDiv_2023, Druglike_1538, HighDiv_2071, Druglike_1962, HighDiv_2295, Druglike_1972, HighDiv_2271
AS-42;c1ncc2cn[nH]c2n1;12;-0.34001616583439925;-37.918118;-15.920985;Druglike_114, Druglike_51, Druglike_143, Druglike_416, Druglike_212, Druglike_481, Druglike_944, Druglike_705, Druglike_952, Druglike_539, Druglike_643, Druglike_755
AS-43;c1cn[nH]c1;12;-0.8898232745081804;-12.728657;13.801024;HighDiv_1456, HighDiv_1440, Druglike_1591, Druglike_1485, Druglike_1505, Druglike_1678, Druglike_1613, Druglike_466, Druglike_1629, Druglike_1680, Druglike_1344, HighDiv_2266
AS-44;O=C(C#Cc1cccnc1)Nc1cccnc1;12;1.0492420999847012;-39.06487;50.72888;HighDiv_1215, HighDiv_1207, HighDiv_1246, HighDiv_1264, HighDiv_1275, HighDiv_1273, HighDiv_1309, HighDiv_1333, HighDiv_1321, HighDiv_1397, HighDiv_1407, HighDiv_1360
AS-45;c1ccc(-c2cnc[nH]2)nc1;12;-0.606187363328443;-24.414415;-19.31375;Druglike_1726, Druglike_1799, Druglike_1800, Druglike_1859, Druglike_1831, Druglike_1882, Druglike_1861, Druglike_1964, Druglike_1975, Druglike_2050, Druglike_1969, Druglike_1987
AS-46;O=C1C=CC(=O)C(c2ccccn2)=C1;12;1.043266847796988;47.114517;25.746614;HighDiv_5, HighDiv_32, HighDiv_59, HighDiv_22, HighDiv_70, HighDiv_45, HighDiv_44, HighDiv_379, HighDiv_546, HighDiv_660, HighDiv_554, HighDiv_1080
AS-47;c1ccc2[nH]ccc2c1;11;-0.543713247144967;5.212989;-9.13842;HighDiv_478, HighDiv_1140, HighDiv_1713, HighDiv_1017, Druglike_1615, Druglike_1239, HighDiv_989, HighDiv_833, HighDiv_1869, HighDiv_1854, Druglike_975
AS-48;O=C(CNCC=Cc1ccccc1)Cc1ccccc1;10;1.3946348907972634;25.306076;-35.39901;Druglike_30, Druglike_50, Druglike_74, Druglike_70, Druglike_97, Druglike_119, Druglike_116, Druglike_128, Druglike_292, Druglike_194
AS-49;O=C(c1cc[nH]c1)c1cc[nH]n1;10;-0.24764488139694665;17.526697;27.14242;HighDiv_1597, HighDiv_1631, HighDiv_1704, HighDiv_1726, HighDiv_1807, HighDiv_1762, HighDiv_1728, HighDiv_1842, HighDiv_1818, HighDiv_1881
AS-50;O=C1C=C(Cc2nnco2)OC1;10;-0.160838450352911;-41.627373;-25.842976;Druglike_1159, Druglike_1167, Druglike_1204, Druglike_1196, Druglike_1189, Druglike_1197, Druglike_1271, Druglike_1260, Druglike_1272, Druglike_1279
AS-51;O=C(C#Cc1cccnc1)Nc1ccccc1;10;1.2792418694708305;-38.60687;52.212425;HighDiv_1202, HighDiv_1208, HighDiv_1242, HighDiv_1284, HighDiv_1270, HighDiv_1299, HighDiv_1280, HighDiv_1294, HighDiv_1423, HighDiv_1437
AS-52;O=C(C#Cc1ccccc1)OCCN1C=CCC1;10;0.6215139139688999;-8.30951;50.233784;Druglike_1725, Druglike_1731, Druglike_1743, Druglike_1740, Druglike_1767, Druglike_1777, Druglike_1766, Druglike_1816, Druglike_1872, Druglike_1981
AS-53;C=C(c1ccccc1)c1cn[nH]n1;10;-0.25931117823984196;-26.449284;-11.810326;Druglike_1368, Druglike_1490, Druglike_1419, Druglike_1450, Druglike_1443, Druglike_1628, Druglike_1653, Druglike_1636, Druglike_1562, Druglike_1579
AS-54;C(=CCc1ncc2cn[nH]c2n1)Cc1ccccn1;10;1.4864481866617631;-36.8554;-18.56073;Druglike_1, Druglike_2, Druglike_10, Druglike_12, Druglike_41, Druglike_80, Druglike_94, Druglike_98, Druglike_430, Druglike_548
AS-55;c1ccc(-c2ncn[nH]2)cc1;9;-0.5927825440304948;3.3112307;-43.566654;HighDiv_2073, Druglike_574, Druglike_1825, Druglike_1895, Druglike_1999, Druglike_1916, Druglike_2025, Druglike_2031, Druglike_2049
AS-56;O=C1NC(=O)c2ccccc21;9;-0.5119922560600224;9.03947;6.662125;Druglike_1907, Druglike_2030, Druglike_2053, HighDiv_2130, Druglike_1993, Druglike_2061, HighDiv_2178, HighDiv_2250, HighDiv_2210
AS-57;c1ccc([SH+]c2ccc3c(c2)CCN3)cc1;9;0.8483598945500825;-66.01187;-20.376364;HighDiv_1655, HighDiv_1638, HighDiv_1656, HighDiv_1695, HighDiv_1711, HighDiv_1624, HighDiv_1694, HighDiv_1667, HighDiv_1701
AS-58;O=c1ccc(-c2ccoc2)n[nH]1;9;-0.42852214523067517;-40.94671;-41.0173;Druglike_1145, Druglike_1169, Druglike_1364, Druglike_1223, Druglike_1254, Druglike_1209, Druglike_1285, Druglike_1267, Druglike_1288
AS-59;C(#Cc1ccc2c(c1)NCO2)CCCc1cn[nH]n1;9;0.2452133484052163;-5.6284003;75.43219;Druglike_505, Druglike_565, Druglike_364, Druglike_644, Druglike_628, Druglike_844, Druglike_676, Druglike_1020, Druglike_667
AS-60;c1ccoc1;9;-0.6285480475858163;13.407688;-0.32625088;HighDiv_637, HighDiv_465, HighDiv_624, HighDiv_1049, HighDiv_903, HighDiv_732, Druglike_2047, Druglike_2028, Druglike_2058
AS-61;c1ccc([SH+]c2ccc3sccc3c2)cc1;8;2.597922022342522;-73.217545;-18.934454;HighDiv_1581, HighDiv_1580, HighDiv_1586, HighDiv_1582, HighDiv_1583, HighDiv_1584, HighDiv_1589, HighDiv_1613
AS-62;c1ccc(-c2ccccn2)cc1;8;-0.05340389722398184;-10.661003;-25.199215;HighDiv_1198, HighDiv_1201, HighDiv_1357, HighDiv_1376, Druglike_829, HighDiv_1542, HighDiv_1381, HighDiv_1432
AS-63;C1=COC(CCc2ccccn2)=CC1;8;0.07436189956876335;-51.118584;-15.03451;Druglike_150, Druglike_742, Druglike_459, Druglike_311, Druglike_500, Druglike_560, Druglike_959, Druglike_639
AS-64;c1ccc2c(c1)CNNC2;8;-0.04333018708117842;16.140438;29.839685;Druglike_95, Druglike_227, Druglike_601, Druglike_185, Druglike_901, Druglike_745, Druglike_648, Druglike_677
AS-65;c1ccc(Cc2ccoc2)nc1;8;0.6035997663006724;-35.141975;18.015863;Druglike_3, Druglike_40, Druglike_61, Druglike_31, Druglike_115, Druglike_219, Druglike_215, Druglike_551
AS-66;C=C(c1cnccn1)c1cn[nH]n1;7;-0.42059928458508694;-30.278744;-10.988129;Druglike_1430, Druglike_1483, Druglike_1460, Druglike_1569, Druglike_1601, Druglike_1592, Druglike_1618
AS-67;c1ccc(-c2cc[nH]n2)cc1;7;-0.18624028179147292;0.60300815;-20.28955;HighDiv_1269, Druglike_1770, HighDiv_1398, HighDiv_1546, HighDiv_1495, HighDiv_1908, HighDiv_1485
AS-68;c1ccc(-c2nnco2)cc1;7;-0.8070129880947788;-15.022357;-9.77999;HighDiv_1798, HighDiv_1279, HighDiv_2303, HighDiv_1910, HighDiv_1884, HighDiv_961, HighDiv_1132
AS-69;c1ccc(-c2nnco2)nc1;7;-0.2306421833919848;-24.419577;-39.607456;Druglike_177, Druglike_327, Druglike_719, Druglike_860, Druglike_811, Druglike_1026, Druglike_973
AS-70;O=C(Oc1ccccc1)c1ccccc1;7;-0.13967549511170124;2.988651;-4.674721;Druglike_1819, HighDiv_1734, Druglike_720, Druglike_664, Druglike_1923, Druglike_1903, Druglike_1844
AS-71;C(#Cc1ccccc1)Cn1cccn1;7;0.5903016056093006;2.420903;35.71363;HighDiv_1253, HighDiv_1329, HighDiv_1265, HighDiv_1260, HighDiv_1335, HighDiv_1385, HighDiv_1393
AS-72;c1cc(-c2cnn[nH]2)[nH]n1;7;-0.6715108653657275;-18.871561;-13.573689;Druglike_154, Druglike_807, Druglike_440, Druglike_622, Druglike_611, Druglike_750, Druglike_939
AS-73;c1ccc(-c2ccn[nH]2)nc1;7;-0.29350160896484934;32.57671;-42.424564;Druglike_160, Druglike_697, Druglike_438, Druglike_714, Druglike_934, Druglike_764, Druglike_1022
AS-74;O=c1cccc(-c2cnoc2)o1;6;-0.1620277392208267;-23.827738;37.973602;Druglike_1453, Druglike_1466, Druglike_1531, Druglike_1561, Druglike_1597, Druglike_1652
AS-75;c1cc(CCc2cncnc2)cc(-c2cn[nH]n2)c1;6;0.7168264005943658;-17.358234;28.776876;Druglike_136, Druglike_111, Druglike_121, Druglike_166, Druglike_328, Druglike_376
AS-76;c1ccc(-c2cnco2)nc1;6;-0.6870446618690229;17.017927;-53.979305;Druglike_579, Druglike_462, Druglike_665, Druglike_304, Druglike_746, Druglike_555
AS-77;O=C(Nc1cccnc1)c1ccccc1;6;0.768024867901898;40.24676;20.82731;Druglike_1769, Druglike_1788, Druglike_1858, Druglike_1829, Druglike_1849, Druglike_1841
AS-78;c1ccc(-c2nc[nH]n2)cc1;6;0.022990020385982413;-11.374752;-6.200935;Druglike_341, Druglike_353, Druglike_598, Druglike_342, Druglike_749, Druglike_2018
AS-79;O=C1NCC(C=Cc2ccccc2)N1;6;-0.19447248295714295;30.617975;28.854334;HighDiv_946, Druglike_412, Druglike_274, Druglike_652, Druglike_597, Druglike_545
AS-80;c1cc2c(cc1CCNCCc1cnon1)NCO2;6;-0.11276130581606551;-7.4294124;71.20407;Druglike_343, Druglike_620, Druglike_752, Druglike_814, Druglike_709, Druglike_995
AS-81;c1cc(OCc2nnc[nH]2)ccn1;6;0.44319416933301015;-24.123789;-6.832638;Druglike_162, Druglike_76, Druglike_172, Druglike_144, Druglike_408, Druglike_688
AS-82;C(=Cc1ncn[nH]1)Cc1nnc[nH]1;6;-0.09226883795553463;-45.942856;4.3455014;HighDiv_322, HighDiv_616, HighDiv_514, HighDiv_607, HighDiv_774, HighDiv_1112
AS-83;O=C1CC(C=C2C=Cc3ccccc32)=NN1;6;0.3104983975635593;6.4305477;-29.89498;Druglike_1099, Druglike_1238, Druglike_1303, Druglike_1290, Druglike_1249, Druglike_1255
AS-84;C1=Nc2ccc(Nc3ccccc3)cc2C1;6;0.36638150908278816;43.66696;11.284442;HighDiv_798, HighDiv_762, HighDiv_628, HighDiv_716, HighDiv_1069, HighDiv_1005
AS-85;c1cncc(-c2cc[nH]c2)c1;6;-0.845681940451645;-44.844563;-2.9431646;HighDiv_2098, HighDiv_1034, HighDiv_2257, HighDiv_2191, HighDiv_2230, HighDiv_1522
AS-86;c1ccc(CCCn2ccnn2)cc1;6;-0.2356045744789106;-9.148974;-14.228313;Druglike_1449, Druglike_1491, Druglike_1586, Druglike_1537, Druglike_1552, Druglike_1606
AS-87;c1ccn(CCc2cnon2)c1;6;1.0841359194061517;-41.296524;16.866053;Druglike_1377, Druglike_1380, Druglike_1393, Druglike_1399, Druglike_1401, Druglike_1408
AS-88;C1=CC(c2ccccc2)=CC1;6;0.042697988450220735;17.290442;13.92765;HighDiv_1271, HighDiv_1323, HighDiv_1312, HighDiv_1392, HighDiv_1389, HighDiv_1812
AS-89;c1ccc2[nH]ncc2c1;6;-0.9612579336205588;-9.589714;-8.553678;HighDiv_1406, HighDiv_1516, HighDiv_1530, HighDiv_1489, HighDiv_1557, HighDiv_1498
AS-90;C(=Cc1cccc(-c2ncn[nH]2)n1)c1cccnc1;6;1.449890873009468;0.6673873;-77.46409;HighDiv_94, HighDiv_121, HighDiv_170, HighDiv_25, HighDiv_46, HighDiv_65
AS-91;C(#Cc1cccc(-c2cn[nH]c2)c1)c1ccccc1;5;1.1631867313658513;-20.019861;-5.020108;Druglike_118, Druglike_326, Druglike_287, Druglike_495, Druglike_589
AS-92;c1ccc2occc2c1;5;-0.7166583190786592;-3.2473412;3.1736934;Druglike_1713, HighDiv_1465, Druglike_1661, HighDiv_626, HighDiv_1015
AS-93;O=C1CNc2c(cccc2C(=O)Nc2ccccc2)N1;5;0.8503865693183219;22.394236;35.517933;HighDiv_1278, HighDiv_1332, HighDiv_1324, HighDiv_1373, HighDiv_1454
AS-94;c1c[nH]c(-c2nnn[nH]2)c1;5;-0.5630905299498521;-20.544537;-19.48544;Druglike_711, Druglike_602, Druglike_1019, Druglike_845, Druglike_976
AS-95;O=C(Nc1ccccc1)c1ccccc1;5;0.6833176603826574;31.985275;10.007485;HighDiv_1625, HighDiv_1661, HighDiv_411, HighDiv_279, HighDiv_729
AS-96;c1c[nH]cn1;5;-0.6097717563698065;-5.2415123;11.432318;HighDiv_1993, HighDiv_2039, HighDiv_923, HighDiv_1113, Druglike_1677
AS-97;O=C1C=C(C#Cc2ccccc2)CCO1;5;0.8660276982431817;41.275448;41.529194;HighDiv_2022, HighDiv_2024, HighDiv_2182, HighDiv_2001, HighDiv_2180
AS-98;c1ccc([SH+]c2ccc3c(c2)CNC3)cc1;5;1.2208646807178778;-67.685074;-20.716328;HighDiv_1608, HighDiv_1658, HighDiv_1654, HighDiv_1652, HighDiv_1706
AS-99;O=C(c1ccccc1)c1ncn[nH]1;5;0.29903182021166097;30.400646;2.779958;HighDiv_87, HighDiv_244, Druglike_1161, Druglike_1140, HighDiv_1073
AS-100;C(=Cc1ncc[nH]1)c1cccnc1;5;-0.030211051877741292;-63.997498;-0.56291467;HighDiv_1997, HighDiv_2031, HighDiv_2033, HighDiv_2137, HighDiv_2319
AS-101;c1cc(-c2cnon2)ncn1;5;-0.40903713789922946;-33.710705;-2.7394497;Druglike_187, Druglike_204, Druglike_526, Druglike_958, Druglike_855
AS-102;O=C(Oc1cccnc1)c1ccccc1;5;0.08694262588226716;19.189882;16.137655;Druglike_103, Druglike_248, Druglike_656, Druglike_1009, Druglike_925
AS-103;c1cc(Cc2cc[nH]n2)ncn1;5;-0.43229336053982886;-39.67849;1.5106595;Druglike_619, Druglike_847, Druglike_982, Druglike_998, Druglike_816
AS-104;c1ccn(CCc2ccno2)c1;5;2.110836269342383;-42.61405;16.425833;Druglike_1369, Druglike_1370, Druglike_1372, Druglike_1371, Druglike_1373
AS-105;O=C1CNc2c(cccc2C(=O)Nc2ccccn2)N1;5;0.7631677795806195;22.898266;37.569653;HighDiv_1328, HighDiv_1247, HighDiv_1447, HighDiv_1362, HighDiv_1523
AS-106;O=C(C#Cc1cccnc1)OCc1ccc[nH]1;5;-0.09715069531960116;-22.636404;47.428528;HighDiv_2106, HighDiv_2111, HighDiv_2187, HighDiv_2325, HighDiv_2298
AS-107;C(#Cc1cn[nH]c1)Cc1ccccc1;5;-0.07042412257805718;-13.846701;18.810274;HighDiv_1343, HighDiv_1293, HighDiv_1382, HighDiv_1399, HighDiv_1506
AS-108;N=c1sccn1CCc1ccccc1;5;-0.3271973334567487;-4.534816;-17.855255;HighDiv_213, HighDiv_726, HighDiv_575, HighDiv_691, HighDiv_801
AS-109;c1ccc(-n2cnnc2)cc1;5;0.2644586336224176;24.941471;14.1297865;HighDiv_3, HighDiv_1209, HighDiv_701, HighDiv_2270, HighDiv_1099
AS-110;c1ccc2c(c1)NCN2;5;-0.6665961720425162;6.060863;-4.5505533;HighDiv_2086, HighDiv_2320, HighDiv_2238, HighDiv_2277, Druglike_981
AS-111;O=C(C#Cc1cnc[nH]1)c1cnco1;5;-0.044262785608282895;-46.04313;34.405663;Druglike_384, Druglike_549, Druglike_633, Druglike_902, Druglike_924
AS-112;N=c1[nH]cc(CCC#Cc2ccccn2)s1;5;0.22127359298658314;3.9388664;50.587425;HighDiv_2045, HighDiv_1970, HighDiv_1996, HighDiv_2059, HighDiv_2068
AS-113;O=C(C=CC1=CCON1)CCc1ccccn1;5;0.025624555494442626;-50.722878;-23.401299;HighDiv_1697, HighDiv_1721, HighDiv_1787, HighDiv_1875, HighDiv_1933
AS-114;C1=Cc2ccccc2C1=Cc1ccon1;5;0.5474451340331873;4.6367054;-28.472467;Druglike_1129, Druglike_1134, Druglike_1143, Druglike_1233, Druglike_1194
AS-115;O=C(C=Cc1ccccc1)C1CCCNN1;5;-0.4655041280493834;-32.837025;-27.205486;Druglike_567, Druglike_751, Druglike_781, Druglike_784, Druglike_886
AS-116;O=C(CC#Cc1cnon1)c1ccccc1;5;0.3610850435143428;10.967747;42.566917;Druglike_351, Druglike_434, Druglike_660, Druglike_762, Druglike_877
AS-117;C1=NOCN1c1ccccc1;5;-0.3332316926086403;18.927563;34.201057;HighDiv_2096, HighDiv_486, HighDiv_538, HighDiv_860, Druglike_631
AS-118;c1ccc(Nc2cccnc2)cc1;5;-0.29816537847144414;33.11146;11.578635;HighDiv_243, HighDiv_560, Druglike_1263, HighDiv_867, HighDiv_1089
AS-119;C1=COC(CCCc2cccnc2)=CC1;5;1.0269188751671852;-36.091675;-2.7607512;Druglike_14, Druglike_19, Druglike_35, Druglike_247, Druglike_193
AS-120;c1ccc(CCc2cc[nH]c2)cc1;5;0.544684809764069;60.92414;16.930593;HighDiv_79, HighDiv_77, HighDiv_871, HighDiv_958, HighDiv_1196
AS-121;C(=Cc1cnc[nH]1)CCCc1ccccc1;4;0.5179102576702559;23.671965;45.115948;HighDiv_186, HighDiv_502, HighDiv_466, HighDiv_1070
AS-122;O=c1ccc(-c2cnc(C=Cc3ccccc3)o2)n[nH]1;4;0.8444736080917556;-34.9525;-38.214188;Druglike_1098, Druglike_1100, Druglike_1081, Druglike_1150
AS-123;O=C(c1ncc(C=Cc2ccccc2)cn1)c1ccc[nH]1;4;1.2628864912499564;-9.075176;-61.495846;Druglike_1085, Druglike_1108, Druglike_1103, Druglike_1144
AS-124;C(#Cc1ccccc1)c1ccccc1;4;0.32564072078888934;-2.374725;23.1941;Druglike_1409, Druglike_1492, HighDiv_1537, Druglike_1662
AS-125;c1cnc2[nH]ccc2n1;4;-0.6526900044660343;-30.387426;-0.41586375;Druglike_1822, Druglike_1941, Druglike_2013, Druglike_2070
AS-126;c1cncc(-c2nncs2)c1;4;-0.8626042350177914;-35.737923;27.516396;HighDiv_1562, HighDiv_1415, HighDiv_1786, HighDiv_1538
AS-127;c1cncc(Cc2ncco2)c1;4;-0.03399727051770714;-39.63279;8.411278;Druglike_214, Druglike_278, Druglike_789, Druglike_922
AS-128;O=c1[nH]nc(CC#Cc2ccccc2)[nH]1;4;0.5600859041347348;-10.62458;37.456978;HighDiv_247, HighDiv_408, HighDiv_420, HighDiv_476
AS-129;O=C1C=C(Cc2ccncn2)CO1;4;-0.3752540345908274;-40.470062;3.1188588;Druglike_513, Druglike_561, Druglike_671, Druglike_1008
AS-130;C(=Cc1ccccc1)Cc1nnco1;4;-0.25418517908733124;-2.8976269;-33.915176;HighDiv_1636, Druglike_1540, Druglike_1691, HighDiv_1046
AS-131;c1c[nH]c(-c2cnco2)c1;4;-0.6834418378005127;-22.352448;1.9859207;Druglike_955, Druglike_917, Druglike_1024, Druglike_854
AS-132;C(#Cc1ccccc1)CCC1=CCC=CO1;4;0.4589554467540535;0.6425482;30.052155;HighDiv_1626, HighDiv_1699, HighDiv_1719, HighDiv_1847
AS-133;C(=Cc1ccccc1)Cc1nnc[nH]1;4;0.3574977973430861;18.128963;-31.955124;HighDiv_1984, HighDiv_2047, HighDiv_2049, HighDiv_2133
AS-134;O=c1[nH][nH]c2ccccc12;4;-0.3102330676219423;7.0460963;12.972312;HighDiv_1027, HighDiv_959, HighDiv_790, HighDiv_882
AS-135;O=C1NCCN1c1cccc(C#CCCC2=CCCS2)c1;4;1.7549619677647845;13.626516;67.43028;HighDiv_26, HighDiv_19, HighDiv_161, HighDiv_171
AS-136;c1ccc(Nc2ccccc2)cc1;4;0.22946461046933053;-4.4861283;24.52293;Druglike_1257, Druglike_1210, Druglike_1269, Druglike_1361
AS-137;O=C1CCC(C=C(Cc2ccccc2)c2ncn[nH]2)O1;4;0.3038062482081845;-12.916819;-30.510612;Druglike_1405, Druglike_1448, Druglike_1469, Druglike_1547
AS-138;C(#Cc1cccnc1)c1ccccc1;4;0.695755197999249;-22.722414;31.521446;HighDiv_1233, HighDiv_1730, HighDiv_1310, Druglike_1707
AS-139;C(=Cc1cncnc1)c1ccccc1;4;-0.0026630938526142484;-7.2323127;-56.36937;Druglike_1181, Druglike_1178, Druglike_1245, Druglike_1355
AS-140;O=C(OCc1ccncc1)c1cnc[nH]1;4;-0.0578875050501419;30.391651;31.004507;Druglike_1845, Druglike_2078, Druglike_2014, Druglike_2019
AS-141;O=C(c1cc[nH]c1)c1cscn1;4;-0.6770415724507606;-18.891775;11.017666;HighDiv_1770, HighDiv_1690, HighDiv_1851, HighDiv_1927
AS-142;N=c1[nH]cc(-c2ccccc2)s1;4;-0.38802671346290174;6.121926;-21.385786;HighDiv_1601, HighDiv_1707, HighDiv_1647, HighDiv_1864
AS-143;C(=CC1=CCCO1)Cc1ccccc1;4;-0.42470860716740566;-67.35661;16.280758;Druglike_1293, Druglike_1336, Druglike_1266, Druglike_1353
AS-144;C=C1Cc2ccccc2N1;4;0.013833770461238029;8.465531;-32.489307;HighDiv_1712, HighDiv_1759, HighDiv_1803, HighDiv_1820
AS-145;O=C(Cc1cccc(C2=CN=CCN2)c1)c1ccccc1;4;1.5852797600766642;48.928993;36.789154;Druglike_13, Druglike_188, Druglike_79, Druglike_92
AS-146;N=c1[nH]cc(CCC#Cc2ccc[nH]2)s1;4;-0.5384681962154846;3.4269295;49.425396;HighDiv_2305, HighDiv_2280, HighDiv_2269, HighDiv_2190
AS-147;C(=Cc1nn[nH]n1)c1ccccc1;4;-0.2771220548769243;31.061447;-56.518295;HighDiv_2035, HighDiv_2228, HighDiv_2259, HighDiv_2267
AS-148;O=C(Cc1ccon1)OCC#CCc1n[nH]c(=O)[nH]1;4;0.4141434665075884;-44.84307;-18.633406;Druglike_89, Druglike_233, Druglike_391, Druglike_550
AS-149;C(#Cc1ccccc1)Cc1cncnc1;4;0.15319921517980775;30.38445;7.0038443;HighDiv_410, HighDiv_275, HighDiv_665, HighDiv_728
AS-150;O=C(C#CCc1ccccc1)c1ccco1;4;-0.08529131412149549;-11.453196;19.682703;HighDiv_1258, HighDiv_1487, HighDiv_1568, HighDiv_1574
AS-151;O=C(CC#Cc1cnon1)c1cccnc1;4;0.23413062587597605;10.068627;44.730133;Druglike_818, Druglike_831, Druglike_1035, Druglike_988
AS-152;C(=Cc1cnon1)c1cccnc1;4;-0.7206010365118201;-25.247276;17.815079;Druglike_1604, Druglike_1633, Druglike_1634, Druglike_1578
AS-153;c1ccc(-n2cccn2)cc1;4;0.07554681078793019;15.923861;-5.6437993;HighDiv_169, HighDiv_1678, Druglike_1870, HighDiv_1789
AS-154;c1cncc(-c2cccnc2)c1;3;-0.5285057995934878;-39.46024;20.98491;HighDiv_1409, HighDiv_2142, HighDiv_1513
AS-155;O=C1C=C(c2ccccc2)CN1;3;-0.18963666193367046;45.4969;6.1588387;HighDiv_861, HighDiv_938, Druglike_1325
AS-156;O=C(C=CC1=CCON1)CCC1=CNNC1;3;-0.5026615280871648;-52.040356;-23.111494;HighDiv_1890, HighDiv_1766, HighDiv_1887
AS-157;C(=Cc1ccccc1)Cc1cnn[nH]1;3;0.4978241132466163;12.69572;-35.574974;Druglike_1080, Druglike_1117, Druglike_1158
AS-158;O=C1C=CC(C#Cc2ccccn2)N1;3;-0.27288288972798797;7.388676;-39.735455;Druglike_736, Druglike_650, Druglike_896
AS-159;c1nnc(C2=NOCN2)[nH]1;3;-0.18217160715528824;-25.897402;-2.7706063;Druglike_528, Druglike_573, Druglike_572
AS-160;O=C(CC1CCN1)c1cc[nH]c1;3;-0.31254132362346415;12.482144;-17.44671;Druglike_1803, Druglike_1850, Druglike_1960
AS-161;O=C(Cc1ccc(-c2cc[nH]n2)cc1)Cc1ccccn1;3;0.8343889596710984;-17.830652;-23.833883;Druglike_1747, Druglike_1806, Druglike_1795
AS-162;C(=Cc1nnco1)c1nnn[nH]1;3;-0.490522354959899;-24.342827;-34.202965;Druglike_1268, Druglike_1346, Druglike_1284
AS-163;O=C(OCc1ccccn1)c1ccccc1;3;0.23437607614357514;22.243652;17.457224;Druglike_1176, Druglike_1244, Druglike_1243
AS-164;O=C(OCc1ccoc1)c1cccnc1;3;-0.363509478037401;40.928154;-19.833073;Druglike_301, Druglike_616, Druglike_1006
AS-165;c1n[nH]cc1CCN=C1CCCN1;3;-0.4460715156830663;-52.64897;30.600471;Druglike_410, Druglike_451, Druglike_915
AS-166;O=C(C#Cc1cccnc1)NCc1ccno1;3;0.733414112528303;-35.316933;54.721905;HighDiv_1248, HighDiv_1314, HighDiv_1431
AS-167;O=C1C=C(C=Cc2ccccc2)CN1;3;-0.06283623300970072;24.892527;-31.413519;Druglike_690, Druglike_849, Druglike_891
AS-168;O=C(C#Cc1cccnc1)NC1CCCC1;3;0.8001124916796526;-38.999676;46.034008;HighDiv_1236, HighDiv_1311, HighDiv_1239
AS-169;O=C(c1ncc(C=Cc2ccccc2)cn1)c1ncn[nH]1;3;1.2779330600939522;-6.033835;-56.458942;Druglike_1131, Druglike_1148, Druglike_1154
AS-170;O=C(c1ncc(C=Cc2ccccc2)cn1)c1ccno1;3;1.9392928752971894;-7.799749;-57.558964;Druglike_1067, Druglike_1056, Druglike_1082
AS-171;O=C(c1ccncn1)c1cc[nH]n1;3;-0.34925101758572713;-15.877823;13.455295;Druglike_1571, Druglike_1660, Druglike_1710
AS-172;O=C(c1ccccn1)C1C=CC=CC1;3;-0.4683976011392808;-0.28280827;-5.285311;Druglike_1201, Druglike_1218, Druglike_1262
AS-173;C1=NCCc2cc([SH+]c3ccccc3)ccc21;3;0.6608345812351991;-66.412346;-17.444555;HighDiv_1715, HighDiv_1700, HighDiv_1649
AS-174;O=C(c1cc(=O)[nH]cn1)c1ccc[nH]1;3;-0.35576643938227637;46.19739;-20.838938;Druglike_1693, Druglike_1696, Druglike_1651
AS-175;O=C(c1ccccc1)c1nnco1;3;-0.1219188585812444;41.608383;-3.2693815;HighDiv_166, HighDiv_674, HighDiv_1928
AS-176;O=C(c1ccccc1)C1CCNC1;3;-0.9769875678578513;31.020662;0.832166;HighDiv_1040, HighDiv_851, HighDiv_1919
AS-177;C=C(CCc1ccccc1)c1n[nH]c(=O)o1;3;0.7799922811516854;-16.680605;-51.44234;Druglike_1110, Druglike_1123, Druglike_1127
AS-178;O=C(c1ccccc1)C1C=CC=CC1;3;-0.7450472950426225;-1.4634665;-4.212922;Druglike_1264, Druglike_1329, Druglike_1313
AS-179;O=C(c1ccc[nH]1)c1ccco1;3;-0.3303683592790285;-26.703074;-52.704346;Druglike_790, Druglike_735, Druglike_895
AS-180;O=C(CC=CCc1cccnc1)OCc1cnc[nH]1;3;0.004502095818103051;41.070065;-26.714478;Druglike_196, Druglike_498, Druglike_824
AS-181;O=C1CNc2ccccc2N1;3;-0.3607807594649323;19.414375;35.8594;HighDiv_1519, HighDiv_1517, HighDiv_1525
AS-182;O=C1COc2c(OCc3ccccn3)cccc21;3;0.30060460648535436;36.5125;-20.713167;HighDiv_199, HighDiv_494, HighDiv_631
AS-183;c1ccc(-c2cn[nH]c2)cc1;3;0.09747910917560203;-5.353844;0.36712924;HighDiv_757, Druglike_1217, Druglike_1231
AS-184;C1=CN=CNC1;3;-0.9787529314046863;-20.506832;-0.7016942;Druglike_415, Druglike_461, Druglike_689
AS-185;c1cn[nH]n1;3;-1.0348662339773151;-31.555414;-7.420147;Druglike_1555, Druglike_1663, Druglike_1698
AS-186;c1cn2cnnc2cn1;3;-0.9504659672247765;-23.022972;5.4962907;Druglike_1322, Druglike_1307, Druglike_1305
AS-187;c1cc(-c2nnco2)ccn1;3;-0.7314119878828098;-18.105528;-31.16216;Druglike_2035, Druglike_2023, Druglike_2007
AS-188;C(=CCc1cnco1)CC1=CCOC1;3;0.3352723777046698;-48.465546;-7.672046;HighDiv_301, HighDiv_647, HighDiv_566
AS-189;c1ccc(-c2ccc[nH]2)cc1;3;0.044996131003970034;7.1846733;-9.962576;Druglike_1994, Druglike_1908, Druglike_489
AS-190;O=C1CSc2cc([SH+]c3ccccc3)ccc2N1;3;0.9495025555524631;-66.95132;-14.937035;HighDiv_1618, HighDiv_1644, HighDiv_1685
AS-191;c1ccc(-c2ccco2)cc1;3;-0.14115544066551647;3.1205814;-4.392796;HighDiv_327, Druglike_1539, Druglike_1998
AS-192;c1ccc(-c2ccn[nH]2)cc1;3;-0.44033870034225525;-21.769539;-10.580277;Druglike_659, Druglike_1040, Druglike_785
AS-193;c1ccc2ccccc2c1;3;0.031365791525504005;9.468459;-3.5844116;HighDiv_1651, HighDiv_1840, Druglike_1966
AS-194;C(#Cc1ccccn1)CNCCC1=CNC=NC1;3;-0.36182266007226577;-20.081224;18.157824;Druglike_465, Druglike_537, Druglike_983
AS-195;O=c1cc[nH]c(-c2ccc(NC3=NCCO3)cc2)c1;3;1.2660051539649766;-7.982164;-44.22392;Druglike_1750, Druglike_1755, Druglike_1897
AS-196;c1ccc(-c2cnon2)cc1;3;-0.5026821111528664;4.5763974;14.802857;HighDiv_1298, HighDiv_1056, Druglike_1012
AS-197;c1ccc(-c2cocn2)cc1;3;-0.3552443080783716;0.6839061;-27.266443;HighDiv_2037, HighDiv_2195, HighDiv_2317
AS-198;c1ccc(-c2cscn2)cc1;3;0.1546667241245143;35.526653;19.786592;HighDiv_2181, HighDiv_2103, HighDiv_2105
AS-199;c1ccc(-c2nnc[nH]2)cc1;3;-0.25042786953628987;12.175525;9.301888;HighDiv_1374, Druglike_479, HighDiv_1408
AS-200;c1ccc(-c2nnn[nH]2)cc1;3;-0.49570370156864835;15.423589;-13.537204;HighDiv_1367, Druglike_673, HighDiv_1449
AS-201;c1ccc(-n2cncn2)cc1;3;0.18413256566937805;52.252216;-1.4417543;HighDiv_242, Druglike_420, HighDiv_748
AS-202;c1ccc(CCCc2cn[nH]n2)nc1;3;-0.4808701149784176;-31.446249;18.948156;Druglike_407, Druglike_832, Druglike_819
AS-203;c1ccc(CCNCCc2cc[nH]n2)cc1;3;0.9751492821042977;61.85256;3.95812;HighDiv_122, HighDiv_218, HighDiv_580
AS-204;c1ccc(CCc2cscn2)cc1;3;-0.2813730487291088;47.681644;8.897602;HighDiv_255, HighDiv_1192, HighDiv_2287
AS-205;c1ccc(Cc2ccc[nH]2)cc1;3;-0.1588074077728482;9.353284;-21.907595;Druglike_365, Druglike_581, Druglike_693
AS-206;O=c1cc[nH]c(C2=CN=CCN2)c1;3;-0.005308416327017303;-12.85643;-38.125813;Druglike_1976, Druglike_1871, Druglike_1878
AS-207;C(#Cc1ccccc1)Cc1cnon1;3;0.8614613166959201;-12.073845;29.240564;Druglike_1374, HighDiv_196, HighDiv_836
AS-208;c1nnco1;3;-1.1394633634989662;-23.450155;-5.432882;Druglike_1507, Druglike_1253, Druglike_1312
AS-209;O=c1[nH]c(CC=Cc2cccnc2)no1;3;0.5853051290086425;39.211426;-36.595062;Druglike_43, Druglike_201, Druglike_224
AS-210;O=C1NCC(CCCOc2ccccc2)N1;3;0.05356719758726913;33.17523;36.20458;Druglike_68, Druglike_570, Druglike_475
AS-211;O=c1[nH]nc(-c2ccccn2)[nH]1;3;-0.6570079495266329;-34.488503;11.538811;Druglike_846, Druglike_963, Druglike_954
AS-212;O=c1[nH]cn[nH]1;3;-1.4066957418256105;-3.9905288;19.257738;Druglike_523, Druglike_937, Druglike_1033
AS-213;O=c1[nH]c(-c2ccccc2)no1;3;-0.032772788920023235;-11.945801;45.84136;Druglike_1937, Druglike_1920, Druglike_1986
AS-214;O=C(C=CC1=CCON1)CCc1ccccc1;2;0.0796782147672056;-51.50541;-24.788153;HighDiv_1761, HighDiv_1834
AS-215;O=C1NCCN1c1cccc(C#CCCC2=NC=CNC2)c1;2;1.0551646525878229;11.118094;65.21108;HighDiv_562, HighDiv_482
AS-216;O=C(C=Cc1nnco1)Cc1cnco1;2;0.4883772259118001;-42.442425;-6.1742015;HighDiv_336, HighDiv_594
AS-217;O=C1NCC=C(CC=Cc2nnc[nH]2)N1;2;-0.45919084022055867;-32.10418;-19.958662;Druglike_1256, Druglike_1306
AS-218;c1nnc(-c2cnn[nH]2)[nH]1;2;-0.2139405589352492;-26.723618;-3.5763712;Druglike_472, Druglike_805
AS-219;c1ncc(-c2cnoc2)o1;2;-0.24584164163168015;-56.8295;14.477469;Druglike_642, Druglike_403
AS-220;O=C(C#Cc1cccnc1)NC1C=CC=C1;2;0.6841972434472428;-38.943054;47.457123;HighDiv_1290, HighDiv_1354
AS-221;c1ccc(-c2nncs2)cc1;2;0.20691595889160067;8.875811;13.810061;HighDiv_1224, HighDiv_1313
AS-222;O=C(C#Cc1cccnc1)NC1CCCCC1;2;0.340910797749463;-35.996727;49.400806;HighDiv_1267, HighDiv_1564
AS-223;O=C1NCC=C1C=CCCc1ccco1;2;-0.14565283145557534;0.46628642;-0.7874402;Druglike_654, Druglike_730
AS-224;c1cnc2c(Cc3ccc4oncc4c3)c[nH]c2n1;2;0.8609766866825062;-33.10921;-0.87889653;Druglike_1928, Druglike_1925
AS-225;c1nc[nH]n1;2;-1.0404005576933604;-3.4208875;16.040466;HighDiv_2162, Druglike_1345
AS-226;c1ccc2c(c1)CCC2;2;-0.32832454319552623;7.5476274;4.284696;HighDiv_1724, HighDiv_1799
AS-227;O=C1C=CC(C=Cc2ccoc2)CO1;2;-0.45342100159960896;-1.3748987;21.349983;Druglike_1558, Druglike_1536
AS-228;O=C1NCCN1c1cccc(C#CCCC2=CCC2)c1;2;0.966280951418989;14.298666;67.53743;HighDiv_355, HighDiv_448
AS-229;c1ccc(-c2cnsn2)cc1;2;-0.19692168048247236;35.170685;19.612867;HighDiv_2078, HighDiv_2315
AS-230;O=C(C1=CCC=CO1)c1n[nH]c(=O)[nH]1;2;-0.3816608657124205;-31.089798;-41.39137;Druglike_786, Druglike_928
AS-231;O=C(C1=CCNC1)c1ncc(C=Cc2ccccc2)cn1;2;1.305135064194571;-7.7060103;-63.40401;Druglike_1069, Druglike_1147
AS-232;O=C(C1=NN=CNC1)c1cc[nH]c1;2;-0.626589634989105;-21.454792;9.022846;HighDiv_1837, HighDiv_1846
AS-233;c1ccc(-c2ncncn2)cc1;2;0.16839263989923584;0.061661243;3.4502285;HighDiv_1238, Druglike_1240
AS-234;O=C1CC(C(=O)c2ccccc2)N1;2;0.513892412047284;57.494522;12.585175;HighDiv_116, HighDiv_422
AS-235;c1ccc([SH+]c2cccnc2)cc1;2;-0.32012632444491135;-67.99365;-17.676514;HighDiv_1755, HighDiv_1897
AS-236;C1=NCC(c2ccccc2)=CN1;2;-0.18675783505989776;6.2465076;-12.348169;Druglike_307, Druglike_923
AS-237;C1=CNC(CCCOc2ccccc2)=CC1;2;-0.09483076433187271;36.976364;36.024014;Druglike_1273, Druglike_1333
AS-238;C1=CNC=CC1;2;-0.5116850565953192;-9.290639;10.241322;Druglike_517, Druglike_1694
AS-239;c1ccc(Oc2ccc(-c3ncn[nH]3)cc2)cc1;2;0.17081356850688095;1.203465;-47.21457;Druglike_1838, Druglike_2040
AS-240;c1ccc(OCCc2nnc[nH]2)cc1;2;0.35475074521562705;30.0663;-9.201093;HighDiv_2008, HighDiv_2117
AS-241;C1=COC(c2ccccc2)=CC1;2;-0.03069502389717549;2.7967527;17.22129;HighDiv_1252, Druglike_1646
AS-242;C1=COC=C(C=Cc2ccccc2)C1;2;0.6972688970015888;14.128456;-29.639297;Druglike_149, Druglike_281
AS-243;c1nnc[nH]1;2;-1.3991206763668567;-24.84985;-4.442998;Druglike_808, Druglike_912
AS-244;c1ccc(Cc2cnoc2)cc1;2;-0.19696000660304586;-10.982742;-10.329241;Druglike_1837, Druglike_1958
AS-245;c1ccc(Cc2ccccc2)cc1;2;-0.1502533719041052;1.83024;-15.3650875;HighDiv_1838, HighDiv_1870
AS-246;O=C1NC(=O)C(C(=O)c2ccccc2)=C1C=C1N=COC1=O;2;1.3302989322333496;9.5099125;20.244087;Druglike_1461, Druglike_1446
AS-247;C=C1NCCN1c1ccccc1C#Cc1cccnc1;2;-1.2247621617392395;10.831411;59.677254;HighDiv_1006, HighDiv_979
AS-248;c1ccc(COc2ccccc2)cc1;2;0.10587013952932114;11.518244;-0.6594237;HighDiv_564, HighDiv_704
AS-249;c1ccc(CCn2cncn2)cc1;2;1.5889853167133907;55.754555;20.73151;HighDiv_39, HighDiv_195
AS-250;c1ccc(CCc2nncs2)cc1;2;0.8313009934695524;30.992542;-5.762785;HighDiv_20, HighDiv_2199
AS-251;O=C1NC(CC#Cc2ccc[nH]2)c2ccccc21;2;0.30570658268232104;5.4723835;-43.11609;Druglike_1278, Druglike_1316
AS-252;c1nnc(-c2cnon2)[nH]1;2;-0.6029148056310114;-22.461954;-1.6779282;HighDiv_848, HighDiv_1107
AS-253;C=C(c1cn[nH]n1)c1ccco1;2;-0.4621323629617137;-28.664772;-9.616269;Druglike_1452, Druglike_1617
AS-254;C=C(c1cn[nH]n1)c1ncn[nH]1;2;-1.154610654405644;-29.474163;-13.239513;Druglike_1630, Druglike_1671
AS-255;c1ccc([SH+]c2cccc(-c3nc[nH]n3)c2)cc1;2;1.026725686766055;-69.960556;-20.206608;HighDiv_1663, HighDiv_1756
AS-256;c1ccc(CCc2ccc[nH]2)nc1;2;0.18315809428081165;-10.300686;-4.4482956;Druglike_1352, Druglike_1324
AS-257;c1ccc(-c2cnco2)cc1;2;-0.15698881506139914;3.6644228;9.820866;HighDiv_693, HighDiv_1402
AS-258;O=c1[nH]ncn1-c1ccccc1;2;0.28898579316163625;34.28499;18.634687;HighDiv_2032, HighDiv_2185
AS-259;c1ccc(-c2cnc[nH]2)cc1;2;-0.2615407574405777;-11.603346;16.06857;HighDiv_1679, HighDiv_1808
AS-260;O=C(c1ccccc1)C1C=CNO1;2;0.4540843177059172;59.942368;8.934761;HighDiv_339, HighDiv_992
AS-261;c1cnccn1;2;0.0830345763025296;-29.13034;41.9011;Druglike_91, Druglike_189
AS-262;O=C(c1cc[nH]c1)c1ncc[nH]1;2;-0.40076602922053645;-1.7533791;15.822948;HighDiv_1731, HighDiv_1817
AS-263;S=c1[nH]nco1;2;-0.6394072057535938;-39.571198;-2.2947745;HighDiv_93, HighDiv_746
AS-264;S=C1NCCN1;2;-1.1566483218075592;13.691357;51.529804;HighDiv_1356, HighDiv_1511
AS-265;O=c1nc(C=Cc2ccccc2)[nH]o1;2;-0.23048178088627996;-14.591475;34.057594;Druglike_821, Druglike_1028
AS-266;O=C(c1ccc[nH]1)c1nc(=O)[nH]c(=O)[nH]1;2;0.3060075116252438;-29.016617;-54.590813;Druglike_379, Druglike_683
AS-267;O=c1ccoc(-c2nnn[nH]2)c1;2;-0.5236360296306696;-23.261856;-24.47705;Druglike_1557, Druglike_1701
AS-268;c1cncc(-n2ccnn2)c1;2;-0.6970832373970277;3.7960806;-14.198889;Druglike_1681, Druglike_1527
AS-269;O=c1cccco1;2;-0.8543359297978712;-13.097718;5.3205914;HighDiv_1559, HighDiv_1477
AS-270;O=C(c1ccccc1)C1CCCN1;2;1.1885349134731946;55.442642;11.894386;HighDiv_99, HighDiv_154
AS-271;c1cnc2[nH]ccc2c1;2;-0.1818964632893772;-21.882656;11.879263;Druglike_1605, Druglike_1659
AS-272;O=c1ccc2ccc(C=Cc3ncc[nH]3)cc2o1;2;0.014398370736981948;-2.1445098;-50.70417;Druglike_1265, Druglike_1363
AS-273;O=C(c1ccccc1)C1CCNN1;2;0.7395758448772418;56.848015;11.68746;HighDiv_162, HighDiv_298
AS-274;O=C(c1ccccc1)C1CCON1;2;0.05484899028073392;49.24549;13.416275;HighDiv_285, HighDiv_1021
AS-275;O=C(c1ccccc1)c1c[nH]cn1;2;0.5646349869190104;-8.694538;-7.0299873;Druglike_1104, Druglike_1077
AS-276;O=c1[nH]nc(Cc2ccccc2)o1;2;-0.2374546322890318;-11.598328;-9.508131;Druglike_1959, Druglike_1852
AS-277;O=C(c1ncc(C=Cc2ccccc2)cn1)c1ncco1;2;1.477532563661418;-7.962015;-58.283966;Druglike_1071, Druglike_1075
AS-278;O=C(c1ncc(C=Cc2ccccc2)cn1)c1ncc[nH]1;2;1.4205219106012938;-6.276308;-57.59875;Druglike_1118, Druglike_1061
AS-279;c1cncc(-c2nnc[nH]2)c1;2;-0.627468295751453;-22.283836;10.189098;HighDiv_1318, HighDiv_1804
AS-280;O=C(c1ccncn1)c1ncc(C=Cc2ccccc2)cn1;2;2.2264363248240278;-10.837508;-61.315044;Druglike_1048, Druglike_1063
AS-281;c1c[nH]c(-c2nnc[nH]2)c1;2;-0.8672010497053109;-19.87567;2.7105794;Druglike_710, Druglike_874
AS-282;c1cnon1;2;-1.4451991900925893;-23.780838;16.818302;HighDiv_1387, Druglike_1632
AS-283;c1cc(-c2nnc[nH]2)n[nH]1;2;-0.4753825155752426;-25.74376;-4.494647;Druglike_698, Druglike_899
AS-284;O=C(c1nnco1)c1c[nH]c2ccccc12;2;-0.5855996097465013;6.958415;-24.9474;HighDiv_1811, HighDiv_1930
AS-285;O=C(CC=Cc1ccccc1)N1COC=N1;2;-0.3687705512280889;4.619873;-33.91378;HighDiv_1763, HighDiv_1830
AS-286;O=C(CCc1cccnc1)NCc1cc(-c2ccccc2)c[nH]1;2;1.4692353381035972;-27.920662;22.11639;HighDiv_1607, HighDiv_1693
AS-287;O=C(CN1C=CCC1)c1cc2cc[nH]c(=O)c2[nH]1;2;0.027944840782243505;37.0406;30.984915;Druglike_1828, Druglike_2020
AS-288;c1csnn1;2;-1.245549766031265;-13.856823;2.943858;HighDiv_2143, HighDiv_2144
AS-289;c1coc(-c2nnc[nH]2)n1;2;-0.937289036341443;-28.435154;-19.076809;Druglike_1809, Druglike_1918
AS-290;O=C(CNCC=Cc1ccccc1)Cc1ccno1;2;0.99936623533188;26.107098;-34.328888;Druglike_83, Druglike_169
AS-291;c1ccc(-c2ccncn2)cc1;2;-0.03429447369961934;19.18742;0.24665833;HighDiv_2198, HighDiv_1446
AS-292;O=c1[nH]nc(-c2ccc[nH]2)o1;2;-0.7214599999586442;-19.106075;1.6291621;Druglike_890, Druglike_964
AS-293;O=C(Cc1ccccc1)NC1C=CCC1;2;0.6451064841683032;29.360552;-5.6277266;Druglike_1748, Druglike_1771
AS-294;O=C(Cc1ccccc1)c1ccco1;2;-0.31931686440168927;21.856598;13.869531;Druglike_603, Druglike_1034
AS-295;c1cncc(-c2cnoc2)c1;2;-0.374190843252692;4.301836;5.459841;Druglike_468, HighDiv_1433
AS-296;c1ccc(-c2ccc(Cc3cnccn3)cc2)cc1;2;1.3786943907277456;10.31311;-27.001156;HighDiv_1604, HighDiv_1615
AS-297;c1ccc2scnc2c1;2;-0.7549697112086686;-2.4431448;3.104257;HighDiv_1358, HighDiv_1863
AS-298;c1ccc(-c2c[nH]nn2)cc1;2;-0.32683089300365276;24.067661;-35.28218;HighDiv_2167, HighDiv_2145
AS-299;O=c1[nH]nc(CC=Cc2ccccc2)o1;2;0.24605817583479433;-0.51264095;-16.346779;HighDiv_1688, Druglike_1616
AS-300;c1cc(Cc2cnon2)on1;2;-0.9417185292528104;-50.846256;16.779104;Druglike_288, Druglike_966
AS-301;c1cc(CCc2ccc3c(c2)CNNC3)[nH]n1;2;-0.0958598895656811;16.252653;31.081936;Druglike_371, Druglike_953
AS-302;c1cc(CCc2cc[nH]n2)on1;2;-0.04092984153923505;8.005045;36.312702;HighDiv_1451, HighDiv_1533
AS-303;c1cc(CCCNC2=NCCCO2)co1;2;-0.840388455492008;28.909328;-0.7118875;Druglike_1241, Druglike_1358
AS-304;c1cncc(-c2cn[nH]n2)c1;2;-0.8240154410673105;-18.221071;-7.515475;HighDiv_1025, HighDiv_985
AS-305;O=C(Nc1ccccc1)C1NC=CN1;2;-0.2263280223409436;19.829817;-16.35282;Druglike_1570, Druglike_1666
AS-306;C1=C(c2ccccc2)CNN1;2;-0.0809936568765387;23.455517;-1.7030027;HighDiv_307, Druglike_621
AS-307;C(=CC1CCC=N1)c1ccccc1;2;-0.11058417781585342;35.30292;-17.00282;Druglike_1423, Druglike_1512
AS-308;C1=C(c2ccno2)COC1;2;-0.5237715910580907;-45.68744;12.081982;Druglike_1520, Druglike_1559
AS-309;C(#Cc1ccccc1)Cn1ccnc1;2;0.7941843808950644;-2.9909825;40.444717;HighDiv_85, HighDiv_941
AS-310;C(#CCc1ccncn1)Cc1ccccc1;2;-0.225975635733766;-16.202068;17.386936;Druglike_940, Druglike_738
AS-311;C(=CNc1cccnc1)CCCc1ccccc1;2;0.506693512442397;26.08987;-9.513063;Druglike_1510, Druglike_1479
AS-312;C(#CCc1cc[nH]c1)CCc1nnc[nH]1;2;-0.1998397801470947;31.422958;-12.651617;Druglike_1826, Druglike_2076
AS-313;C(=CCc1cnon1)CCc1cocn1;2;-0.4562195113913233;-28.205198;17.277613;Druglike_1180, Druglike_1222
AS-314;C(=CC1=NC=CCN1)CNCc1ccn[nH]1;2;1.1257824563798429;-20.89513;-26.776997;Druglike_4, Druglike_397
AS-315;C(=Cc1ccccc1)CC1=NOCC1;2;-0.23484775310018244;22.377035;-18.730156;Druglike_1506, Druglike_1716
AS-316;C(=Cc1cnon1)c1ccccc1;2;-0.6384284696735674;-13.898918;26.710854;Druglike_1675, Druglike_1495
AS-317;C1=CCC=C1;2;-0.3990686853925887;-6.5394335;-8.944576;Druglike_134, Druglike_441
AS-318;C(=CCc1ccc2ocnc2n1)Cc1cc[nH]c1;2;0.29688308296932864;-44.7499;-11.244052;Druglike_1939, Druglike_2052
AS-319;C(#Cc1ccsc1)c1ccccc1;2;0.05942433615237244;4.2840533;16.65379;HighDiv_1417, HighDiv_1352
AS-320;C(=Cc1cc[nH]n1)CC1=CCNN1;2;-0.6947268979973178;-23.798397;-29.292583;Druglike_1627, Druglike_1481
AS-321;C(=Cc1cc(C2CN2)n[nH]1)c1ccccc1;2;0.006399234111251852;-32.493103;-30.983074;Druglike_635, Druglike_511
AS-322;C(=Cc1ccccc1)CCC1=COC=CC1;2;-0.106948173393196;-7.082616;-52.04708;Druglike_329, Druglike_624
AS-323;C(=Cc1ccccc1)CCOc1ccccc1;2;2.1878718397002586;26.775265;-12.819109;Druglike_1383, Druglike_1375
AS-324;C(#CC1CCN=CS1)CCc1ccccc1;2;1.728253526125113;60.487022;26.695663;HighDiv_10, HighDiv_27
AS-325;C(#CCn1ccnc1)CCc1nc[nH]n1;2;-0.31925050369339414;-3.168585;31.246815;Druglike_1287, Druglike_1275
AS-326;C(=Cc1cccc(-n2cnnn2)c1)c1cccnc1;2;0.5494912483634784;-17.91267;21.1988;Druglike_413, Druglike_802
AS-327;C(#Cc1ccccc1)CCCCn1cnnc1;2;0.1226413182037895;1.7454454;26.971375;Druglike_303, Druglike_357
AS-328;C(=CCc1nncs1)Cc1cnco1;2;0.22331239639283185;-49.420242;-6.460739;HighDiv_583, HighDiv_484
AS-329;C(=CC1=NN=CCN1)Cc1ccncn1;2;0.9136100074854041;-31.38455;3.4886289;Druglike_28, Druglike_181
AS-330;C1=CCC(CC=Cc2ccccc2)=C1;2;0.13338005543495865;-9.119462;-49.550358;Druglike_1478, Druglike_1689
