scaffold;frequency;mean_zscore;shrunk_zscore
c1ccccc1;941;-0.3581;-0.3567
O=C1NCCN1c1ccccc1;146;0.0341;0.0333
c1ccncc1;136;-0.5552;-0.541
O=C(c1ccc(-c2ccccc2)[nH]1)c1nc(=O)o[nH]1;101;1.4772;1.4267
c1ccc(-c2cn[nH]n2)cc1;91;-0.1959;-0.1885
c1ccc(-c2c[nH]cn2)cc1;84;0.5882;0.5642
c1cncnc1;60;-0.6194;-0.5846
O=c1ccc(-c2cnco2)n[nH]1;57;-0.0016;-0.0015
O=c1cc[nH]c(-c2ccccc2)c1;51;0.2668;0.2493
c1cnoc1;51;-1.0001;-0.9347
c1ccc(-c2ncn[nH]2)nc1;47;0.107;0.0994
c1ccc2c(c1)NCO2;39;-0.1464;-0.1341
c1ccc(-c2cccnc2)cc1;39;0.6713;0.615
c1cc[nH]c1;37;-0.8523;-0.7773
C(=CC1=CCCO1)Cc1ccno1;33;0.1107;0.0999
c1ccc(-c2ccccc2)cc1;32;0.4139;0.3723
O=c1cc[nH]c(-c2nnco2)c1;30;-0.1095;-0.0978
c1ccc(-c2cc[nH]c2)cc1;28;0.5138;0.4557
c1cocn1;25;-0.5753;-0.5034
c1cc(-c2cnc[nH]2)c[nH]1;24;-0.3091;-0.269
O=C(c1cc[nH]c1)c1ncc(C=Cc2ccccc2)cn1;22;0.873;0.7511
C1=COC=CC1;22;-0.5621;-0.4835
c1ccc(CCc2ccccc2)cc1;21;0.9021;0.771
c1ccc([SH+]c2ccccc2)cc1;21;0.2831;0.2419
O=C(c1ccc[nH]1)c1nc(=O)o[nH]1;21;-0.1776;-0.1517
O=C1C=CC(C=Cc2cccnc2)N1;20;0.1368;0.116
O=C(c1ncc(C=Cc2ccccc2)cn1)c1n[nH]c(=O)o1;19;2.22;1.8686
c1ccc(-c2ccno2)cc1;19;-0.3413;-0.2873
O=C1C=CC(=O)C(c2ccccc2)=C1;18;0.6926;0.5779
C(=Cc1nnc[nH]1)c1cccnc1;17;-0.1759;-0.1453
O=C(C#Cc1ccccc1)OC1CC=NC1;17;0.3947;0.3262
c1ccc(-c2ncno2)cc1;16;-0.2596;-0.2122
O=C1C=C(CC=Cc2ccccc2)C(=O)N1;15;0.6206;0.5012
C(=Cc1ccn[nH]1)c1ccccc1;15;-0.1012;-0.0818
O=c1ccc2cc([SH+]c3ccccc3)ccc2o1;15;1.9799;1.599
C(#Cc1nnc[nH]1)c1nnc[nH]1;14;-0.6304;-0.5022
C1=CNC(C=Cc2cccnc2)C=C1;14;-0.2137;-0.1702
O=c1[nH]ccc2cc[nH]c12;13;0.1223;0.0959
C1=Cc2ccccc2C1;13;0.3901;0.306
c1ccc(-c2ccoc2)cc1;12;0.078;0.0601
c1ccc2[nH]cnc2c1;12;-0.1987;-0.1531
c1ncc2cn[nH]c2n1;12;-0.34;-0.262
c1cn[nH]c1;12;-0.8898;-0.6857
O=C(C#Cc1cccnc1)Nc1cccnc1;12;1.0492;0.8085
c1ccc(-c2cnc[nH]2)nc1;12;-0.6062;-0.4671
O=C1C=CC(=O)C(c2ccccn2)=C1;12;1.0433;0.8039
c1ccc2[nH]ccc2c1;11;-0.5437;-0.4104
O=C(CNCC=Cc1ccccc1)Cc1ccccc1;10;1.3946;1.0275
O=C(c1cc[nH]c1)c1cc[nH]n1;10;-0.2476;-0.1825
O=C1C=C(Cc2nnco2)OC1;10;-0.1608;-0.1185
O=C(C#Cc1cccnc1)Nc1ccccc1;10;1.2792;0.9425
O=C(C#Cc1ccccc1)OCCN1C=CCC1;10;0.6215;0.4579
C=C(c1ccccc1)c1cn[nH]n1;10;-0.2593;-0.1911
C(=CCc1ncc2cn[nH]c2n1)Cc1ccccn1;10;1.4864;1.0952
c1ccc(-c2ncn[nH]2)cc1;9;-0.5928;-0.4243
O=C1NC(=O)c2ccccc21;9;-0.512;-0.3665
c1ccc([SH+]c2ccc3c(c2)CCN3)cc1;9;0.8484;0.6073
O=c1ccc(-c2ccoc2)n[nH]1;9;-0.4285;-0.3068
C(#Cc1ccc2c(c1)NCO2)CCCc1cn[nH]n1;9;0.2452;0.1755
c1ccoc1;9;-0.6285;-0.4499
c1ccc([SH+]c2ccc3sccc3c2)cc1;8;2.5979;1.7959
c1ccc(-c2ccccn2)cc1;8;-0.0534;-0.0369
C1=COC(CCc2ccccn2)=CC1;8;0.0744;0.0514
c1ccc2c(c1)CNNC2;8;-0.0433;-0.03
c1ccc(Cc2ccoc2)nc1;8;0.6036;0.4173
C=C(c1cnccn1)c1cn[nH]n1;7;-0.4206;-0.2785
c1ccc(-c2cc[nH]n2)cc1;7;-0.1862;-0.1233
c1ccc(-c2nnco2)cc1;7;-0.807;-0.5343
c1ccc(-c2nnco2)nc1;7;-0.2306;-0.1527
O=C(Oc1ccccc1)c1ccccc1;7;-0.1397;-0.0925
C(#Cc1ccccc1)Cn1cccn1;7;0.5903;0.3908
c1cc(-c2cnn[nH]2)[nH]n1;7;-0.6715;-0.4446
c1ccc(-c2ccn[nH]2)nc1;7;-0.2935;-0.1943
O=c1cccc(-c2cnoc2)o1;6;-0.162;-0.1016
c1cc(CCc2cncnc2)cc(-c2cn[nH]n2)c1;6;0.7168;0.4493
c1ccc(-c2cnco2)nc1;6;-0.687;-0.4306
O=C(Nc1cccnc1)c1ccccc1;6;0.768;0.4814
c1ccc(-c2nc[nH]n2)cc1;6;0.023;0.0144
O=C1NCC(C=Cc2ccccc2)N1;6;-0.1945;-0.1219
c1cc2c(cc1CCNCCc1cnon1)NCO2;6;-0.1128;-0.0707
c1cc(OCc2nnc[nH]2)ccn1;6;0.4432;0.2778
C(=Cc1ncn[nH]1)Cc1nnc[nH]1;6;-0.0923;-0.0578
O=C1CC(C=C2C=Cc3ccccc32)=NN1;6;0.3105;0.1946
C1=Nc2ccc(Nc3ccccc3)cc2C1;6;0.3664;0.2296
c1cncc(-c2cc[nH]c2)c1;6;-0.8457;-0.5301
c1ccc(CCCn2ccnn2)cc1;6;-0.2356;-0.1477
c1ccn(CCc2cnon2)c1;6;1.0841;0.6795
C1=CC(c2ccccc2)=CC1;6;0.0427;0.0268
c1ccc2[nH]ncc2c1;6;-0.9613;-0.6025
C(=Cc1cccc(-c2ncn[nH]2)n1)c1cccnc1;6;1.4499;0.9088
C(#Cc1cccc(-c2cn[nH]c2)c1)c1ccccc1;5;1.1632;0.6784
c1ccc2occc2c1;5;-0.7167;-0.418
O=C1CNc2c(cccc2C(=O)Nc2ccccc2)N1;5;0.8504;0.496
c1c[nH]c(-c2nnn[nH]2)c1;5;-0.5631;-0.3284
O=C(Nc1ccccc1)c1ccccc1;5;0.6833;0.3985
c1c[nH]cn1;5;-0.6098;-0.3556
O=C1C=C(C#Cc2ccccc2)CCO1;5;0.866;0.5051
c1ccc([SH+]c2ccc3c(c2)CNC3)cc1;5;1.2209;0.7121
O=C(c1ccccc1)c1ncn[nH]1;5;0.299;0.1744
C(=Cc1ncc[nH]1)c1cccnc1;5;-0.0302;-0.0176
c1cc(-c2cnon2)ncn1;5;-0.409;-0.2386
O=C(Oc1cccnc1)c1ccccc1;5;0.0869;0.0507
c1cc(Cc2cc[nH]n2)ncn1;5;-0.4323;-0.2521
c1ccn(CCc2ccno2)c1;5;2.1108;1.2311
O=C1CNc2c(cccc2C(=O)Nc2ccccn2)N1;5;0.7632;0.4451
O=C(C#Cc1cccnc1)OCc1ccc[nH]1;5;-0.0972;-0.0567
C(#Cc1cn[nH]c1)Cc1ccccc1;5;-0.0704;-0.0411
N=c1sccn1CCc1ccccc1;5;-0.3272;-0.1908
c1ccc(-n2cnnc2)cc1;5;0.2645;0.1542
c1ccc2c(c1)NCN2;5;-0.6666;-0.3888
O=C(C#Cc1cnc[nH]1)c1cnco1;5;-0.0443;-0.0258
N=c1[nH]cc(CCC#Cc2ccccn2)s1;5;0.2213;0.1291
O=C(C=CC1=CCON1)CCc1ccccn1;5;0.0256;0.0149
C1=Cc2ccccc2C1=Cc1ccon1;5;0.5474;0.3193
O=C(C=Cc1ccccc1)C1CCCNN1;5;-0.4655;-0.2715
O=C(CC#Cc1cnon1)c1ccccc1;5;0.3611;0.2106
C1=NOCN1c1ccccc1;5;-0.3332;-0.1944
c1ccc(Nc2cccnc2)cc1;5;-0.2982;-0.1739
C1=COC(CCCc2cccnc2)=CC1;5;1.0269;0.5989
c1ccc(CCc2cc[nH]c2)cc1;5;0.5447;0.3177
C(=Cc1cnc[nH]1)CCCc1ccccc1;4;0.5179;0.2736
O=c1ccc(-c2cnc(C=Cc3ccccc3)o2)n[nH]1;4;0.8445;0.4461
O=C(c1ncc(C=Cc2ccccc2)cn1)c1ccc[nH]1;4;1.2629;0.6671
C(#Cc1ccccc1)c1ccccc1;4;0.3256;0.172
c1cnc2[nH]ccc2n1;4;-0.6527;-0.3448
c1cncc(-c2nncs2)c1;4;-0.8626;-0.4556
c1cncc(Cc2ncco2)c1;4;-0.034;-0.018
O=c1[nH]nc(CC#Cc2ccccc2)[nH]1;4;0.5601;0.2958
O=C1C=C(Cc2ccncn2)CO1;4;-0.3753;-0.1982
C(=Cc1ccccc1)Cc1nnco1;4;-0.2542;-0.1343
c1c[nH]c(-c2cnco2)c1;4;-0.6834;-0.361
C(#Cc1ccccc1)CCC1=CCC=CO1;4;0.459;0.2424
C(=Cc1ccccc1)Cc1nnc[nH]1;4;0.3575;0.1888
O=c1[nH][nH]c2ccccc12;4;-0.3102;-0.1639
O=C1NCCN1c1cccc(C#CCCC2=CCCS2)c1;4;1.755;0.927
c1ccc(Nc2ccccc2)cc1;4;0.2295;0.1212
O=C1CCC(C=C(Cc2ccccc2)c2ncn[nH]2)O1;4;0.3038;0.1605
C(#Cc1cccnc1)c1ccccc1;4;0.6958;0.3675
C(=Cc1cncnc1)c1ccccc1;4;-0.0027;-0.0014
O=C(OCc1ccncc1)c1cnc[nH]1;4;-0.0579;-0.0306
O=C(c1cc[nH]c1)c1cscn1;4;-0.677;-0.3576
N=c1[nH]cc(-c2ccccc2)s1;4;-0.388;-0.205
C(=CC1=CCCO1)Cc1ccccc1;4;-0.4247;-0.2243
C=C1Cc2ccccc2N1;4;0.0138;0.0073
O=C(Cc1cccc(C2=CN=CCN2)c1)c1ccccc1;4;1.5853;0.8374
N=c1[nH]cc(CCC#Cc2ccc[nH]2)s1;4;-0.5385;-0.2844
C(=Cc1nn[nH]n1)c1ccccc1;4;-0.2771;-0.1464
O=C(Cc1ccon1)OCC#CCc1n[nH]c(=O)[nH]1;4;0.4141;0.2188
C(#Cc1ccccc1)Cc1cncnc1;4;0.1532;0.0809
O=C(C#CCc1ccccc1)c1ccco1;4;-0.0853;-0.0451
O=C(CC#Cc1cnon1)c1cccnc1;4;0.2341;0.1237
C(=Cc1cnon1)c1cccnc1;4;-0.7206;-0.3806
c1ccc(-n2cccn2)cc1;4;0.0755;0.0399
c1cncc(-c2cccnc2)c1;3;-0.5285;-0.2412
O=C1C=C(c2ccccc2)CN1;3;-0.1896;-0.0866
O=C(C=CC1=CCON1)CCC1=CNNC1;3;-0.5027;-0.2294
C(=Cc1ccccc1)Cc1cnn[nH]1;3;0.4978;0.2272
O=C1C=CC(C#Cc2ccccn2)N1;3;-0.2729;-0.1246
c1nnc(C2=NOCN2)[nH]1;3;-0.1822;-0.0831
O=C(CC1CCN1)c1cc[nH]c1;3;-0.3125;-0.1427
O=C(Cc1ccc(-c2cc[nH]n2)cc1)Cc1ccccn1;3;0.8344;0.3808
C(=Cc1nnco1)c1nnn[nH]1;3;-0.4905;-0.2239
O=C(OCc1ccccn1)c1ccccc1;3;0.2344;0.107
O=C(OCc1ccoc1)c1cccnc1;3;-0.3635;-0.1659
c1n[nH]cc1CCN=C1CCCN1;3;-0.4461;-0.2036
O=C(C#Cc1cccnc1)NCc1ccno1;3;0.7334;0.3348
O=C1C=C(C=Cc2ccccc2)CN1;3;-0.0628;-0.0287
O=C(C#Cc1cccnc1)NC1CCCC1;3;0.8001;0.3652
O=C(c1ncc(C=Cc2ccccc2)cn1)c1ncn[nH]1;3;1.2779;0.5833
O=C(c1ncc(C=Cc2ccccc2)cn1)c1ccno1;3;1.9393;0.8852
O=C(c1ccncn1)c1cc[nH]n1;3;-0.3493;-0.1594
O=C(c1ccccn1)C1C=CC=CC1;3;-0.4684;-0.2138
C1=NCCc2cc([SH+]c3ccccc3)ccc21;3;0.6608;0.3016
O=C(c1cc(=O)[nH]cn1)c1ccc[nH]1;3;-0.3558;-0.1624
O=C(c1ccccc1)c1nnco1;3;-0.1219;-0.0556
O=C(c1ccccc1)C1CCNC1;3;-0.977;-0.4459
C=C(CCc1ccccc1)c1n[nH]c(=O)o1;3;0.78;0.356
O=C(c1ccccc1)C1C=CC=CC1;3;-0.745;-0.3401
O=C(c1ccc[nH]1)c1ccco1;3;-0.3304;-0.1508
O=C(CC=CCc1cccnc1)OCc1cnc[nH]1;3;0.0045;0.0021
O=C1CNc2ccccc2N1;3;-0.3608;-0.1647
O=C1COc2c(OCc3ccccn3)cccc21;3;0.3006;0.1372
c1ccc(-c2cn[nH]c2)cc1;3;0.0975;0.0445
C1=CN=CNC1;3;-0.9788;-0.4467
c1cn[nH]n1;3;-1.0349;-0.4723
c1cn2cnnc2cn1;3;-0.9505;-0.4338
c1cc(-c2nnco2)ccn1;3;-0.7314;-0.3338
C(=CCc1cnco1)CC1=CCOC1;3;0.3353;0.153
c1ccc(-c2ccc[nH]2)cc1;3;0.045;0.0205
O=C1CSc2cc([SH+]c3ccccc3)ccc2N1;3;0.9495;0.4334
c1ccc(-c2ccco2)cc1;3;-0.1412;-0.0644
c1ccc(-c2ccn[nH]2)cc1;3;-0.4403;-0.201
c1ccc2ccccc2c1;3;0.0314;0.0143
C(#Cc1ccccn1)CNCCC1=CNC=NC1;3;-0.3618;-0.1651
O=c1cc[nH]c(-c2ccc(NC3=NCCO3)cc2)c1;3;1.266;0.5778
c1ccc(-c2cnon2)cc1;3;-0.5027;-0.2294
c1ccc(-c2cocn2)cc1;3;-0.3552;-0.1621
c1ccc(-c2cscn2)cc1;3;0.1547;0.0706
c1ccc(-c2nnc[nH]2)cc1;3;-0.2504;-0.1143
c1ccc(-c2nnn[nH]2)cc1;3;-0.4957;-0.2263
c1ccc(-n2cncn2)cc1;3;0.1841;0.084
c1ccc(CCCc2cn[nH]n2)nc1;3;-0.4809;-0.2195
c1ccc(CCNCCc2cc[nH]n2)cc1;3;0.9751;0.4451
c1ccc(CCc2cscn2)cc1;3;-0.2814;-0.1284
c1ccc(Cc2ccc[nH]2)cc1;3;-0.1588;-0.0725
O=c1cc[nH]c(C2=CN=CCN2)c1;3;-0.0053;-0.0024
C(#Cc1ccccc1)Cc1cnon1;3;0.8615;0.3932
c1nnco1;3;-1.1395;-0.5201
O=c1[nH]c(CC=Cc2cccnc2)no1;3;0.5853;0.2672
O=C1NCC(CCCOc2ccccc2)N1;3;0.0536;0.0244
O=c1[nH]nc(-c2ccccn2)[nH]1;3;-0.657;-0.2999
O=c1[nH]cn[nH]1;3;-1.4067;-0.6421
O=c1[nH]c(-c2ccccc2)no1;3;-0.0328;-0.015
O=C(C=CC1=CCON1)CCc1ccccc1;2;0.0797;0.0286
O=C1NCCN1c1cccc(C#CCCC2=NC=CNC2)c1;2;1.0552;0.3787
O=C(C=Cc1nnco1)Cc1cnco1;2;0.4884;0.1753
O=C1NCC=C(CC=Cc2nnc[nH]2)N1;2;-0.4592;-0.1648
c1nnc(-c2cnn[nH]2)[nH]1;2;-0.2139;-0.0768
c1ncc(-c2cnoc2)o1;2;-0.2458;-0.0882
O=C(C#Cc1cccnc1)NC1C=CC=C1;2;0.6842;0.2456
c1ccc(-c2nncs2)cc1;2;0.2069;0.0743
O=C(C#Cc1cccnc1)NC1CCCCC1;2;0.3409;0.1224
O=C1NCC=C1C=CCCc1ccco1;2;-0.1457;-0.0523
c1cnc2c(Cc3ccc4oncc4c3)c[nH]c2n1;2;0.861;0.309
c1nc[nH]n1;2;-1.0404;-0.3734
c1ccc2c(c1)CCC2;2;-0.3283;-0.1178
O=C1C=CC(C=Cc2ccoc2)CO1;2;-0.4534;-0.1627
O=C1NCCN1c1cccc(C#CCCC2=CCC2)c1;2;0.9663;0.3468
c1ccc(-c2cnsn2)cc1;2;-0.1969;-0.0707
O=C(C1=CCC=CO1)c1n[nH]c(=O)[nH]1;2;-0.3817;-0.137
O=C(C1=CCNC1)c1ncc(C=Cc2ccccc2)cn1;2;1.3051;0.4684
O=C(C1=NN=CNC1)c1cc[nH]c1;2;-0.6266;-0.2249
c1ccc(-c2ncncn2)cc1;2;0.1684;0.0604
O=C1CC(C(=O)c2ccccc2)N1;2;0.5139;0.1844
c1ccc([SH+]c2cccnc2)cc1;2;-0.3201;-0.1149
C1=NCC(c2ccccc2)=CN1;2;-0.1868;-0.067
C1=CNC(CCCOc2ccccc2)=CC1;2;-0.0948;-0.034
C1=CNC=CC1;2;-0.5117;-0.1836
c1ccc(Oc2ccc(-c3ncn[nH]3)cc2)cc1;2;0.1708;0.0613
c1ccc(OCCc2nnc[nH]2)cc1;2;0.3548;0.1273
C1=COC(c2ccccc2)=CC1;2;-0.0307;-0.011
C1=COC=C(C=Cc2ccccc2)C1;2;0.6973;0.2502
c1nnc[nH]1;2;-1.3991;-0.5021
c1ccc(Cc2cnoc2)cc1;2;-0.197;-0.0707
c1ccc(Cc2ccccc2)cc1;2;-0.1503;-0.0539
O=C1NC(=O)C(C(=O)c2ccccc2)=C1C=C1N=COC1=O;2;1.3303;0.4774
C=C1NCCN1c1ccccc1C#Cc1cccnc1;2;-1.2248;-0.4396
c1ccc(COc2ccccc2)cc1;2;0.1059;0.038
c1ccc(CCn2cncn2)cc1;2;1.589;0.5703
c1ccc(CCc2nncs2)cc1;2;0.8313;0.2983
O=C1NC(CC#Cc2ccc[nH]2)c2ccccc21;2;0.3057;0.1097
c1nnc(-c2cnon2)[nH]1;2;-0.6029;-0.2164
C=C(c1cn[nH]n1)c1ccco1;2;-0.4621;-0.1659
C=C(c1cn[nH]n1)c1ncn[nH]1;2;-1.1546;-0.4144
c1ccc([SH+]c2cccc(-c3nc[nH]n3)c2)cc1;2;1.0267;0.3685
c1ccc(CCc2ccc[nH]2)nc1;2;0.1832;0.0657
c1ccc(-c2cnco2)cc1;2;-0.157;-0.0563
O=c1[nH]ncn1-c1ccccc1;2;0.289;0.1037
c1ccc(-c2cnc[nH]2)cc1;2;-0.2615;-0.0939
O=C(c1ccccc1)C1C=CNO1;2;0.4541;0.163
c1cnccn1;2;0.083;0.0298
O=C(c1cc[nH]c1)c1ncc[nH]1;2;-0.4008;-0.1438
S=c1[nH]nco1;2;-0.6394;-0.2295
S=C1NCCN1;2;-1.1566;-0.4151
O=c1nc(C=Cc2ccccc2)[nH]o1;2;-0.2305;-0.0827
O=C(c1ccc[nH]1)c1nc(=O)[nH]c(=O)[nH]1;2;0.306;0.1098
O=c1ccoc(-c2nnn[nH]2)c1;2;-0.5236;-0.1879
c1cncc(-n2ccnn2)c1;2;-0.6971;-0.2502
O=c1cccco1;2;-0.8543;-0.3066
O=C(c1ccccc1)C1CCCN1;2;1.1885;0.4266
c1cnc2[nH]ccc2c1;2;-0.1819;-0.0653
O=c1ccc2ccc(C=Cc3ncc[nH]3)cc2o1;2;0.0144;0.0052
O=C(c1ccccc1)C1CCNN1;2;0.7396;0.2654
O=C(c1ccccc1)C1CCON1;2;0.0548;0.0197
O=C(c1ccccc1)c1c[nH]cn1;2;0.5646;0.2026
O=c1[nH]nc(Cc2ccccc2)o1;2;-0.2375;-0.0852
O=C(c1ncc(C=Cc2ccccc2)cn1)c1ncco1;2;1.4775;0.5303
O=C(c1ncc(C=Cc2ccccc2)cn1)c1ncc[nH]1;2;1.4205;0.5098
c1cncc(-c2nnc[nH]2)c1;2;-0.6275;-0.2252
O=C(c1ccncn1)c1ncc(C=Cc2ccccc2)cn1;2;2.2264;0.7991
c1c[nH]c(-c2nnc[nH]2)c1;2;-0.8672;-0.3112
c1cnon1;2;-1.4452;-0.5187
c1cc(-c2nnc[nH]2)n[nH]1;2;-0.4754;-0.1706
O=C(c1nnco1)c1c[nH]c2ccccc12;2;-0.5856;-0.2102
O=C(CC=Cc1ccccc1)N1COC=N1;2;-0.3688;-0.1323
O=C(CCc1cccnc1)NCc1cc(-c2ccccc2)c[nH]1;2;1.4692;0.5273
O=C(CN1C=CCC1)c1cc2cc[nH]c(=O)c2[nH]1;2;0.0279;0.01
c1csnn1;2;-1.2455;-0.447
c1coc(-c2nnc[nH]2)n1;2;-0.9373;-0.3364
O=C(CNCC=Cc1ccccc1)Cc1ccno1;2;0.9994;0.3587
c1ccc(-c2ccncn2)cc1;2;-0.0343;-0.0123
O=c1[nH]nc(-c2ccc[nH]2)o1;2;-0.7215;-0.2589
O=C(Cc1ccccc1)NC1C=CCC1;2;0.6451;0.2315
O=C(Cc1ccccc1)c1ccco1;2;-0.3193;-0.1146
c1cncc(-c2cnoc2)c1;2;-0.3742;-0.1343
c1ccc(-c2ccc(Cc3cnccn3)cc2)cc1;2;1.3787;0.4948
c1ccc2scnc2c1;2;-0.755;-0.271
c1ccc(-c2c[nH]nn2)cc1;2;-0.3268;-0.1173
O=c1[nH]nc(CC=Cc2ccccc2)o1;2;0.2461;0.0883
c1cc(Cc2cnon2)on1;2;-0.9417;-0.338
c1cc(CCc2ccc3c(c2)CNNC3)[nH]n1;2;-0.0959;-0.0344
c1cc(CCc2cc[nH]n2)on1;2;-0.0409;-0.0147
c1cc(CCCNC2=NCCCO2)co1;2;-0.8404;-0.3016
c1cncc(-c2cn[nH]n2)c1;2;-0.824;-0.2957
O=C(Nc1ccccc1)C1NC=CN1;2;-0.2263;-0.0812
C1=C(c2ccccc2)CNN1;2;-0.081;-0.0291
C(=CC1CCC=N1)c1ccccc1;2;-0.1106;-0.0397
C1=C(c2ccno2)COC1;2;-0.5238;-0.188
C(#Cc1ccccc1)Cn1ccnc1;2;0.7942;0.285
C(#CCc1ccncn1)Cc1ccccc1;2;-0.226;-0.0811
C(=CNc1cccnc1)CCCc1ccccc1;2;0.5067;0.1818
C(#CCc1cc[nH]c1)CCc1nnc[nH]1;2;-0.1998;-0.0717
C(=CCc1cnon1)CCc1cocn1;2;-0.4562;-0.1637
C(=CC1=NC=CCN1)CNCc1ccn[nH]1;2;1.1258;0.404
C(=Cc1ccccc1)CC1=NOCC1;2;-0.2348;-0.0843
C(=Cc1cnon1)c1ccccc1;2;-0.6384;-0.2291
C1=CCC=C1;2;-0.3991;-0.1432
C(=CCc1ccc2ocnc2n1)Cc1cc[nH]c1;2;0.2969;0.1065
C(#Cc1ccsc1)c1ccccc1;2;0.0594;0.0213
C(=Cc1cc[nH]n1)CC1=CCNN1;2;-0.6947;-0.2493
C(=Cc1cc(C2CN2)n[nH]1)c1ccccc1;2;0.0064;0.0023
C(=Cc1ccccc1)CCC1=COC=CC1;2;-0.1069;-0.0384
C(=Cc1ccccc1)CCOc1ccccc1;2;2.1879;0.7852
C(#CC1CCN=CS1)CCc1ccccc1;2;1.7283;0.6203
C(#CCn1ccnc1)CCc1nc[nH]n1;2;-0.3193;-0.1146
C(=Cc1cccc(-n2cnnn2)c1)c1cccnc1;2;0.5495;0.1972
C(#Cc1ccccc1)CCCCn1cnnc1;2;0.1226;0.044
C(=CCc1nncs1)Cc1cnco1;2;0.2233;0.0801
C(=CC1=NN=CCN1)Cc1ccncn1;2;0.9136;0.3279
C1=CCC(CC=Cc2ccccc2)=C1;2;0.1334;0.0479
c1c[nH]c(-c2cn[nH]c2)c1;1;-0.2291;-0.0501
c1c[nH]c(-c2cnon2)c1;1;-0.8229;-0.1799
c1c[nH]c(-c2ccco2)c1;1;-0.5806;-0.127
C1=CCNC(CNCCc2ccccc2)=C1;1;-0.2341;-0.0512
C(=CNC1C=CC1)CCc1cccnc1;1;0.0146;0.0032
c1c[nH]c(CCc2cccc3oncc23)c1;1;0.3477;0.076
c1c[nH]c(CONCCCc2csnn2)n1;1;-0.8381;-0.1833
c1c[nH]c(Cc2ccc(-c3ncc[nH]3)cc2)c1;1;0.2048;0.0448
c1c[nH]c(Cc2ccno2)c1;1;-0.6103;-0.1335
c1c[nH]c(Cc2cnc[nH]2)c1;1;0.3656;0.08
C(=CCc1nnn[nH]1)Cc1ccccc1;1;-0.1966;-0.043
c1c[nH]nn1;1;-1.403;-0.3068
c1cc(-c2ccn[nH]2)ncn1;1;-0.5287;-0.1156
c1cc(-c2ccoc2)n[nH]1;1;-0.4866;-0.1064
c1cc(-c2cnco2)on1;1;-0.8271;-0.1809
C(=Cc1cc(CCN2CCCN2)n[nH]1)c1ccccc1;1;0.2964;0.0648
S=c1[nH]cc(Cc2cccc3nc[nH]c23)s1;1;0.1718;0.0376
S=c1[nH]nc(COCc2ccccc2)[nH]1;1;-0.9294;-0.2032
O=c1ocnc2cccc(C#CCc3ccc[nH]3)c12;1;0.8405;0.1838
O=c1ccc2ccccc2o1;1;-0.4218;-0.0922
C(=Cc1ccc2c(c1)NCO2)CCc1ccccn1;1;0.1932;0.0423
O=c1cccc(CC2=CCON2)o1;1;-0.9497;-0.2077
C(=Cc1ccc(-c2cccnc2)cc1)Cc1ncncn1;1;1.9813;0.4333
O=c1ccn(CCc2ccccc2)c(=O)[nH]1;1;-0.4219;-0.0923
O=c1ccnc[nH]1;1;-1.1241;-0.2458
C(=Cc1ccc(-c2cccnc2)cc1)Cc1cnon1;1;2.2382;0.4895
O=c1ccoc(CCc2ccc(-c3cc[nH]n3)cc2)c1;1;2.2098;0.4833
O=c1ccoc2ccccc12;1;0.4317;0.0944
O=c1nc(CCCC=Cc2cn[nH]n2)[nH]o1;1;-0.3222;-0.0705
O=c1ncc(COc2ccccc2)c[nH]1;1;0.4118;0.0901
O=c1ocnc2cccc(C#CCc3cccnc3)c12;1;1.0195;0.223
S=c1[nH]nc(CCc2ccccc2)[nH]1;1;2.6314;0.5755
O=c1ocnc2ccccc12;1;0.0541;0.0118
S=C(C1=CCN=C1)c1ccccc1;1;-0.9664;-0.2113
S=C(COCCc1cc[nH]c1)c1ccco1;1;-0.5619;-0.1229
S=C1CC(C#CCCc2ccccc2)CN1;1;1.2401;0.2712
C(=Cc1cc[nH]c1)CC1C=COC1;1;-0.6066;-0.1327
S=C1NCCN1CC=Cc1ncc[nH]1;1;-0.6766;-0.148
S=c1[nH]cc(CC=Cc2ccccc2)s1;1;-0.6148;-0.1344
S=c1[nH]cc(CCc2ccccc2)s1;1;1.3534;0.296
C(=CCc1ncc[nH]1)CCc1ccccc1;1;0.3457;0.0756
S=c1[nH]cnn1-c1ccccc1;1;0.0559;0.0122
S=c1[nH]nc(-c2ccccc2)[nH]1;1;0.3777;0.0826
C(=CCc1nccs1)Cc1cnco1;1;-0.4274;-0.0935
c1cc(CC2CCO2)on1;1;-1.2723;-0.2782
c1cc(-c2nc[nH]n2)ccn1;1;-0.0464;-0.0102
C(=CCc1ccno1)Cc1ccncc1;1;-0.447;-0.0978
C(=CCc1cnco1)CCc1nn[nH]n1;1;0.0548;0.012
c1cc(Cc2ccno2)c2[nH]cnc2c1;1;0.2544;0.0556
c1cc(Cc2cn3cnnc3cn2)ncn1;1;0.0089;0.0019
c1cc(Cc2cnc3[nH]ccc3c2)ncn1;1;1.6508;0.361
C(=CCc1cnco1)CCc1cnns1;1;-0.0778;-0.017
c1cc(Cc2nncs2)c2[nH]cnc2c1;1;0.0397;0.0087
c1cc(Nc2ccncn2)cc(-c2c[nH]cn2)c1;1;1.232;0.2694
C(=CCc1cnco1)CC1=CCC1;1;-0.092;-0.0201
c1cc2c(cc1CCNCCc1cnn[nH]1)NCO2;1;0.1359;0.0297
C(=CCc1cn[nH]n1)Cc1ccccn1;1;-0.5119;-0.1119
C(=CCc1cn[nH]c1)CCC=Cc1nnco1;1;-0.7824;-0.1711
C(=CCc1ccc2c(c1)OCN2)CNCc1ncc[nH]1;1;0.1974;0.0432
c1cc(CCn2ccnc2)ccn1;1;-0.4548;-0.0995
C(=CCC1CN=CO1)Cc1ccoc1;1;0.141;0.0308
C(=CCC1CCNC1)Cc1ccoc1;1;0.4549;0.0995
c1ccc(-c2ccc(Cc3cnon3)cc2)cc1;1;0.3854;0.0843
C(=CCC1CCNC1)Cc1ccccc1;1;-0.6215;-0.1359
C(=CCC1=CCCC1)CCc1ccccc1;1;0.6493;0.142
C(=CC1NNc2ccccc21)COc1ccccc1;1;3.4406;0.7524
C(=CC1NCNCN1)c1ccc[nH]1;1;0.1515;0.0331
c1ccc(-c2cccnc2)nc1;1;-0.4054;-0.0887
C(=CC1Cc2ccccc2C1)c1ccccc1;1;2.1486;0.4699
c1ccc(-c2cccs2)cc1;1;-0.3197;-0.0699
C(=CC1CNNC1)c1ccccc1;1;-0.8231;-0.18
c1cc(CNCCc2cnco2)[nH]n1;1;-0.2826;-0.0618
c1cc(CCn2cccn2)cc(-c2c[nH]cn2)c1;1;2.9407;0.6431
c1cc(-c2nnc[nH]2)[nH]n1;1;0.0973;0.0213
C(=CCc1csnn1)CNC=CCc1ccncn1;1;-0.4241;-0.0928
C(=CCc1ncc2cn[nH]c2n1)Cc1ccccc1;1;0.264;0.0577
C(=CCc1nc2ncccc2[nH]1)Cc1nc[nH]n1;1;0.5629;0.1231
c1cc(C2CCO2)c[nH]1;1;-0.4592;-0.1004
c1cc(CC2CCCC2)ncn1;1;-0.5154;-0.1127
C(=Cc1ccc2ccncc2c1)c1ccccc1;1;0.5739;0.1255
c1cc(CCC2=NCCC2)cc(-c2c[nH]cn2)c1;1;2.336;0.5109
c1cc(CCC2=Nc3[nH]ncc3CN2)n[nH]1;1;0.5155;0.1127
c1cc(CCC2CN2)ncn1;1;-0.9306;-0.2035
c1cc(CCCC2CCNCCO2)ncn1;1;-0.8844;-0.1934
c1cc(CCCCc2cc[nH]n2)cc(-c2nnco2)c1;1;0.2158;0.0472
c1cc(CCCCc2ncnc3[nH]ncc23)cc(-c2nnco2)c1;1;1.3714;0.2999
c1cc(CCCc2ccon2)co1;1;-0.6961;-0.1522
c1cc(CCc2nnco2)n[nH]1;1;-0.5399;-0.1181
c1cc(CCCc2cnc[nH]2)ncn1;1;0.3195;0.0699
c1cc(CCCc2nnco2)ncn1;1;0.0129;0.0028
c1cc(CCNCCc2ccc3c(c2)NCO3)no1;1;-0.0645;-0.0141
c1cc(CCc2cc3cn[nH]c3s2)n[nH]1;1;0.3093;0.0676
C(=CCc1cnoc1)Cc1ccoc1;1;1.1104;0.2428
c1cc(CCc2ccc3c(c2)CNNC3)no1;1;-0.1506;-0.0329
c1cc(CCc2ccc3nc[nH]c3c2)n[nH]1;1;1.5242;0.3333
c1cc(CCc2ccc[nH]2)cc(-c2c[nH]cn2)c1;1;2.5717;0.5624
c1cc(CCc2ccco2)cc(-c2c[nH]cn2)c1;1;2.4519;0.5362
C(=CCc1cnco1)Cc1cnn[nH]1;1;-0.2473;-0.0541
c1cc(CCc2cnoc2)cc(-c2c[nH]cn2)c1;1;2.2348;0.4887
C(=Cc1ccc2c(c1)[nH]c1cnccc12)CC1=CCNC1;1;0.9477;0.2073
O=c1cc[nH]n1CC=CCc1ccccn1;1;0.703;0.1537
O=c1ccc(CNCc2cnon2)co1;1;0.0286;0.0062
O=c1[nH][nH]cc1C=Cc1cncc(-c2cc[nH]n2)c1;1;0.8947;0.1957
C(=Cc1ccccc1)CCc1ccccc1;1;1.2964;0.2835
O=C1NCCN1c1cccc(C#CCCC2=CNC=NC2)c1;1;1.4309;0.3129
C(=Cc1ccccc1)CCCc1ncn[nH]1;1;0.2242;0.049
O=C1NCCN1c1cccc(C#CCCN2C=NCNC2)c1;1;1.8099;0.3958
O=C1NCCN1c1cccc(C#CCCc2ccccc2)c1;1;2.4695;0.5401
O=C1NCCN1c1cccc(C=CC2=CNC=NC2)c1;1;0.4878;0.1067
O=C1NCCN1c1cccc(C=CC2=NCCOC2)c1;1;0.6991;0.1529
O=C1NCCN1c1cccc(C=Cc2cnsc2)c1;1;0.6129;0.134
O=C1NCCN1c1cccc(C=Cc2cnsn2)c1;1;0.295;0.0645
O=C1NCCN1c1cccc(CCC2=NOCN2)c1;1;0.0257;0.0056
O=C1NCCN1c1cccc(CCc2n[nH]c3cnccc23)c1;1;1.3289;0.2906
O=C1NCCN1c1cccc(CCn2cncn2)c1;1;1.0981;0.2402
O=C1NCCN1c1cccc(CCn2nc[nH]c2=O)c1;1;0.1129;0.0247
O=C1NCCN1c1cccc(CSCc2cnon2)c1;1;0.1548;0.0339
C(=Cc1ccccc1)CCCc1cocn1;1;-0.3922;-0.0858
O=C1NCc2cccc(Cc3ccccc3)c21;1;-1.3295;-0.2908
O=C1NS(=O)(=O)c2ccc(Cc3ccoc(=O)c3)cc21;1;-0.0665;-0.0146
O=C1OCC(C=Cc2ccccc2)=C1c1nn[nH]n1;1;0.4369;0.0956
O=C1OCC1C=Cc1ccccc1;1;-0.6174;-0.135
O=C1OCC1NNCc1cccnc1;1;-0.7672;-0.1678
O=C1OCC=C1c1cn[nH]n1;1;-0.8975;-0.1963
O=C1OCCN1CC=Cc1ccccc1;1;-0.4052;-0.0886
O=C1OCc2cc([SH+]c3ccccc3)ccc21;1;1.625;0.3554
O=c1[nH][nH]cc1-c1ccccc1;1;-0.673;-0.1472
O=c1[nH][nH]cc1-c1nnc[nH]1;1;-0.0882;-0.0193
O=C1NCCN1CCCCOc1ccccn1;1;-0.0588;-0.0129
O=C1NCCC1C(=O)c1ccccc1;1;-0.5319;-0.1163
C(=Cc1ccccc1)CCc1ccncc1;1;0.3922;0.0858
O=C1CSc2cc(C=C3N=CNC3=O)ccc2N1;1;-0.0552;-0.0121
O=C1CN=CN1CC=Cc1ccc(-c2cccnc2)cc1;1;1.8905;0.4134
O=C1CN=CN1c1ccc(C=Cc2cnon2)cc1;1;0.6286;0.1375
C(=Cc1ccccc1)Cc1c[nH]c2c1N=CNC2;1;0.8626;0.1886
C(=Cc1ccccc1)COC1CCOC1;1;0.703;0.1537
O=C1CNc2c(cccc2Nc2ccccc2)N1;1;1.327;0.2902
C(=Cc1ccccc1)CNCc1ncno1;1;0.4029;0.0881
O=C1COC(=O)N1C(=O)c1ccc[nH]1;1;-0.1652;-0.0361
O=C1COC=C1C=CCc1ccccc1;1;-0.3556;-0.0778
O=C1COC=C1c1ccccc1;1;0.5118;0.1119
C(=Cc1ccccc1)CNCc1cn[nH]n1;1;0.1571;0.0344
O=C1COc2ccc(COC(=O)c3cnco3)cc2N1;1;0.375;0.082
C(=Cc1ccccc1)CNCCC1=COC=CC1;1;0.9063;0.1982
O=C1NCC=C1C#CCc1cnon1;1;-0.0484;-0.0106
O=C1N=CSC1NCNc1cccnc1;1;-1.0246;-0.2241
C(=Cc1ccccc1)CNCC1CCOC1;1;-0.0624;-0.0137
O=C1NC(=O)c2cc(COc3ccccc3)ccc21;1;0.5935;0.1298
O=C1NC(=O)c2cc(COc3ccccn3)ccc21;1;0.502;0.1098
C(=Cc1ccccc1)CNCC1CCCNC1;1;0.3448;0.0754
C(=Cc1ccccc1)CNC1CC=CC1;1;0.1286;0.0281
C(=Cc1ccccc1)CCc1cnon1;1;-0.1303;-0.0285
C(=Cc1ccccc1)CCc1cnccn1;1;-0.3263;-0.0714
O=C1NCC(CCc2ccccc2)N1;1;-0.0436;-0.0095
O=C1NCC=C(C=CCC=Cc2ccccc2)N1;1;0.2478;0.0542
C(=Cc1ccccc1)CCc1cncc(N2C=NOC2)c1;1;1.7088;0.3737
O=c1[nH][nH]cc1C=Cc1cncc(-c2c[nH]cn2)c1;1;1.3377;0.2925
C(=Cc1ccccc1)CCC1=CCCOC1;1;-0.0753;-0.0165
O=c1ccc(C=Cc2ccc3c(=O)cc[nH]c3c2)c[nH]1;1;1.1126;0.2433
O=c1[nH]c(CC#Cc2ccccc2)no1;1;-0.1008;-0.022
O=c1cc(-c2ccccc2)[nH][nH]1;1;-0.7927;-0.1734
O=c1cc(-c2cccnc2)cc[nH]1;1;-0.9651;-0.2111
O=c1cc(-c2ncn[nH]2)cco1;1;-0.5657;-0.1237
O=c1cc(C2=CNNC2)cco1;1;-0.9537;-0.2086
O=c1cc(C=Cc2ccccc2)nc[nH]1;1;0.3518;0.0769
O=c1cc(C=Cc2nnc[nH]2)c1=O;1;-0.3751;-0.082
O=c1cc(CC#Cc2nnc[nH]2)c1=O;1;-0.6871;-0.1503
O=c1cc(CCCCc2cnon2)[nH]cn1;1;-0.7343;-0.1606
O=c1cc(CCc2ccno2)[nH]cn1;1;0.1813;0.0397
O=c1cc(CNc2ccccc2)nc[nH]1;1;-0.0214;-0.0047
O=c1cc(Cc2ccccc2)c1=O;1;-0.6367;-0.1392
O=c1cc[nH]c(-c2ccc(CC3=NCCN3)cc2)c1;1;0.7657;0.1675
O=c1cc[nH]c(-c2ccc(CCc3ccoc3)cc2)c1;1;1.267;0.2771
O=c1cc[nH]c(-c2ccc(CCc3ncc[nH]3)cc2)c1;1;0.7183;0.1571
C(=Cc1cccc2nn[nH]c12)COc1ccccc1;1;1.0514;0.2299
C(=Cc1cccc2ncoc12)Cc1cocn1;1;-0.3966;-0.0867
O=c1cc[nH]c(-c2ccccc2)n1;1;-0.3358;-0.0734
C(=Cc1cccc2ncoc12)Cc1cnon1;1;-0.219;-0.0479
C(=Cc1cccc2ccccc12)NCc1ncn[nH]1;1;0.2179;0.0476
O=c1cc[nH]c2cc(C=Cc3ccc4nc[nH]c4n3)ccc12;1;1.1674;0.2553
O=c1cc[nH]c2cc(Nc3cccc4ncoc34)ccc12;1;1.6685;0.3649
c1ccc(-c2ccncc2)cc1;1;2.1821;0.4772
C(=Cc1cccc(-c2ncn[nH]2)n1)c1ccccc1;1;2.4355;0.5326
O=c1ccc(-c2cnc(CCc3ccccc3)o2)n[nH]1;1;1.119;0.2447
C(=Cc1cccc(-c2cc[nH]n2)c1)c1ccccc1;1;0.695;0.152
O=c1[nH]ncn1CCC1CCCN1;1;-0.8411;-0.184
C(=Cc1ccccc1)C1=CC(c2nnn[nH]2)C1;1;0.1024;0.0224
C(=Cc1ccccc1)C1=NOCC1;1;-0.5505;-0.1204
C(=Cc1ccccc1)CC=Cc1cc[nH]n1;1;-0.4644;-0.1016
O=c1[nH]c(CC=CCc2cnco2)cs1;1;0.252;0.0551
C(=Cc1ccccc1)CC=Cc1cn[nH]c1;1;-0.6693;-0.1464
O=c1[nH]c(CCc2cc[nH]n2)cs1;1;-0.2077;-0.0454
O=c1[nH]c(COCc2ccc(-c3c[nH]cn3)cc2)no1;1;0.0304;0.0066
O=c1[nH]c2ccc([SH+]c3ccccc3)cc2[nH]c1=O;1;0.9355;0.2046
O=c1[nH]cc(C#CCCC2CN2)c2cc[nH]c12;1;-0.0556;-0.0122
O=c1[nH]cc(C=Cc2ccncn2)c2cc[nH]c12;1;0.4828;0.1056
O=c1[nH]cc(CC#Cc2cc3ccccc3o2)[nH]1;1;1.6183;0.3539
O=c1[nH]cc(CCC2=CNC=CC2)c2cc[nH]c12;1;0.712;0.1557
O=c1[nH]cc(CCC2COC=CO2)c2cc[nH]c12;1;0.2699;0.059
O=c1[nH]cc(Cc2ccccc2)[nH]1;1;0.3881;0.0849
O=c1[nH]cnc2cc(CCc3ccccc3)ncc12;1;0.7062;0.1544
O=c1[nH]nc(Cc2ccccc2)[nH]1;1;1.0688;0.2337
C(=Cc1ccccc1)CC1=CNCC=N1;1;0.2563;0.056
O=c1[nH]nc(-c2ccccc2)o1;1;-0.4202;-0.0919
C(=Cc1ccccc1)CC1=CCOC1;1;-0.3808;-0.0833
O=c1[nH]nc(C2=CC=CC2)o1;1;-0.0978;-0.0214
O=c1[nH]nc(C=CCN2CCNC2=S)c(=O)[nH]1;1;-0.8833;-0.1932
O=c1[nH]nc(C=Cc2cnon2)[nH]1;1;-0.7897;-0.1727
C(=Cc1ccccc1)CC1=CCNN1;1;-0.0472;-0.0103
O=c1[nH]nc(CC=Cc2ccccc2)[nH]1;1;0.2137;0.0467
C(=Cc1ccccc1)CC1=CCNC1;1;-0.1877;-0.0411
O=c1[nH]nc(CCc2cc[nH]n2)o1;1;-0.2883;-0.063
O=c1[nH]nc(Cc2ccc[nH]2)o1;1;0.0185;0.004
C(=CC1CNCN1)CCc1cccc(Nc2ccccc2)c1;1;0.7249;0.1585
C(=CC1CCN=CN1)c1ccccc1;1;-0.7329;-0.1603
c1ccc(-c2ccncc2)nc1;1;-0.0739;-0.0162
c1ccc(OCCc2ncc[nH]2)nc1;1;-0.2173;-0.0475
C(#Cc1ccccn1)Cc1nncs1;1;-0.4324;-0.0946
c1ccc2c(c1)NC(NCc1cc[nH]n1)N2;1;-0.4818;-0.1054
C(#Cc1ccccn1)Cc1cn[nH]n1;1;-0.4603;-0.1007
c1ccc2c(c1)ccn2Cc1c[nH]cn1;1;-0.8232;-0.18
C(#Cc1ccccc1)Cc1nnn[nH]1;1;-0.6165;-0.1348
c1ccc2ncccc2c1;1;0.7367;0.1611
C(#Cc1ccccc1)Cc1nnco1;1;-0.2002;-0.0438
c1ccc2ocnc2c1;1;-0.6128;-0.134
C(#Cc1ccccc1)Cc1cnn[nH]1;1;-0.2482;-0.0543
C(#Cc1ccccc1)Cc1ccccn1;1;0.5471;0.1197
c1ccn(C2COC2)c1;1;-1.1939;-0.2611
c1ccn(CCCN2CCCC2)c1;1;0.4532;0.0991
c1ccn(CCCOc2ccn[nH]2)c1;1;-0.3917;-0.0857
c1ccn(CCCc2ncno2)c1;1;-0.6466;-0.1414
C(#Cc1ccccc1)Cc1ccccc1;1;0.5346;0.1169
C(#Cc1ccccc1)CCn1cnnc1;1;-0.4729;-0.1034
c1ccn2cnnc2c1;1;-0.4542;-0.0993
C(#Cc1ccccc1)CCn1ccnn1;1;0.0825;0.0181
C(#Cc1ccccc1)CCc1ccc[nH]1;1;-0.0558;-0.0122
c1ccsc1;1;-0.9668;-0.2114
c1cn(CCc2ccc3sncc3c2)cn1;1;1.2522;0.2738
c1cn(CCc2nnco2)cn1;1;-0.5753;-0.1258
C(#Cc1ccccc1)CCNCc1cnon1;1;-0.3322;-0.0726
C(#Cc1ccccc1)CCCn1cccn1;1;-0.1947;-0.0426
c1cnc(CNC2CCCCC2)cn1;1;-0.1412;-0.0309
c1ccc2c(c1)CNN2;1;-0.6032;-0.1319
C(#Cc1cccnc1)CC1=CC=CC1;1;0.2408;0.0527
c1ccc2c(COc3cccc4nc[nH]c34)cccc2c1;1;0.7985;0.1746
C(#Cc1ccn[nH]1)Cc1cnccn1;1;-0.4623;-0.1011
c1ccc(OCc2ccc3c(c2)SNC3)cc1;1;0.6596;0.1442
c1ccc(OCc2ccc3nc[nH]c3c2)cc1;1;1.3292;0.2907
c1ccc(OCc2cnc[nH]2)cc1;1;-0.676;-0.1478
C(#Cc1ccnc2[nH]ccc12)CNCCC1=CNC=NC1;1;0.0312;0.0068
c1ccc(Oc2ccn[nH]2)cc1;1;-0.6318;-0.1382
c1ccc([SH+]c2ccc(-c3ncon3)cc2)cc1;1;-0.1975;-0.0432
C(#Cc1ccnc(C2=COCC=C2)c1)c1ccccc1;1;1.985;0.4341
C(#Cc1ccn[nH]1)c1cccnc1;1;-0.3604;-0.0788
c1ccc([SH+]c2ccc3c(c2)NCCCN3)cc1;1;0.4189;0.0916
c1ccc([SH+]c2ccc3c(c2)NNC3)cc1;1;0.7405;0.1619
c1ccc([SH+]c2ccc3ncccc3c2)cc1;1;1.8248;0.3991
c1ccc([SH+]c2cccc(-c3ccccn3)c2)cc1;1;2.3256;0.5086
C(#Cc1cccnc1)CC1=CNC=NC1;1;0.0117;0.0026
c1ccc([SH+]c2cccc(-c3cnsn3)c2)cc1;1;1.2646;0.2765
C(#Cc1cccnc1)Cc1nncs1;1;-0.2177;-0.0476
c1ccc([SH+]c2cccc(-c3nnco3)c2)cc1;1;1.7962;0.3928
c1ccc([SH+]c2cccc(-n3cnnn3)c2)cc1;1;1.3766;0.301
c1ccc([SH+]c2cccc(C3=NOCN3)c2)cc1;1;1.0744;0.235
C(#Cc1cccnc1)Cc1cscn1;1;-0.7668;-0.1677
C(#Cc1cccnc1)Cc1cnsc1;1;0.0577;0.0126
c1ccc2[nH]c(CCc3cc[nH]n3)cc2c1;1;1.5329;0.3352
c1ccc2[nH]c(SCc3csnn3)nc2c1;1;-0.7163;-0.1566
C(#Cc1cccnc1)CN1CNc2cccnc21;1;0.4935;0.1079
C(#Cc1cccnc1)CC1=NN=CCN1;1;-0.084;-0.0184
c1cnc(CNCCCCc2ccn[nH]2)cn1;1;-0.3016;-0.066
c1cnc(Nc2cccc(-c3c[nH]cn3)c2)nc1;1;1.14;0.2493
C(#Cc1ccccc1)CCCC=C1NCCN1;1;1.4004;0.3062
C(#CCC1=CCCCC1)COc1ccccc1;1;1.2057;0.2637
c1coc(C2=NOCN2)n1;1;-0.811;-0.1774
c1coc(Cc2cc3ccccc3[nH]2)c1;1;-0.3081;-0.0674
c1coc(Cc2cncnc2)c1;1;-0.6564;-0.1435
C(#CCc1ccncn1)CCC1C=COCC1;1;1.2523;0.2739
C(#CCc1ccc[nH]1)Cc1ccncn1;1;0.1112;0.0243
c1n[nH]c(-c2cnc[nH]2)n1;1;-0.5121;-0.112
c1nc2c([nH]1)CNC2;1;-1.2662;-0.2769
C(#CCN1CCCC1)Cc1ccccc1;1;0.3598;0.0787
C(#CCN1C=CSC1)Cc1ccccc1;1;-0.2315;-0.0506
c1ncc(CCCCc2ccoc2)[nH]1;1;-0.2563;-0.056
c1ncc(Cc2cnon2)[nH]1;1;-1.0421;-0.2279
c1ncc2nc[nH]c2n1;1;-0.795;-0.1739
c1coc(-c2ccno2)c1;1;-0.4202;-0.0919
c1nn[nH]n1;1;-1.5182;-0.332
c1nnc(-c2cnco2)[nH]1;1;-0.8923;-0.1951
C(#CC1CN=CNC1)CCc1ccccc1;1;1.7825;0.3898
c1nnc(-c2cnns2)o1;1;-1.3629;-0.2981
C(#CC1CCON1)c1ccccc1;1;-0.5478;-0.1198
c1nnc(-c2nn[nH]n2)[nH]1;1;-0.1585;-0.0347
c1nnc(Cc2ccc3ocnc3c2)[nH]1;1;0.0277;0.0061
c1nnc(Cc2cocn2)[nH]1;1;-0.5022;-0.1098
c1nnc(NCCc2csnn2)s1;1;-0.8141;-0.178
c1nnc(Nc2ccc(-c3cn[nH]c3)cc2)s1;1;0.0871;0.0191
C(#CC1CCCCC1)c1ccno1;1;0.0193;0.0042
c1coc(-c2nnc[nH]2)c1;1;-0.0823;-0.018
c1coc(-c2ccc(CCC3=NCON3)cc2)c1;1;-0.3434;-0.0751
C(#Cc1ccccc1)CCC1=COC=CC1;1;0.0851;0.0186
C(#Cc1cc[nH]c1)c1cccnc1;1;-0.7829;-0.1712
C(#Cc1ccccc1)CC1=NOCN1;1;-0.6134;-0.1341
c1cnc2ccc(CCCc3ccncn3)cc2c1;1;1.9772;0.4324
c1cnc2ncoc2c1;1;-0.6711;-0.1468
C(#Cc1ccc[nH]1)CC1=CCC=C1;1;0.3148;0.0688
c1cncc(-c2cccc(CCC3=NCON3)c2)c1;1;0.1846;0.0404
C(#Cc1ccc2c(c1)NCO2)CCCc1cnccn1;1;0.0459;0.01
c1cncc(-c2cccs2)c1;1;-1.309;-0.2863
c1cncc(-c2ccncn2)c1;1;-0.0644;-0.0141
c1cncc(-c2ccon2)c1;1;-0.3454;-0.0755
c1cncc(-c2ccsc2)c1;1;-0.9315;-0.2037
c1cncc(-c2cn[nH]c2)c1;1;-1.1863;-0.2594
C(#Cc1cc[nH]c1)Cc1nnco1;1;-0.7207;-0.1576
C(#CCc1n[nH]c2ccccc12)Cc1ccncn1;1;0.2437;0.0533
c1cncc(-c2nccs2)c1;1;-1.2256;-0.268
c1cncc(-c2ncno2)c1;1;-1.1051;-0.2417
c1cncc(-c2nnc(CCc3ccc4c(c3)CCC4)s2)c1;1;1.8624;0.4073
C(#Cc1cc[nH]c1)Cc1cccnc1;1;0.2883;0.0631
C(#Cc1cc[nH]c1)Cc1ccccc1;1;0.0212;0.0046
C(#Cc1cc[nH]c1)Cc1c[nH]nn1;1;-0.2058;-0.045
c1cncc(CCCc2nnco2)c1;1;-0.8879;-0.1942
c1cncc(CNc2cccnc2)c1;1;-0.1068;-0.0234
C(#CCn1cccc1)Cc1cnn[nH]1;1;0.0888;0.0194
C(#CCc1nnco1)CCc1ccccc1;1;1.9349;0.4231
C(#CCc1ncc2nc[nH]c2n1)CCc1cccc2ncoc12;1;1.354;0.2961
C(#Cc1ccno1)CCc1ccccc1;1;0.561;0.1227
c1ccc(OCCOc2ccccc2)cc1;1;1.1096;0.2426
C(=CC1CN=CN1)COc1ccccc1;1;1.2049;0.2635
c1ccc(OCC2NCCCO2)cc1;1;-0.3468;-0.0759
C(=CC1=NOCN1)CCc1nnc[nH]1;1;-0.5815;-0.1272
C(=CC1=NCNC=C1)Cc1cccc2nc[nH]c12;1;0.0709;0.0155
C(=CC1=NC=CCN1)CNCc1cn[nH]n1;1;-0.1619;-0.0354
C(=CC1=COCCO1)COc1ccccc1;1;1.0038;0.2195
c1ccc(-n2cnnn2)cc1;1;-0.3625;-0.0793
c1ccc(C2=NCON2)cc1;1;0.0905;0.0198
c1ccc(C2=NNCO2)cc1;1;-0.7098;-0.1552
c1ccc(CC2CN2)cc1;1;-0.0789;-0.0172
c1ccc(CCC2=NCON2)cc1;1;-0.5114;-0.1118
c1ccc(CCC2=NOCN2)cc1;1;-0.2033;-0.0445
c1ccc(CCC2CCNCN2)cc1;1;-0.6214;-0.1359
c1ccc(CCCCCc2nnco2)cc1;1;0.4447;0.0973
c1ccc(CCCCSCn2cnnc2)cc1;1;-0.5654;-0.1236
c1ccc(CCCCc2ccccn2)cc1;1;-0.1136;-0.0248
c1ccc(CCCCc2ccon2)cc1;1;-0.3572;-0.0781
c1ccc(CCCCc2cnccn2)cc1;1;0.6972;0.1525
c1ccc(CCCCc2ncc(-c3cc[nH]c3)[nH]2)cc1;1;0.7177;0.1569
c1ccc(CCCCc2ncno2)cc1;1;0.857;0.1874
c1ccc(CCCc2ccncn2)cc1;1;1.0705;0.2341
c1ccc(CCCc2ccno2)cc1;1;-0.858;-0.1876
C(=CC1=COCCO1)CCc1cccc(-c2cn[nH]n2)c1;1;0.9293;0.2032
c1ccc(CCCc2cnon2)nc1;1;-0.6081;-0.133
C(=CC1=CNCS1)CCc1cnco1;1;-0.6168;-0.1349
C(=CC1=CCCO1)Cc1ccncn1;1;0.6098;0.1334
c1ccc(CCNCCc2ccccn2)cc1;1;0.7527;0.1646
C(=CC1C=CC1)CCc1cnco1;1;-0.0964;-0.0211
c1ccc(-c2nnc[nH]2)nc1;1;0.5796;0.1267
C(=CC1C=CC1)Cc1ccncn1;1;0.4077;0.0892
C(=CC1CCCN1)Cc1ccc2[nH]ncc2c1;1;0.1452;0.0318
C(=CC1CCNCC1)c1ccccc1;1;-0.2469;-0.054
C(=CC1CCNC1)Cc1ccccn1;1;-0.5372;-0.1175
c1ccc(-c2ccon2)cc1;1;-0.3495;-0.0764
c1ccc(-c2ccon2)nc1;1;-0.6562;-0.1435
C(=CC1CCNC1)CCNCCc1ccccc1;1;0.9122;0.1995
O=C1CCC=C1CC=Cc1cccnc1;1;0.4613;0.1009
C(=CC1CCCS1)c1cccnc1;1;-0.8838;-0.1933
C(=CC1CCCO1)NCc1ccc2[nH]ccc2c1;1;-0.3107;-0.0679
C(=CC1CCCO1)Cc1ccccc1;1;0.0225;0.0049
C(=CC1CCCN1)c1cccnc1;1;-0.5263;-0.1151
c1ccc(-c2cnns2)cc1;1;0.2338;0.0511
C(=CC1CCCCS1)c1ccccc1;1;-0.7405;-0.1619
C(=CC1C=CNC=C1)Cc1ccc2[nH]ncc2c1;1;1.1591;0.2535
c1ccc(-c2coc(CNCc3ccccn3)c2)cc1;1;1.2146;0.2656
c1ccc(-c2coc(CNCc3ccncc3)c2)cc1;1;0.4946;0.1082
C(=CC1CCCC1)c1ccccn1;1;0.4065;0.0889
C(=CC1CCCC1)Cc1ccc2[nH]ncc2c1;1;0.5074;0.111
c1ccc(-c2csnn2)cc1;1;0.5234;0.1145
C(=CC1CCCC1)CCn1ccnc1;1;-0.0714;-0.0156
c1ccc(-c2ncc[nH]2)cc1;1;-0.0995;-0.0218
c1ccc(-c2ncco2)nc1;1;-0.3673;-0.0803
c1ccc(-c2nccs2)cc1;1;-0.3133;-0.0685
C(=CC1CC=NO1)Cc1ccc2[nH]ncc2c1;1;0.2351;0.0514
C(=CC1C=NN=CN1)c1ccccc1;1;0.1086;0.0238
c1ccc(CCNCCn2cnnn2)cc1;1;0.6173;0.135
c1ccc(CCNCc2cn[nH]c2)cc1;1;2.0184;0.4414
c1ccc(CCNCc2cnoc2)cc1;1;0.876;0.1916
c1ccc(Cc2ncc[nH]2)nc1;1;-0.2152;-0.0471
c1ccc(Cc2cc[nH]n2)cc1;1;-0.1841;-0.0403
C(#Cc1cnccn1)CCC1=CCNCN1;1;-0.0348;-0.0076
C(#Cc1cncc(C2=CCC=CN2)c1)c1ccccc1;1;1.657;0.3624
c1ccc(Cc2ccco2)nc1;1;-0.0838;-0.0183
c1ccc(Cc2ccn[nH]2)cc1;1;-0.2169;-0.0474
c1ccc(Cc2ccno2)cc1;1;-0.2326;-0.0509
C(#Cc1cnc[nH]1)c1ccccc1;1;-0.3834;-0.0838
c1ccc(Cc2cnco2)cc1;1;-0.5645;-0.1235
c1ccc(Cc2cnco2)nc1;1;-0.329;-0.0719
c1ccc(Cc2cocn2)cc1;1;-1.3459;-0.2943
c1ccc(Cc2ncc(-c3cnc[nH]3)[nH]2)cc1;1;-0.6674;-0.1459
c1ccc(Cc2ncco2)nc1;1;-0.2297;-0.0502
c1ccc(COc2ccccn2)cc1;1;0.131;0.0286
c1ccc(Cc2nnc[nH]2)cc1;1;-0.5304;-0.116
c1ccc(NC2=NCCO2)cc1;1;-0.7282;-0.1593
c1ccc(NCCc2cc[nH]c2)cc1;1;-0.6171;-0.135
c1ccc(NCCc2nnco2)cc1;1;-0.68;-0.1487
c1ccc(NCCn2cnc3ncncc32)cc1;1;0.4956;0.1084
c1ccc(NNCc2cscn2)cc1;1;-0.5069;-0.1109
C(#Cc1ccno1)Cc1ccccc1;1;0.2126;0.0465
C(#Cc1ccno1)CCc1cnon1;1;-0.4786;-0.1047
c1ccc(Nc2ccn[nH]2)cc1;1;-0.3869;-0.0846
c1ccc(Nc2cncc(-n3cccn3)c2)cc1;1;0.2732;0.0597
c1ccc(Nc2cncc(OC3CCOC3)c2)cc1;1;-0.2464;-0.0539
c1ccc(Cc2cc[nH]c2)cc1;1;-0.0515;-0.0113
C(#Cc1cnccn1)CCC1CCCN1;1;0.2041;0.0446
c1ccc(CCOCc2cccc3ncncc23)cc1;1;0.3827;0.0837
c1ccc(CCc2cnoc2)cc1;1;1.5442;0.3377
c1ccc(CCOCc2ccccc2)cc1;1;0.5205;0.1138
C(#Cc1nnc[nH]1)Cn1cnnn1;1;0.1255;0.0275
c1ccc(CCc2ccc[nH]2)cc1;1;0.7481;0.1636
C(#Cc1nc2ccccc2[nH]1)Cc1cnon1;1;2.4601;0.538
C(#Cc1csnn1)c1ccccn1;1;-0.3753;-0.0821
c1ccc(CCc2ccccn2)cc1;1;2.1713;0.4748
c1ccc(CCc2cccnc2)nc1;1;0.2955;0.0646
c1ccc(CCc2ccco2)cc1;1;-0.7195;-0.1573
c1ccc(CCc2ccncn2)cc1;1;1.5697;0.3433
c1ccc(CCc2ccnn3cnnc23)cc1;1;0.9488;0.2075
c1ccc(CCc2cncs2)cc1;1;-0.8331;-0.1822
C(#Cc1cnns1)c1cccc(NC2C=CCCC2)c1;1;0.1562;0.0342
c1ccc(COCc2ccccc2)cc1;1;-0.0556;-0.0122
c1ccc(CCc2nc[nH]n2)cc1;1;1.3802;0.3018
c1ccc(CCc2ncnc3cn[nH]c23)cc1;1;0.9358;0.2047
c1ccc(CCc2ncncn2)cc1;1;-0.5758;-0.1259
c1ccc(CCc2nn[nH]n2)cc1;1;1.6999;0.3717
C(#Cc1cnccn1)CCc1ccncc1;1;1.6437;0.3594
c1ccc(CCc2nnn[nH]2)cc1;1;-1.032;-0.2257
c1ccc(CCn2ccnc2)cc1;1;-0.2687;-0.0588
c1ccc(CCn2ccnn2)cc1;1;-0.5678;-0.1242
C(#Cc1cnccn1)CCC1CCNCC1;1;0.4388;0.096
c1ccc(CNCc2cc(-c3ccccc3)co2)cc1;1;1.4325;0.3133
c1ccc(CNCc2cncnc2)cc1;1;1.1923;0.2607
O=C1CCCC(=O)C1=CCCCn1cccc1;1;0.026;0.0057
O=C1CCC(C=CCc2ccccc2)CN1;1;-0.0846;-0.0185
O=C1CCC=C(CC=CCn2cnc3ncccc32)N1;1;0.6909;0.1511
O=C(C#Cc1cccnc1)NC1C=CCS1;1;1.0586;0.2315
C1=CC(C=Cc2ccccc2)COC1;1;-0.3284;-0.0718
O=C(C#Cc1cccnc1)NC1CCCCCC1;1;-0.5225;-0.1143
O=C(C#Cc1cccnc1)NC1CCNC1;1;0.0156;0.0034
O=C(C#Cc1cccnc1)NC1CCNCS1;1;1.2786;0.2796
O=C(C#Cc1cccnc1)NC1CNC1=O;1;0.745;0.1629
O=C(C#Cc1cccnc1)NC1SCCCS1;1;1.597;0.3493
O=C(C#Cc1cccnc1)NCC1=CCC=CO1;1;1.5904;0.3478
O=C(C#Cc1cccnc1)NCc1cc[nH]c1;1;1.1091;0.2425
C1=CC(C=CC2C=CSS2)=CC1;1;-1.4046;-0.3072
O=C(C#Cc1cccnc1)NCc1nnc[nH]1;1;1.0672;0.2334
C1=C(c2nnc[nH]2)COCC1;1;-0.4545;-0.0994
C1=C(c2ncc[nH]2)CCCO1;1;-0.7363;-0.161
O=C(C#Cc1cccnc1)Nc1cccnc1C1CN1;1;0.7301;0.1597
O=C(C#Cc1cccnc1)Nc1cncc2occc12;1;1.4822;0.3241
O=C(C#Cc1cccnc1)OCc1c[nH]cn1;1;-0.5844;-0.1278
O=C(C#Cc1cccnc1)c1ncc[nH]1;1;-0.4697;-0.1027
C1=C(c2ccccc2)NOC1;1;0.3108;0.068
O=C(C#Cc1ncc[nH]1)c1cnco1;1;-0.2815;-0.0616
O=C(C1=CC=CCO1)c1ccc[nH]1;1;1.6302;0.3565
O=C(C1=CCCN1)c1cc(COc2ccccc2)cc(=O)[nH]1;1;1.2754;0.2789
O=C(C1=CCCN1)c1cccc(=O)[nH]1;1;-0.3547;-0.0776
O=C(C1=CCCN1)c1ccccc1;1;-0.4851;-0.1061
O=C(C1=CCCN1)c1ccn[nH]1;1;-0.7096;-0.1552
O=C(C1=CCCN1)c1ncc2nn[nH]c2n1;1;-0.2351;-0.0514
O=C(C1=CCCN1)c1ncco1;1;-0.4037;-0.0883
C1=CC(C=Cc2cccnc2)C=CN1;1;-0.324;-0.0708
O=C(C#Cc1cccnc1)NC1C=CCC1;1;0.5421;0.1185
O=C(C1=CCNC=N1)c1nnco1;1;-0.7805;-0.1707
C1=CC(C=Cc2ccon2)C1;1;-0.9603;-0.21
N=c1[nH]cc(C=Cc2ccccc2)s1;1;-0.5059;-0.1106
N=c1[nH]cc(CCC#Cc2c[nH]c(=O)s2)s1;1;0.0173;0.0038
C1=CC(CNCC=Cc2ccccc2)CC1;1;0.7442;0.1627
C1=CC(CCc2oncc2-c2cnco2)=CC1;1;0.7611;0.1664
N=c1[nH]cc(CCC#Cc2cccs2)s1;1;-0.3357;-0.0734
N=c1[nH]cc(CCC#Cc2cnc[nH]2)s1;1;-0.8226;-0.1799
N=c1[nH]cc(CCC#Cc2cnsc2)s1;1;-0.6515;-0.1425
N=c1[nH]cc(CCC#Cc2nnc[nH]2)s1;1;-0.0728;-0.0159
N=c1[nH]nc(-c2ccccc2)s1;1;-0.4418;-0.0966
N=c1[nH]nc(CCc2ccccc2)s1;1;-0.3836;-0.0839
C1=CC(CCc2nnc(C=Cc3nnn[nH]3)o2)CCC1;1;0.2137;0.0467
O=C(C#CCNC(=O)c1ccccc1)c1ccoc1;1;-0.3118;-0.0682
O=C(C#CCNC(=O)c1ccccc1)c1cn[nH]c1;1;-0.5633;-0.1232
O=C(C#CCNCc1ccccc1)c1cnoc1;1;-0.0916;-0.02
C1=CC(CCOc2ccccc2)CO1;1;-0.7121;-0.1557
O=C(C#Cc1ccccc1)C1=CCC=CN1;1;-0.051;-0.0111
C1=CC(CC=Cc2ccccc2)OC1;1;-0.1052;-0.023
O=C(C#Cc1ccccc1)OC1COC1=O;1;-0.0232;-0.0051
O=C(C#Cc1ccccc1)OCCC1=CCCCO1;1;0.6104;0.1335
C1=CC(CC=Cc2ccccc2)CCC1;1;0.355;0.0776
O=C(C#Cc1ccccc1)OCCc1ccccc1;1;1.4287;0.3124
O=C(C#Cc1ccccc1)OCCc1cnon1;1;0.4062;0.0888
O=C(C#Cc1ccccc1)OCCc1cocn1;1;0.2272;0.0497
O=C(C#Cc1ccccc1)OCCc1ncon1;1;0.3183;0.0696
O=C(C#Cc1ccccc1)OCCc1nn[nH]n1;1;-0.2327;-0.0509
C1=C(Cc2ccccc2)NOC1;1;-0.3205;-0.0701
C1=C(Cc2ccccc2)NCNC1;1;-0.0456;-0.01
O=C1CCC(CCC#Cc2cnccn2)N1;1;-0.0023;-0.0005
O=C(CC1CCCOO1)c1cc[nH]c1;1;-0.2502;-0.0547
O=C(CC=CC1C=CC=CC1)c1cc[nH]c1;1;2.5454;0.5567
O=C(CC=CC1C=CC=CO1)c1cc[nH]c1;1;2.1737;0.4754
O=C(CC=CC1CCCC1)c1cc[nH]c1;1;0.6236;0.1364
O=C(CC=CC1CCCCC1)c1cc[nH]c1;1;2.6661;0.583
O=C(CC=CC1CCNC1)c1cc[nH]c1;1;1.6536;0.3616
C(Cc1cnccn1)=C1NCCN1;1;-0.2594;-0.0567
O=C(CC=CCc1cccnc1)OCc1cnoc1;1;0.1458;0.0319
O=C(CC=Cc1cc[nH]n1)c1cc[nH]c1;1;-0.5078;-0.1111
O=C(CC=Cc1ccc[nH]1)Cc1n[nH]c(=O)o1;1;0.1471;0.0322
C(CCNCCc1ccccc1)=C1NCCN1;1;1.0717;0.2344
O=C(CC=Cc1nnc[nH]1)c1cccc2c1C=CC2;1;0.0872;0.0191
O=C(CCC1=CNOC1)c1ccccc1;1;-0.336;-0.0735
O=C(CCC1COCN1)Oc1ccccc1;1;0.8208;0.1795
O=C(CCC=CC1C=CCN1)n1nnc2cncnc21;1;0.1283;0.0281
O=C(CCC=CC1COC=CO1)n1nnc2cncnc21;1;1.6049;0.351
O=C(CCC=Cc1ncn[nH]1)n1nnc2cncnc21;1;0.1497;0.0327
O=C(CCCCC1=CCOC1)c1cc[nH]c1;1;-0.0742;-0.0162
O=C(CCCCC1=NCON1)c1cc[nH]c1;1;0.0042;0.0009
O=C(CCCCc1cnon1)c1cc[nH]c1;1;0.2628;0.0575
O=C(CCCCc1noc(=O)[nH]1)c1cc[nH]c1;1;0.3687;0.0806
O=C(CCCc1ccccc1)NC(=O)n1cncn1;1;0.0739;0.0162
O=C(CCN1C=CCN1)OCc1ccccc1;1;-0.8387;-0.1834
O=C(CCN1CC=CN1)Oc1ccccc1;1;0.9769;0.2136
O=C(CCN1CCCC1)Oc1ccccc1;1;0.8781;0.192
O=C(CCOCc1nnc[nH]1)c1cc[nH]c1;1;-0.4246;-0.0929
C(Cc1ncc[nH]1)=C1NCCN1;1;-0.9977;-0.2182
O=C(CC1CCCC1)NOc1cccnc1;1;-0.2334;-0.051
O=C(C=CC1=CCC1)Cc1cnco1;1;-0.268;-0.0586
O=C(CC1=CCCO1)Nc1ccccc1;1;0.3898;0.0852
C1=C(Cc2cccc3nc[nH]c23)OCCO1;1;0.1486;0.0325
O=C(C=CC1=CCON1)CCC=CC1=CCN=CN1;1;-0.403;-0.0881
O=C(C=CC1=CCON1)CCc1ccc[nH]1;1;0.4886;0.1068
C1=C(COc2ccccc2)OCCO1;1;-0.2372;-0.0519
C1=C(CCc2ccccc2)OC(C2CN2)=CC1;1;-0.0346;-0.0076
O=C(C=CC1=CCON1)CCc1ccon1;1;-0.1842;-0.0403
O=C(C=CC1=CCON1)CCc1cn[nH]n1;1;-0.7364;-0.1611
O=C(C=CC1=CCON1)CCc1ncn[nH]1;1;-0.4428;-0.0968
O=C(C=CC1=CNC=CC1)c1cc[nH]n1;1;-0.4562;-0.0998
O=C(C=CC1=NCCCO1)c1cc[nH]n1;1;-0.9475;-0.2072
O=C(C=CC1CN1)c1ccccc1;1;-0.8925;-0.1952
O=C(C=CCC1COC=CO1)Oc1ccccc1;1;1.556;0.3403
O=C(C=CCc1n[nH]c(=O)[nH]1)Nc1ccccc1;1;0.6994;0.1529
O=C(C=CNc1ccccc1)C1=NNCO1;1;0.1353;0.0296
O=C(C=Cc1cc[nH]c1)c1cc[nH]n1;1;-0.8042;-0.1759
C1=C(CCCc2ccncn2)CCC1;1;0.0879;0.0192
O=C(C=Cc1cscn1)c1ccccc1;1;-0.0755;-0.0165
C1=C(CCCc2ccccc2)CC1;1;-0.7121;-0.1557
O=C(CC#Cc1cccnc1)n1cccn1;1;0.0912;0.02
O=C(CC#Cc1cnon1)c1c[nH]c2ccccc12;1;1.3714;0.2999
O=C(CC#Cc1cnon1)c1ccc2c(n1)OCC2;1;0.8815;0.1928
C1=C(CCCc2ccc[nH]2)CCC1;1;-0.0848;-0.0185
C(Cn1cnc2cncnc21)=C1NCCN1;1;-0.2221;-0.0486
O=C(CC#Cc1cnon1)c1n[nH]c2ccccc12;1;1.2033;0.2632
O=C(CC1=CC=CC1)c1ccccc1;1;-0.7322;-0.1601
C1=CC(CNCc2cc(-c3ccccc3)co2)=CC1;1;0.798;0.1745
N=c1[nH]c(CCc2cncc(Nc3ccccc3)c2)cs1;1;0.1955;0.0427
N=C1NCCC1CCc1cc[nH]n1;1;0.1971;0.0431
C1=CCC(C=CCc2ccncn2)=C1;1;0.4556;0.0996
C1=NC(COc2ccccc2)CCC1;1;0.1941;0.0425
C1=NC=C(CCc2ccccc2)NC1;1;1.3577;0.2969
C1=NC=C(COc2ccccc2)CN1;1;0.0888;0.0194
C1=CC(c2nnc[nH]2)=CC1;1;-0.53;-0.1159
C1=CC(Cc2ccno2)OC1;1;-1.0929;-0.239
C1=NCON1;1;-0.3873;-0.0847
C1=NN=C(c2cccnc2)CN1;1;0.2458;0.0538
C1=NNCS1;1;-1.5025;-0.3286
C1=NOC(Cc2ccccc2)N1;1;-1.2492;-0.2732
C1=NOCC1NCc1ccccc1;1;-0.3075;-0.0673
C1=NOCN1Cc1ccno1;1;-0.781;-0.1708
C1=NOCN1Cc1cnc[nH]1;1;-0.1921;-0.042
C1=CC(Cc2ccno2)=CC1;1;-0.6524;-0.1427
C1=CC(Cc2ccncn2)OC1;1;-0.8639;-0.1889
C1=Nc2ccccc2C1;1;-0.0674;-0.0147
C1=Nc2ccccc2CO1;1;-0.0438;-0.0096
C1CNNC1;1;-1.529;-0.3344
C=C(C(=O)C1=CCC(C(=O)Cc2nc[nH]n2)=C1)c1ccccc1;1;2.1653;0.4735
C=C(C(=O)C1=CCC=C1)c1ccccc1;1;1.8889;0.4131
C=C(C(=O)Cc1cc[nH]n1)c1cccc(N2CCNC2=O)c1;1;0.9621;0.2104
C=C(C(=O)c1ccccc1)c1ncc(-c2cccnc2)o1;1;1.8659;0.4081
C=C(C1=CCC=CO1)c1cc(=O)c1=O;1;-0.3931;-0.086
C=C(C1=CCCCO1)c1ccno1;1;-0.2791;-0.061
C=C(C1=CCN=CN1)c1nnco1;1;-0.2388;-0.0522
C=C(C=Cc1ccon1)c1nc(-c2ccccc2)c[nH]1;1;1.7031;0.3724
C1=Cc2ccccc2C1=Cc1nnn[nH]1;1;0.0098;0.0021
C1=CCC(C=Cc2ccccc2)C1;1;0.7412;0.1621
N=C1NCCC1C(=O)c1ccccc1;1;-0.1058;-0.0231
C1=COCCO1;1;-1.5392;-0.3366
C1=CN=CCC1;1;-1.5052;-0.3292
C1=CN=CN(c2ccccc2)C1;1;-0.6999;-0.1531
C1=CCN=C1;1;-1.0467;-0.2289
C1=CCCC=C1;1;-0.9012;-0.1971
C1=CNC(C=Cc2cn[nH]c2)C=N1;1;-0.6799;-0.1487
C1=CCCC(Cc2ccno2)=C1;1;-0.7067;-0.1545
C1=CNC(Cc2ccno2)=NC1;1;-0.5575;-0.1219
C1=CNC(c2nnc(Cc3ccccc3)[nH]2)=CC1;1;0.1972;0.0431
C1=CNC=C(CCc2cccc3nncn23)C1;1;0.391;0.0855
C1=CNC=C(c2nnc[nH]2)C1;1;-0.5004;-0.1094
C1=CCCC(Cc2ccnc(C=Cc3c[nH]cn3)c2)=C1;1;0.3134;0.0685
C1=CNCC1;1;-1.1595;-0.2536
C1=CNCNC1;1;-1.2114;-0.2649
C1=CNNC1;1;-1.0493;-0.2295
C1=COC(CCc2ccccc2)=CC1;1;-0.4863;-0.1063
C1=CCC(c2nnco2)=C1;1;-0.1957;-0.0428
C1=CCC(c2nn[nH]n2)=C1;1;-0.332;-0.0726
C1=CCC(NCC=Cc2ccccc2)C=C1;1;-0.1797;-0.0393
C1=COC=C(CCc2ccccc2)C1;1;0.1051;0.023
C1=COC=C(c2cc[nH]n2)C1;1;0.1807;0.0395
C1=COC=C(c2ccccc2)C1;1;-0.2215;-0.0484
C1=COC=C(c2ccco2)C1;1;-0.0591;-0.0129
C1=COC=C(c2cnc[nH]2)C1;1;0.4942;0.1081
C1=COC=C(c2nnc[nH]2)C1;1;-0.7571;-0.1656
C1=COCC(C=Cc2ccc[nH]2)C1;1;-0.4961;-0.1085
C=C(CC#CCc1ccccc1)c1ccccn1;1;0.0094;0.0021
C=C(CC#Cc1ccccc1)C1C=COCC1;1;-0.0583;-0.0128
C=C(CC(=O)c1ccccc1)CC1=CCC=CO1;1;-0.237;-0.0518
C=C(CCCCC(=O)C1=COCC=C1)c1ccoc1;1;0.3021;0.0661
C=C(c1ccccc1)c1ncno1;1;-0.0349;-0.0076
C=C(c1cccnc1)c1ccno1;1;-0.3522;-0.077
C=C(c1ccco1)c1ccno1;1;-0.4217;-0.0922
C=C(c1ccn[nH]1)c1ccno1;1;-0.5556;-0.1215
C=C(c1ccno1)C1CCO1;1;-0.7647;-0.1672
C=C(c1cn[nH]c1)c1cn[nH]n1;1;-1.3796;-0.3017
C=C(c1cn[nH]n1)c1ccc(-c2ccccc2)o1;1;0.3664;0.0801
C1=CC(COc2ccccc2)OC1;1;-0.0273;-0.006
C=C(c1cn[nH]n1)c1ncccn1;1;-0.7999;-0.1749
C1=CC(COc2ccccc2)=CC1;1;0.1286;0.0281
C1=CC(COCCc2ccccc2)NN1;1;-0.1915;-0.0419
C=C(c1nnc[nH]1)C1NC=NO1;1;-0.6494;-0.142
C=C1C(=O)NC(=O)N(CCc2ccccc2)C1=O;1;0.2452;0.0536
C=C1C(=O)NN=C1C=CCCc1cnco1;1;1.4774;0.3231
C=C1CC(Cc2ccncn2)OC1=O;1;0.2068;0.0452
C=C1Cc2cc([SH+]c3ccccc3)ccc2N1;1;1.6742;0.3661
C1=CC(COCCc2ccccc2)=CC1;1;-0.498;-0.1089
C=C1NCCN1;1;-1.9818;-0.4334
C1=CC(CNCc2cnon2)C=CO1;1;-0.6054;-0.1324
C=C1Oc2ccccc2C1=O;1;-0.4829;-0.1056
N=C1CC(C(=O)c2ccccc2)CN1;1;-0.9337;-0.2042
N=C1CCCC1C=CCCc1cnco1;1;0.1332;0.0291
N=C1CCCN1CCCCc1cccc(-c2nnco2)c1;1;0.8266;0.1808
N=C1CCCN1c1cccnc1;1;-1.3488;-0.295
N=C1CCc2ccc(Cc3ccoc(=O)c3)cc21;1;-0.1896;-0.0415
C1=CC(Cc2ccccc2)C=C1;1;0.7271;0.159
C=C(c1ccccc1)c1cc(=O)c1=O;1;0.4167;0.0911
C=C(c1cccc(-c2ccn[nH]2)c1)c1ncno1;1;0.6772;0.1481
C=C(Cc1ccccn1)c1nc[nH]n1;1;-0.6746;-0.1475
C=C(CCCCC(=O)C1=COCC=C1)c1nnc[nH]1;1;1.0454;0.2286
C=C(CCc1cc[nH]n1)C(=O)c1ccccc1;1;0.0837;0.0183
C1=CC(Cc2ccccc2)OCC1;1;1.0519;0.23
C=C(CNC(=O)C#Cc1cccnc1)C1CC=CS1;1;0.3583;0.0783
C=C(CNC(=O)C#Cc1cccnc1)C1CCNO1;1;0.4847;0.106
C=C(COCc1ccccc1)C1C=CNN1;1;-0.1755;-0.0384
C=C(Cc1cccc(-c2cn[nH]n2)c1)C1=CCCCC1;1;0.6801;0.1487
C=C(Cc1cccc(-c2cn[nH]n2)c1)C1=CCNCN1;1;-0.123;-0.0269
C=C(Cc1cccc(-c2cn[nH]n2)c1)c1ccccn1;1;1.0317;0.2256
C=C(Cc1ccccc1)C1C=CC1;1;-0.9826;-0.2149
C=C(Cc1ccccc1)c1cncc(-c2cn[nH]c2)n1;1;1.1722;0.2563
C=C(Cc1ccoc1)C(=O)c1ccccc1;1;-1.0063;-0.2201
C=C(c1ccc2cnsc2c1)c1nnc[nH]1;1;0.8585;0.1877
C=C(Cc1n[nH]c(=O)o1)c1cccnc1;1;0.7313;0.1599
C=C(Cc1nnc[nH]1)c1cccc(CC2=CCN=CN2)c1;1;-0.1046;-0.0229
C=C(NC1C=CC=CC1)c1cnco1;1;-0.4846;-0.106
C=C(NCc1nnc(-c2ccccc2)o1)C1=NOCN1;1;0.3629;0.0794
C=C(NCc1nnc(-c2ccccc2)o1)c1cc[nH]n1;1;0.3513;0.0768
C=C(c1cc[nH]n1)c1ccno1;1;-0.1103;-0.0241
C=C(c1ccc(-c2cccnc2)cc1)c1c[nH]c(=S)s1;1;1.7392;0.3803
C=C(c1ccc(-c2cccnc2)cc1)c1ccccn1;1;2.5462;0.5568
C=C(c1ccc(-c2cccnc2)cc1)c1cnccn1;1;1.2957;0.2833
C=C(c1ccc(-c2cccnc2)cc1)c1csc(=O)[nH]1;1;1.391;0.3042
C=C(c1ccc(-c2ccn[nH]2)cc1)c1c[nH]nn1;1;0.1974;0.0432
O=C(CCc1c[nH][nH]c1=O)OCc1ccccc1;1;-0.6614;-0.1446
O=C(CCc1ccc2c(c1)CNNC2)c1cnon1;1;-0.1203;-0.0263
O=C(CCc1cccnc1)NCc1cc(-c2c[nH]cn2)c[nH]1;1;0.7133;0.156
O=C(c1ccccc1)c1cn[nH]n1;1;0.7941;0.1737
O=C(c1ccccc1)c1cnco1;1;0.4916;0.1075
O=C(c1ccccc1)c1cnn[nH]1;1;-0.2636;-0.0576
O=C(c1ccccc1)c1ncco1;1;-0.3848;-0.0842
C(=Cc1ccsc1)Cc1cccc2nc[nH]c12;1;1.0882;0.238
O=C(c1ccccc1)c1nnc[nH]1;1;-0.4318;-0.0944
C(=Cc1ccoc1)c1ccccc1;1;-0.1728;-0.0378
O=C(c1ccccc1)c1nnn[nH]1;1;-0.414;-0.0905
O=C(c1ccccc1)n1cccn1;1;-0.1078;-0.0236
O=C(c1ccccc1C=Cc1nnc[nH]1)C1C=CC=CC1;1;0.991;0.2167
C(=Cc1ccoc1)C1=CC(c2ccc[nH]2)C1;1;-0.0559;-0.0122
O=C(c1ccccn1)c1ccc[nH]1;1;-0.3584;-0.0784
O=C(c1ccccn1)c1noc(=O)[nH]1;1;-0.6608;-0.1445
O=C(c1ccncc1)c1cc(=O)[nH]cn1;1;-0.7399;-0.1618
C(=Cc1ccoc1)C1=CC(c2cc[nH]n2)C1;1;-0.2523;-0.0552
C(=Cc1ccno1)Cc1ccncn1;1;1.3832;0.3025
O=C(c1cnc[nH]1)c1c[nH]c(=O)c2[nH]ccc12;1;0.0831;0.0182
C(=Cc1ccno1)C1=CC(c2cnc[nH]2)C1;1;-0.6722;-0.147
C(=Cc1ccncn1)Cc1ccncn1;1;0.2596;0.0568
C(=Cc1ccn[nH]1)c1cnon1;1;-1.093;-0.239
C(=Cc1cccnc1)c1ccccc1;1;-0.457;-0.0999
C(=Cc1cccnc1)Cn1cccn1;1;-0.3329;-0.0728
C(=Cc1cccnc1)Cc1nnco1;1;0.2879;0.063
O=C(c1nn[nH]n1)c1ccc[nH]1;1;0.057;0.0125
O=C(c1nnc[nH]1)c1cccc2nc[nH]c12;1;0.0634;0.0139
C(=Cc1cccnc1)Cc1ncncn1;1;-0.2829;-0.0619
O=C(c1ccccc1)c1cnc(C2=CCNN2)o1;1;0.1183;0.0259
O=C(c1ccccc1)c1cn[nH]c1;1;-0.2304;-0.0504
C(=Cc1cnc(-c2ccccc2)[nH]1)c1ccccc1;1;1.1716;0.2562
O=C(c1ccccc1)c1ccc[nH]1;1;0.4368;0.0955
O=C(c1ccccc1)C1C=CCCC1;1;0.8667;0.1895
O=C(c1ccccc1)C1C=CCS1;1;-0.7374;-0.1613
O=C(c1ccccc1)C1C=CNC=C1;1;0.0857;0.0187
O=C(c1ccccc1)C1C=CNC=N1;1;-0.1734;-0.0379
C(=Cc1cn[nH]n1)Cc1ncn[nH]1;1;-0.3068;-0.0671
O=C(c1ccccc1)C1CCCCN1;1;0.1471;0.0322
C(=Cc1cn[nH]n1)Cc1ccccc1;1;0.425;0.0929
O=C(c1ccccc1)C1CCCO1;1;0.107;0.0234
C(=Cc1cn[nH]n1)CCc1ncn[nH]1;1;-0.5219;-0.1141
C(=Cc1cn[nH]n1)CCCC1CCCC1;1;0.1446;0.0316
C(=Cc1cn[nH]n1)CCC1=CNCN1;1;-0.5822;-0.1273
O=C(c1ccccc1)C1CNC=N1;1;0.3766;0.0824
O=C(c1ccccc1)C1CNCCN1;1;-0.7219;-0.1579
O=C(c1ccccc1)C1CNCCO1;1;-0.4639;-0.1015
O=C(c1ccccc1)C1CNCN1;1;-0.5226;-0.1143
O=C(c1ccccc1)C1CNCO1;1;0.168;0.0367
O=C(c1ccccc1)C1COC(=S)N1;1;0.314;0.0687
O=C(c1ccccc1)C1COC=N1;1;-0.8172;-0.1787
O=C(c1ccccc1)C1N=CNO1;1;-0.4237;-0.0927
O=C(c1ccccc1)C1NC=CN1;1;1.3203;0.2887
O=C(c1ccccc1)C1NCCCN1;1;-0.5173;-0.1131
O=C(c1ccccc1)C1NCCO1;1;0.8551;0.187
O=C(c1ccccc1)C1NCNCN1;1;-1.2147;-0.2656
C(=Cc1cn[nH]c1)Cc1ccncn1;1;0.6062;0.1326
O=C(c1ccccc1)c1cc[nH]c1;1;0.253;0.0553
O=C1C(=CC2NCCN2)Oc2ccccc21;1;0.133;0.0291
O=C1C=C(C#CCc2cnon2)CN1;1;-0.3173;-0.0694
C(=Cc1cccnc1)Cc1cnc[nH]1;1;-0.0501;-0.011
O=C1C=C(C(=O)Nc2ccccc2)CO1;1;-0.5394;-0.118
C(=Cc1ccccc1)Cc1cnoc1;1;-0.3183;-0.0696
O=C1C=CC(C(=O)c2ccccc2)N1;1;1.9079;0.4172
O=C1C=CC(C=CCC(=O)c2cc[nH]c2)O1;1;2.1404;0.4681
C(=Cc1ccccc1)Cc1cnccn1;1;-0.0172;-0.0038
C(=Cc1ccccc1)Cc1ccoc1;1;-0.2437;-0.0533
O=C1C=CC(C=Cc2ncc[nH]2)N1;1;-0.6486;-0.1418
O=C1C=CC(COC(=O)C=Cc2cc[nH]n2)N1;1;-0.6247;-0.1366
O=C1C=CC(NCCc2ccccc2)C=C1;1;0.9181;0.2008
O=C1C=CC(NCCc2ccccn2)C=C1;1;0.8552;0.187
O=C1C=CCC1;1;-0.6171;-0.135
O=C1C=CCC=C1;1;-1.1819;-0.2585
O=C1C=CCC=C1c1ccco1;1;-0.0195;-0.0043
O=C1C=CCCN1;1;-0.8232;-0.18
O=C1C=CCO1;1;-0.8753;-0.1914
O=C1C=COC1CSCc1nnco1;1;-0.4995;-0.1092
C(=Cc1ccccc1)Cc1ccncn1;1;1.5953;0.3489
C(=Cc1ccccc1)Cc1ccccc1;1;0.8184;0.179
O=C1CC(C=Cc2ccccc2)O1;1;1.2933;0.2828
O=C1CC(CCc2ccccc2)O1;1;-0.1474;-0.0322
O=C1CC(c2cnon2)=NN1;1;-0.3334;-0.0729
O=C1CC=NN1CC=CCc1cnco1;1;0.4015;0.0878
O=C1CCC(C=C(Cc2ccccc2)c2c[nH]cn2)O1;1;-0.2282;-0.0499
C(=Cc1ccccc1)Cc1ccc2[nH]ncc2c1;1;0.5025;0.1099
O=C1CCC(C=C(Cc2ccccc2)c2nnc[nH]2)O1;1;-0.1658;-0.0363
C1=CN(CCc2ccccc2)CC=N1;1;-0.4336;-0.0948
O=C1C=CC(=O)c2ccccc21;1;0.7715;0.1687
C(=Cc1ccccc1)Cc1csnn1;1;-0.4299;-0.094
C(=Cc1ccccc1)Cc1ncn[nH]1;1;0.3858;0.0844
O=C1C=C(CCCC=CCc2ccccc2)C(=O)N1;1;0.0498;0.0109
O=C1C=C(C(=O)c2ccccc2)CO1;1;-1.085;-0.2373
C(=Cc1cccnc1)CC1=CCC1;1;-0.0014;-0.0003
O=C1C=C(C=Cc2ccccc2)CO1;1;0.789;0.1726
O=C1C=C(C=Cc2ccccc2)OC1;1;-0.0425;-0.0093
O=C1C=C(CC#Cc2ccccc2)CN1;1;0.5324;0.1164
O=C1C=C(CC#Cc2ccccc2)OC1;1;0.3471;0.0759
O=C1C=C(CC=CCNc2ccccc2)CO1;1;-0.2631;-0.0575
C(=Cc1cccnc1)C1=CCCO1;1;-0.8651;-0.1892
O=C1C=C(CC=Cc2ccccc2)CCO1;1;0.2176;0.0476
O=C1C=C(CCC(=O)Oc2ccccc2)CO1;1;1.323;0.2893
O=C1C=C(CCC=Cc2ccccc2)CO1;1;0.7772;0.17
O=C1C=C(CCCC=CCc2cccnc2)C(=O)N1;1;0.2549;0.0557
O=C1C=CC(=O)C(c2ccc[nH]2)=C1;1;-0.0457;-0.01
O=C1C=C(CCNCCc2ccccc2)OCC1;1;1.3632;0.2981
O=C1C=C(CCc2ccccc2)OC1;1;-0.0081;-0.0018
C(=Cc1ccccn1)Cc1ccncn1;1;2.1009;0.4594
C(=Cc1ccccc1)Cc1nn[nH]n1;1;-0.6092;-0.1332
C(=Cc1ccccc1)Cc1ncncn1;1;-0.3126;-0.0684
O=C1C=C(c2ccccc2)CN1CCc1ncncn1;1;0.4121;0.0901
O=C1C=C(c2ccccc2)CN1CCn1cnnn1;1;0.3543;0.0775
O=C1C=C(c2cncc(C=Cc3c[nH]cn3)c2)CO1;1;0.5396;0.118
O=C1C=CC(=CC2C=COC=C2)O1;1;0.0099;0.0022
O=C1C=CC(=O)C(C=CCOc2ccccc2)=C1;1;1.0739;0.2349
O=C1C=CC(=O)C(CCCC#Cc2ccc[nH]2)=C1;1;0.2177;0.0476
C(=Cc1cn[nH]n1)Cc1nnn[nH]1;1;-0.4295;-0.0939
C(=Cc1cncc(-c2ccco2)c1)c1ccccc1;1;0.7474;0.1635
C(=Cc1nnn[nH]1)NC1CCCC1;1;-0.721;-0.1577
O=C(Cc1ccccc1)C(c1cc[nH]n1)c1cnn[nH]1;1;0.7058;0.1544
O=C(Cc1ccccc1)NC1C=CC=C1;1;0.0922;0.0202
C(=Cc1nn[nH]n1)c1cccc(-c2ccccc2)c1;1;0.5951;0.1301
O=C(Cc1ccccc1)NCC1C=CCO1;1;-0.1814;-0.0397
O=C(Cc1ccccc1)OCC1NC=NO1;1;-0.8074;-0.1766
O=C(Cc1ccccc1)OCc1cnco1;1;-0.8777;-0.192
O=C(Cc1ccccc1)OCc1nnco1;1;-0.437;-0.0956
O=C(Cc1ccccc1)c1c[nH]cn1;1;-0.3544;-0.0775
O=C(Cc1ccccc1)c1ccccc1;1;0.0348;0.0076
C(=Cc1ncon1)c1cccnc1;1;-0.6881;-0.1505
O=C(Cc1ccccc1)c1cnn[nH]1;1;-0.8325;-0.182
O=C(Cc1ccccn1)NCc1cnn[nH]1;1;-0.1982;-0.0433
O=C(Cc1ccco1)c1ccno1;1;-0.8701;-0.1903
O=C(Cc1ccnc2cc[nH]c12)c1cnon1;1;-0.3236;-0.0708
O=C(Cc1ccno1)c1ccno1;1;-0.5421;-0.1185
C(=Cc1ncon1)c1ccccc1;1;0.091;0.0199
O=C(Cc1cn[nH]c1)c1ccno1;1;-1.0557;-0.2309
O=C(Cc1cn[nH]n1)c1ccno1;1;-0.6058;-0.1325
O=C(Cc1nc[nH]n1)c1ccno1;1;-0.8109;-0.1773
O=C(Cc1ncn[nH]1)Nc1ccccc1;1;-0.1869;-0.0409
O=C(Cc1ncn[nH]1)OCc1ccccc1;1;0.6396;0.1399
O=C(Cc1nn[nH]n1)c1ccno1;1;-0.5322;-0.1164
O=C(Cc1nnc[nH]1)c1ccccc1;1;-0.8459;-0.185
O=C(Cc1nnc[nH]1)n1cncn1;1;-0.6545;-0.1431
O=C(Cc1nnco1)c1ccccc1;1;-0.4732;-0.1035
O=C(NC1=NCCO1)c1ccccc1;1;-0.117;-0.0256
O=C(Cc1ccccc1)CC1CCOC=N1;1;1.2651;0.2767
O=C(Cc1cccc2cc[nH]c12)OCc1cnns1;1;-0.0157;-0.0034
O=C(c1ccc[nH]1)c1ccno1;1;0.2457;0.0537
O=C(Cc1cccc2cc[nH]c12)OCc1ccsc1;1;-0.2346;-0.0513
O=C(CCc1cccnc1)NCc1cc(-c2cccs2)c[nH]1;1;0.0994;0.0217
O=C(CCc1cccnc1)NCc1cc(-c2ccsc2)c[nH]1;1;0.2684;0.0587
O=C(CCc1cn[nH]c1)c1ccccc1;1;-0.4387;-0.0959
O=C(CCc1ncn[nH]1)Nc1ccccc1;1;-0.2785;-0.0609
O=C(CCn1cc[nH]c1=O)OCc1ccccc1;1;-0.658;-0.1439
C(=Cc1nnco1)Cc1ccncn1;1;0.3975;0.0869
O=C(CN1C=NCC1)c1ccno1;1;-0.7523;-0.1645
O=C(CN1CCNC1)c1ccccc1;1;-0.0924;-0.0202
O=C(CNCC=Cc1ccccc1)CC1=CCC=CN1;1;0.3886;0.085
O=C(CNCC=Cc1ccccc1)CC1=CNCN1;1;1.1642;0.2546
C(=Cc1nnco1)CCc1ccccc1;1;-0.4543;-0.0993
C(=Cc1nnc[nH]1)Cc1cnco1;1;-0.453;-0.0991
O=C(COc1ccon1)c1ccno1;1;-0.8198;-0.1793
O=C(CSc1ccccc1)c1nnc[nH]1;1;0.1102;0.0241
O=C(Cc1c[nH]cn1)c1ccccc1;1;-0.4316;-0.0944
O=C(Cc1cc2ccccc2[nH]1)c1cnon1;1;0.0475;0.0104
O=C(Cc1cc[nH]n1)OCC#CCc1n[nH]c(=O)[nH]1;1;0.2181;0.0477
O=C(Cc1cc[nH]n1)Oc1ccccc1;1;1.2571;0.2749
C(=Cc1nnc[nH]1)Cc1ccccn1;1;-0.311;-0.068
O=C(Cc1ccc2c(c1)CC=C2)CN1CCNC1;1;0.3519;0.077
O=C(Cc1ccc2c(c1)CC=C2)Cc1cscn1;1;0.3958;0.0866
O=C(Cc1ccc2c(c1)CC=C2)Cn1ccc(=O)[nH]1;1;-0.096;-0.021
O=C(Cc1ccc2ncoc2c1)c1ccccc1;1;0.338;0.0739
O=C(Cc1ccc[nH]1)c1ccno1;1;-0.3236;-0.0708
C(=Cc1nnc(COCc2cnon2)[nH]1)c1cccnc1;1;1.492;0.3263
O=C(NC1CC=NC1)c1ccccc1;1;-0.558;-0.122
O=C(NC1CCCC1)c1ccncc1;1;-0.5127;-0.1121
O=C(NCC#CC(=O)c1ncco1)c1ccccc1;1;-0.3292;-0.072
O=C(NCC#CC(=O)c1nnco1)c1ccccc1;1;-0.019;-0.0042
C(=Cc1nccc2c1CNC2)c1cccnc1;1;0.2836;0.062
O=C(OCc1cnc[nH]1)c1ccccc1;1;-0.4547;-0.0994
O=C(OCc1cnco1)c1ccccc1;1;-0.8114;-0.1774
O=C(OCc1nnco1)c1ccccc1;1;-0.4906;-0.1073
O=C(Oc1ccc2c(=O)cc[nH]c2c1)c1ccccn1;1;0.6354;0.139
C(=Cc1nccc2[nH]cnc12)c1ccccc1;1;0.9541;0.2086
O=C(Oc1cccnc1)c1cc[nH]n1;1;-0.9911;-0.2167
C(=Cc1ncc[nH]1)Cc1ccncn1;1;1.6695;0.3651
O=C(Oc1cncc(-c2cc[nH]c2)c1)c1ccccc1;1;0.2811;0.0615
O=C(c1c[nH]cn1)c1ccc[nH]1;1;-0.5927;-0.1296
O=C(c1cc(-c2ccccc2)co1)N1CCC1;1;0.1964;0.043
O=C(c1cc(=O)[nH]cn1)c1cc(CCC2CCCCC2)c[nH]1;1;0.4957;0.1084
O=C(c1cc(=O)[nH]cn1)c1nnc(C=CC2CC=CCC2)[nH]1;1;0.7317;0.16
O=C(c1cc(=O)[nH]cn1)c1nnc(C=CC2CCCC2)[nH]1;1;0.4441;0.0971
O=C(c1cc(=O)[nH]cn1)c1nnc(C=CC2CCCCC2)[nH]1;1;0.8783;0.1921
C(=Cc1cnon1)c1ccc(-c2ccccc2)nc1;1;0.5382;0.1177
C(=Cc1cnon1)c1cc2[nH]ncc2cn1;1;-0.156;-0.0341
O=C(c1cc[nH]c1)c1csnn1;1;-1.5098;-0.3302
C(=Cc1cnoc1)CCc1ccsc1;1;-0.0432;-0.0094
C(=Cc1cnco1)c1cccnc1;1;-0.835;-0.1826
O=C(c1cc[nH]n1)c1c[nH]c(=O)c2[nH]ccc12;1;-0.1222;-0.0267
O=C(c1cc[nH]n1)c1ncc(C=Cc2ccccc2)cn1;1;1.809;0.3956
C(=Cc1cnccn1)Cc1ccncn1;1;0.6836;0.1495
O=C(c1ccc(CCC=CC2CCCC2)[nH]1)c1nc(=O)o[nH]1;1;0.6351;0.1389
C(=Cc1cncc2[nH]ncc12)CC1=CCNN1;1;0.5531;0.121
O=C(OCc1ccncc1-c1ccccc1)c1cnc[nH]1;1;1.8715;0.4093
C(=Cc1ncn[nH]1)c1cc[nH]c1;1;-0.8533;-0.1866
O=C(OCc1ccccn1)c1cccnc1;1;-0.2573;-0.0563
O=C(NOCc1ccccc1)c1ccncn1;1;0.992;0.2169
O=C(NCC#Cc1noc(=O)[nH]1)c1ccccc1;1;-0.2133;-0.0466
O=C(NCC1=NN=CNC1)c1ccccc1;1;-0.6512;-0.1424
O=C(NCCC1OC=CC1=O)c1ccccc1;1;0.6722;0.147
O=C(NCCc1ccccc1)c1ccoc1;1;0.351;0.0768
O=C(NCCc1ccccc1)c1cnon1;1;0.4421;0.0967
O=C(NCCc1cnn[nH]1)c1ccccc1;1;0.2381;0.0521
O=C(NCCc1nnc2scnn12)c1cnon1;1;-0.7429;-0.1625
O=C(NCc1cccnc1)c1ccccc1;1;-0.4695;-0.1027
O=C(NCc1ncn[nH]1)C1=CCC=CO1;1;0.2;0.0437
O=C(NOCc1ccccc1)C1CSCN1;1;0.9478;0.2073
O=C(NOCc1ccccc1)c1cc[nH]n1;1;1.7313;0.3786
O=C(NOCc1ccccc1)c1ncccn1;1;1.025;0.2241
C(=Cc1ncn[nH]1)c1ccccc1;1;-0.6321;-0.1382
O=C(NOCc1ccccc1)c1ncncn1;1;0.8551;0.187
O=C(Nc1ccccc1)C1=COCC(c2cn[nH]n2)=C1;1;1.4668;0.3208
C(#CC1C=CCCC1)c1ccno1;1;0.201;0.044
O=C(Nc1ccccc1)NC1CCOC1;1;1.0909;0.2386
C(=Cc1ncncn1)COc1ccccc1;1;1.3586;0.2971
O=C(Nc1ccccc1)c1nncs1;1;-0.996;-0.2178
C(=Cc1ncn[nH]1)c1cncc(-c2cc[nH]c2)c1;1;0.1205;0.0264
O=C(OC1C=CC=CC1)c1ccccc1;1;-0.4869;-0.1065
O=C(OC1CCCC1)c1ccccc1;1;1.2736;0.2785
O=C(OC1CNC1)c1ccccc1;1;-0.1193;-0.0261
O=C(OCCc1ccccc1)c1nnn[nH]1;1;-0.3469;-0.0759
C(#CC1=CCc2ccccc21)CNCCc1cnccn1;1;1.2005;0.2625
