ID_Control;SMILES_curated;IC50 (nM)
ID_001;CONC(=O)c1c(C)c(-c2ccc(-c3ccccc3F)cc2)nc2ccc(F)cc12;0.12
ID_002;Cc1ccccc1NC(=O)c1cc(F)c(-c2cn(C)c(C(C)(C)O)n2)cc1O[C@@H](C)C(F)(F)F;0.179
ID_003;Cc1ccccc1-n1cc(C(C)C)c2cc(-c3ccc(C)c(N)n3)c(F)cc2c1=O;0.18
ID_004;Cc1n[nH]c(Cl)c1NC(=O)c1cc(F)c(-c2ccc3c(n2)NCCC3)cc1O[C@@H](C)C(F)(F)F;0.181
ID_005;C[C@H](Oc1cc(-c2cn(C)c(C(C)(C)O)n2)c(F)cc1C(=O)Nc1c(F)cccc1Cl)C(F)(F)F;0.19
ID_006;Cc1n[nH]c(Cl)c1NC(=O)c1cc(F)c(-c2ccc(F)c(CO)n2)cc1OC(C)C(F)(F)F;0.191
ID_007;Cc1n[nH]c(C(F)(F)F)c1NC(=O)c1cc(F)c(-c2ccc(Cl)c(N)n2)cc1O[C@@H](C)C(F)(F)F;0.192
ID_008;Cc1n[nH]c(C(F)(F)F)c1NC(=O)c1cc(F)c(-c2ccc(Cl)c(N)n2)cc1OC(C)C(F)(F)F;0.192
ID_009;Cc1n[nH]c(Cl)c1NC(=O)c1cc(F)c(-c2cn(C)c(C(C)O)n2)cc1O[C@@H](C)C(F)(F)F;0.193
ID_010;Cc1ccc(-c2cc(O[C@@H](C)C(F)(F)F)c(C(=O)Nc3c(F)cccc3Cl)cc2F)nc1N;0.195
ID_011;CCn1c(CO)nn(-c2nc(O[C@@H](C)C(F)(F)F)c3c(Oc4c(F)cccc4Cl)nncc3c2F)c1=O;0.2
ID_012;C[C@H](Oc1cc(-c2ccc3c(n2)NCCC3)c(F)cc1C(=O)Nc1c(F)cccc1Cl)C(F)(F)F;0.202
ID_013;Cc1cc(N)nc(-c2cc(O[C@@H](C)C(F)(F)F)c(C(=O)Nc3c(C)n[nH]c3Cl)cc2F)c1;0.208
ID_014;Cc1n[nH]c(C(F)(F)F)c1NC(=O)c1cc(F)c(-c2ccc(F)c(CO)n2)cc1OC(C)C(F)(F)F;0.211
ID_015;CC(=N)/C(NC(=O)c1cc(F)c(-c2ccc(C(F)(F)F)c(N)n2)cc1O[C@@H](C)C(F)(F)F)=C(\N)Cl;0.214
ID_016;Cc1n[nH]c(Cl)c1NC(=O)c1cc(F)c(-c2ccc(C(F)(F)F)c(N)n2)cc1OC(C)C;0.215
ID_017;Cc1ncc(-c2cc(O[C@@H](C)C(F)(F)F)c(C(=O)Nc3c(Cl)n[nH]c3C)cc2F)nc1CO;0.219
ID_018;Cc1cn(-c2cc(O[C@@H](C)C(F)(F)F)c(C(=O)Nc3c(C)n[nH]c3Cl)cc2F)nc1[C@@H](C)O;0.22
ID_019;CCn1c(CO)nn(-c2cc3c(C(C)C)cn(-c4c(F)cccc4Cl)c(=O)c3cc2F)c1=O;0.222
ID_020;C=C(c1cn(-c2ccccc2C)c(=O)c2cc(F)c(-n3nc(CO)n(CC)c3=O)cc12)C(F)(F)F;0.226
ID_021;Cc1n[nH]c(Cl)c1NC(=O)c1cc(F)c(-c2ccc(C3CC3)cn2)cc1OC(C)C(F)(F)F;0.229
ID_022;C[C@H](Oc1cc(-c2nc(C(C)(C)O)n(C)n2)c(F)cc1C(=O)Nc1c(F)cccc1Cl)C(F)(F)F;0.237
ID_023;C=C(C)c1cn(-c2cccc(OC)c2Cl)c(=O)c2cc(F)c(-n3nc(CO)n(CC)c3=O)cc12;0.24
ID_024;CC(=N)/C(NC(=O)c1cc(F)c(-c2ccc(Cl)c(CO)n2)cc1O[C@@H](C)C(F)(F)F)=C(\N)Cl;0.243
ID_025;Cc1ncc(-c2cc(O[C@@H](C)C(F)(F)F)c(C(=O)Nc3c(F)cccc3Cl)cc2F)nc1CO;0.246
ID_026;C=C(C)c1cn(-c2cc(F)ccc2C)c(=O)c2cc(F)c(-n3nc(CO)n(CC)c3=O)cc12;0.249
ID_027;Cc1ccccc1NC(=O)c1cc(F)c(-c2ccc(Cl)c(CO)n2)cc1O[C@@H](C)C(F)(F)F;0.251
ID_028;CCn1c(CO)nn(-c2cc3c(cc2F)O[C@@H](c2c(F)cccc2Cl)CN3C(C)C)c1=O;0.256
ID_029;Cc1[nH]nc(Cl)c1NC(=O)c1cc(F)c(-c2nc(CO)n(C)n2)cc1O[C@@H](C)C(F)(F)F;0.259
ID_030;CCn1c(C(N)=O)nn(-c2cc(O[C@@H](C)C(F)(F)F)c(C(=O)Nc3c(F)cccc3Cl)cc2F)c1=O;3.0
ID_031;CCn1c(CO)nn(-c2cc(O[C@@H](C)C(F)(F)F)c(C(=O)Nc3c(Cl)cccc3Cl)cc2F)c1=O;3.0
ID_032;Cc1c(-c2ccc(-c3ccccc3F)cc2)nc2ccc(F)cc2c1C(=O)O;3.0
ID_033;CCn1c(CO)nn(-c2cc3c(C(C)C)cn(-c4nc(C)ccc4Cl)c(=O)c3cc2F)c1=O;3.07
ID_034;Nc1cccc(-c2ccc(-n3nnc4c3C(=O)c3ccccc3C4=O)cc2)c1;3.1
ID_035;CCC[C@H](C)Oc1cc(-n2nc(CO)n(C)c2=O)c(F)cc1C(=O)Nc1c(F)cccc1Cl;3.2
ID_036;Cc1cccc(Cl)c1NC(=O)c1cc(F)c(-n2nc3n(c2=O)CCCOC3)cc1O[C@@H](C)C(F)(F)F;3.2
ID_037;CCn1c(CO)nn(-c2ccc3c(=O)n(-c4ccccc4Cl)nc(C(C)C)c3c2)c1=O;3.21
ID_038;Cc1n[nH]c(Cl)c1NC(=O)c1cc(F)c(-c2cccc(O)n2)cc1O[C@@H](C)C(F)(F)F;3.22
ID_039;CC(O)c1sc(-c2cc(O[C@@H](C)C(F)(F)F)c(C(=O)Nc3c(F)cccc3Cl)cc2F)nc1CF;3.26
ID_040;O=C(Nc1c(F)c(F)c(-c2cccc(OCCCO)c2)c(F)c1F)c1c(O)nn2ccccc12;3.29
ID_041;COc1cc(C)c(NC(=O)c2cc(F)c(-n3nc4n(c3=O)CCCC4)cc2O[C@@H](C)C2CCCCC2)cn1;3.3
ID_042;C[C@H](Oc1cc(-n2nc3n(c2=O)CCCC3)c(F)cc1C(=O)Nc1c(F)cc(O)cc1F)C(F)(F)F;3.4
ID_043;O=C(Nc1c(F)c(F)c(-c2ccccc2)c(F)c1F)c1c(O)nn2c(Cl)cccc12;3.4
ID_044;CCn1c(CO)nn(-c2ccc3c(=O)n(-c4c(F)cccc4Cl)cc(C(C)C)c3c2)c1=O;3.46
ID_045;C[C@H](Oc1cc(-n2nc3n(c2=O)CCCC3)c(F)cc1C(=O)Nc1c(F)cccc1Cl)C(F)(F)F;3.5
ID_046;Cc1ccccc1-n1ncc2c1CCCC2NC(=O)c1noc2c1CCCC2;3.5
ID_047;Cc1ccnc(Cl)c1NC(=O)c1cc(F)c(-c2cnc(C3CC3)cn2)cc1O[C@@H](C)C(F)(F)F;3.5
ID_048;C[C@H](O)c1nn(-c2cc(O[C@@H](C)C(F)(F)F)c(C(=O)Nc3c(Cl)cccc3Cl)cc2F)c(=O)n1C;3.5
ID_049;Cc1cc(C(=O)O)c2nc(-c3c(F)c(F)c(-c4ccccc4F)c(F)c3F)[nH]c2c1;3.5
ID_050;Cc1cnc(-c2cc(OC(C)C(F)(F)F)c(C(=O)Nc3c(F)cccc3Cl)cc2F)cn1;3.52
ID_051;CCn1c(CO)nn(-c2cc3c(C(C)C)cn([C@@H]4CCCC[C@@H]4C)c(=O)c3cc2F)c1=O;3.54
ID_052;CCn1c(CO)nn(-c2cc3c(C(C)C)cn(-c4c(C)ccnc4Cl)c(=O)c3cc2F)c1=O;3.57
ID_053;Cc1cnc(-c2cc3c(C(C)C)cn(-c4ccccc4C)c(=O)c3cc2F)cc1N;3.6
ID_054;CCn1c(CO)nn(-c2cc3c(cc2F)C(C)=C(c2ccccc2C)CN3C(C)C)c1=O;3.71
ID_055;CCn1c(CO)nn(-c2cc3c(C(C)C)cn(-c4cnsc4C)c(=O)c3cc2F)c1=O;3.72
ID_056;C[C@H](Oc1cc(-n2nc3ccccn3c2=O)c(F)cc1C(=O)Nc1ccccc1F)c1ccccc1;3.8
ID_057;C[C@H](Oc1cc(-n2nc(C(C)(C)O)n(C)c2=O)ccc1C(=O)Nc1c(F)cccc1Cl)C(F)(F)F;3.9
ID_058;Cc1n[nH]c(Cl)c1NC(=O)c1cc(F)c(-c2cn3c(n2)[C@](C)(O)CC3)cc1OC(C)C(F)(F)F;3.92
ID_059;Cc1n[nH]c(Cl)c1NC(=O)c1cc(F)c(-c2nc(C(C)(C)O)c(C)s2)cc1OC(C)C(F)(F)F;3.94
ID_060;Cc1c(-c2ccccc2Cl)cc(F)c(Nc2ncccc2C(=O)O)c1F;4.0
ID_061;O=C(O)c1cc(C2CC2)cnc1Nc1c(F)cc(-c2cccc(OC(F)(F)F)c2)cc1F;4.0
ID_062;Cc1cccc(-n2ncc3c2CCCC3NC(=O)c2noc3c2CCCC3)c1C;4.0
ID_063;O=C(O)C1=C(C(=O)Nc2c(F)c(F)c(-c3cccc(OC(F)(F)F)c3)c(F)c2F)CSC1;4.0
ID_064;O=C(O)c1cc(C2CC2)ccc1Nc1ccc(-c2ccccc2Cl)nc1;4.0
ID_065;CCc1nc(-c2cc(O[C@@H](C)C(F)(F)F)c(C(=O)Nc3c(F)cccc3Cl)cc2F)sc1CO;4.01
ID_066;Cc1n[nH]c(C(F)(F)F)c1-c1cc(C(C)C)c2cc(-c3cn(C)c(C(C)(C)O)n3)c(F)cn2c1=O;4.07
ID_067;CCCOc1cccc(-c2c(F)c(F)c(NC(=O)c3c(O)nn4ccccc34)c(F)c2F)c1;4.09
ID_068;C[C@H](Oc1cc(-n2nc3n(c2=O)CCCOC3)c(F)cc1C(=O)Nc1c(Cl)cc(F)cc1Cl)C(F)(F)F;4.1
ID_069;O=C(O)c1[nH]c(=O)[nH]c(=O)c1CCc1cc2ccccc2c2ccccc12;4.1
ID_070;COc1cc(-n2nnc3c2C(=O)c2ccccc2C3=O)ccc1-c1ccccc1;4.1
ID_071;CCn1c(CO)nn(-c2cc(O[C@@H](C)C(F)(F)F)c(C(=O)Nc3c(F)cccc3Cl)cc2F)c1=O;4.17
ID_072;CCONC(=O)c1c(C)c(-c2ccc(-c3ccccc3F)cc2)nc2ccc(F)cc12;4.2
ID_073;Cc1nc(-c2cc(O[C@@H](C)C(F)(F)F)c(C(=O)Nc3c(F)cccc3Cl)cc2F)cnc1CO;4.28
ID_074;CCn1c(CO)nn(-c2cc(O[C@@H](C)C(F)(F)F)c(C(=O)Nc3c(F)cc(O)cc3Cl)cc2F)c1=O;4.3
ID_075;Cc1cc(F)cc(C)c1NC(=O)c1cc(F)c(-n2nc3n(c2=O)CCCC3)cc1O[C@@H](C)C(F)(F)F;4.3
ID_076;Cc1cccc2c(C(=O)Nc3c(F)c(F)c(-c4ccccc4)c(F)c3F)c(O)nn12;4.3
ID_077;C[C@H](Oc1cc(-n2nc(CO)n(C)c2=O)c(F)cc1C(=O)Nc1c(Cl)cccc1Cl)C(F)(F)F;4.33
ID_078;CN(/N=C/c1cc(F)c(F)cc1C(=O)O)c1nc(-c2ccccc2Cl)cs1;4.4
ID_079;C[C@H](Oc1cc(-n2nc(C(C)(C)O)n(C)c2=O)c(F)cc1C(=O)Nc1c(Cl)cccc1Cl)C(F)(F)F;4.5
ID_080;O=C1c2ccccc2C(=O)c2c1nnn2-c1ccc(-c2ccccc2F)cc1;4.5
ID_081;CCn1c(CO)nn(-c2cc(O[C@@H](C)C(F)(F)F)c(C(=O)Nc3c(C)cccc3F)cc2F)c1=O;4.5
ID_082;CCC[C@H](C)Oc1cc(-n2nc(C(C)(C)O)n(C)c2=O)c(F)cc1C(=O)Nc1c(F)cccc1Cl;4.5
ID_083;CCC[C@H](C)Oc1cc(-n2nc(C(C)(C)O)n(C)c2=O)c(F)cc1C(=O)Nc1c(C)cccc1F;4.5
ID_084;CCC[C@H](C)Oc1cc(-n2nc3n(c2=O)CCCC3)c(F)cc1C(=O)Nc1ccc(F)cc1C;4.5
ID_085;O=C1c2ccccc2C(=O)c2c1nnn2-c1cc(F)c(-c2ccccc2F)c(F)c1;4.5
ID_086;COC(=O)Cc1cccc(-c2c(F)cc(-n3nnc4c3C(=O)c3ccccc3C4=O)cc2F)c1;4.6
ID_087;C[C@H](Oc1cc(-c2nc(C(N)=O)n(C)n2)c(F)cc1C(=O)Nc1c(F)cccc1Cl)C(F)(F)F;4.73
ID_088;CCn1c(CO)nn(-c2cc3c(C(C)C)cn(-c4cnccc4C)c(=O)c3cc2F)c1=O;4.79
ID_089;C[C@H](Oc1cc(-c2cc([C@@H](C)O)n(C)n2)c(F)cc1C(=O)Nc1c(F)cccc1Cl)C(F)(F)F;4.83
ID_090;Cc1ccc(-c2cc(OC(C)C(F)(F)F)c(C(=O)Nc3c(F)cccc3Cl)cc2F)cn1;4.84
ID_091;CCn1c(CO)nn(-c2cc3c(C(C)C)cn(-c4ccnc(OC)c4Cl)c(=O)c3cc2F)c1=O;4.88
ID_092;CCn1c(CO)nn(-c2ccc3c(=O)n(-c4c(F)cccc4Cl)nc(C(C)C)c3c2)c1=O;4.96
ID_093;Cc1c(-c2ccccc2)cc(F)c(Nc2ncccc2C(=O)O)c1F;5.0
ID_094;O=C(O)c1cc(C2CC2)cnc1Nc1c(F)cc(-c2ccccc2Cl)cc1F;5.0
ID_095;CCC[C@H](C)Oc1cc(-n2nc3ccccn3c2=O)c(F)cc1C(=O)Nc1c(C)cccc1F;5.0
ID_096;Cc1cccc(C(F)(F)F)c1NC(=O)c1cc(F)c(-n2nc3n(c2=O)CCCOC3)cc1O[C@@H](C)C(F)(F)F;5.0
ID_097;CCC[C@H](C)Oc1cc(-n2nc([C@H](C)O)n(C)c2=O)c(F)cc1C(=O)Nc1c(F)cccc1Cl;5.0
ID_098;CCn1c(CO)nn(-c2cc(O[C@@H](C)C(F)(F)F)c(C(=O)Nc3c(Cl)ccc(O)c3F)cc2F)c1=O;5.0
ID_099;C[C@H](Oc1cc(-n2nc3n(c2=O)CCCC3)c(F)cc1C(=O)Nc1ccc(N)cc1C(F)(F)F)C1CCCCC1;5.0
ID_100;Cc1cc(Nc2ccc(C3CC3)cc2C(=O)O)cnc1-c1cccc(OC(F)(F)F)c1;5.0
ID_101;O=C(O)c1c(O)c(-c2ccc(-c3ccccc3)cc2)nc2ccc(F)cc12;5.0
ID_102;Cc1cccc(F)c1NC(=O)c1cc(F)c(-n2nc(C(C)C)n(C)c2=O)cc1O[C@@H](C)C(F)(F)F;5.0
ID_103;Cc1ccc(Nc2cnc(-c3ccccc3F)c(C)c2)c(C(=O)O)c1;5.0
ID_104;Cc1cccc(F)c1NC(=O)c1cc(F)c(-n2nc3n(c2=O)CCCC3)cc1O[C@@H](C)c1ccccc1;5.0
ID_105;C[C@H](Oc1cc(-n2nc3n(c2=O)CCCC3)c(F)cc1C(=O)Nc1c(F)cccc1F)c1ccccc1;5.0
ID_106;CC(Oc1cc(-c2cncc(O)n2)c(F)cc1C(=O)Nc1c(F)cccc1Cl)C(F)(F)F;5.02
ID_107;C=C(C)c1nn(-c2c(F)cccc2Cl)c(=O)c2cc(-n3nc(CO)n(CC)c3=O)c(F)cc12;5.03
ID_108;C[C@H](Oc1cc(-c2nc(CO)c(C(C)(F)F)s2)c(F)cc1C(=O)Nc1c(F)cccc1Cl)C(F)(F)F;5.1
ID_109;CCC[C@H](C)Oc1cc(-n2nc3n(c2=O)CCCC3)c(F)cc1C(=O)Nc1ccccc1C(F)F;5.1
ID_110;OC1c2ccccc2C(O)c2c1nnn2-c1cc(F)c(-c2ccccc2F)c(F)c1;5.1
ID_111;C[C@H](O)c1cc(-c2cc(O[C@@H](C)C(F)(F)F)c(C(=O)Nc3c(F)cccc3Cl)cc2F)nn1C;5.16
ID_112;CCn1c(CO)nn(-c2cc(O[C@@H](C)C(F)(F)F)c(C(=O)Nc3c(F)ccc(OC)c3Cl)cc2F)c1=O;5.2
ID_113;CCn1c(CO)nn(-c2cc(O[C@@H](C)C(F)(F)F)c(C(=O)Nc3c(F)ccc(O)c3Cl)cc2F)c1=O;5.2
ID_114;Cc1n[nH]c(Cl)c1NC(=O)c1cc(F)c(-c2ccc(Cl)c(C(C)(C)O)n2)cc1O[C@@H](C)C(F)(F)F;5.26
ID_115;C[C@H](Oc1cc(-n2nc3n(c2=O)CCOC3)c(F)cc1C(=O)Nc1c(Cl)cccc1Cl)C(F)(F)F;5.3
ID_116;CCC[C@H](C)Oc1cc(-n2nc(CC)n(C)c2=O)c(F)cc1C(=O)Nc1ccccc1C;5.33
ID_117;CCn1c(CO)nn(-c2cc3c(C(C)C)cn(C4CCCC4)c(=O)c3cc2F)c1=O;5.37
ID_118;CCC[C@H](C)Oc1cc(-n2nc(CC)n(C)c2=O)c(F)cc1C(=O)Nc1cccc(N)c1C;5.4
ID_119;CCC[C@H](C)Oc1cc(-n2nc(CC)n(C)c2=O)c(F)cc1C(=O)Nc1cccc(N)c1;5.4
ID_120;COc1cc(N)nc(-c2cc(OC(C)C)c(C(=O)Nc3c(C)n[nH]c3Cl)cc2F)c1;5.45
ID_121;C=C(C)c1cn(-c2ccccc2C#N)c(=O)c2ccc(-n3nc(CO)n(CC)c3=O)cc12;5.49
ID_122;Cc1nc2c(C(=O)O)cc(-c3ccc(-c4ccccc4CN4CC[C@@H](F)C4)cc3)cc2[nH]1;5.5
ID_123;Cc1nc2c(C(=O)O)cc(-c3ccc(-n4c(C)ccc4C)cc3)cc2[nH]1;5.5
ID_124;Cc1cccc(F)c1NC(=O)c1cc(F)c(-n2nc(C(C)(C)O)n(C)c2=O)cc1O[C@@H](C)C(F)(F)F;5.5
ID_125;Cc1nc2c(C(=O)O)cc(-c3ccc(OCc4ccccc4)cc3)cc2[nH]1;5.5
ID_126;CCC[C@H](C)Oc1cc(-n2nc(CC)n(C)c2=O)c(F)cc1C(=O)Nc1ccc(CC)cc1;5.5
ID_127;Cc1nc2c(C(=O)O)cc(-c3c(F)c(F)c(-n4c(C)ccc4C)c(F)c3F)cc2[nH]1;5.5
ID_128;Cc1nc2c(C(=O)O)cc(-c3c(F)c(F)c(-c4ccc(CN5CCS(=O)(=O)CC5)cc4)c(F)c3F)cc2[nH]1;5.5
ID_129;Cc1nc2c(C(=O)O)cc(-c3c(F)c(F)c(-c4ccc(CN5CCCC(F)(F)C5)cc4)c(F)c3F)cc2[nH]1;5.5
ID_130;Cc1nc2c(C(=O)O)cc(-c3c(F)c(F)c(-c4ccc(CN5CCCCC5)cc4)c(F)c3F)cc2[nH]1;5.5
ID_131;Cc1nc2c(C(=O)O)cc(-c3c(F)c(F)c(-c4cccc(CNC5CC5)c4)c(F)c3F)cc2[nH]1;5.5
ID_132;Cc1nc2c(C(=O)O)cc(-c3c(F)c(F)c(-c4cccc(CO)c4)c(F)c3F)cc2[nH]1;5.5
ID_133;CCn1c(CO)nn(-c2cc3c(cc2F)O[C@H](c2c(F)cccc2Cl)CN3C(C)C)c1=O;5.5
ID_134;Cc1nc2c(C(=O)O)cc(-c3c(F)c(F)c(-c4cccc(CN5CCCCC5)c4)c(F)c3F)cc2[nH]1;5.5
ID_135;Cc1nc2c(C(=O)O)cc(-c3c(F)c(F)c(-c4ccccc4CN4CCCCC4)c(F)c3F)cc2[nH]1;5.5
ID_136;Cc1nc2c(C(=O)O)cc(-c3c(F)c(F)c(-c4ccccc4)c(F)c3F)cc2[nH]1;5.5
ID_137;Cc1nc2c(C(=O)O)cc(-c3ccc(-c4ccccc4CN4CCCC4)cc3)cc2[nH]1;5.5
ID_138;Cc1cccc(-c2ccc(-c3cc(C(=O)O)c4nc(C)[nH]c4c3)cc2)c1;5.5
ID_139;Cc1nc2c(C(=O)O)cc(-c3ccc(-c4c(F)cccc4CN4CCCC4)cc3)cc2[nH]1;5.5
ID_140;CCc1nc(-c2cc(O[C@@H](C)C(F)(F)F)c(C(=O)Nc3c(F)cccc3Cl)cc2F)oc1CO;5.51
ID_141;C[C@H](Oc1cc(-c2nnc(C3CC3)o2)c(F)cc1C(=O)Nc1c(F)cccc1Cl)C(F)(F)F;5.54
ID_142;Cc1cc(C(=O)O)c2[nH]c(-c3c(F)c(F)c(-n4c(C)ccc4C)c(F)c3F)nc2c1;5.6
ID_143;CCn1c(CO)nn(-c2cc3c(cc2F)C(O)C(c2ccccc2C)CN3C(C)C)c1=O;5.62
ID_144;C/C(O)=C(\C#N)C(=O)Nc1cc(O[C@@H](C)C(F)(F)F)c(C(=O)Nc2c(Cl)cccc2Cl)cc1F;5.7
ID_145;Cc1ccc(CCc2c(C(=O)O)[nH]c(=O)[nH]c2=O)cc1;5.8
ID_146;O=C(Nc1c(F)c(F)c(-c2ccccc2)c(F)c1F)c1c(O)nn2c1CCCC2;5.8
ID_147;CCC[C@H](C)Oc1cc(-n2nc3n(c2=O)CCCC3)c(F)cc1C(=O)Nc1c(C)ccnc1OC;5.8
ID_148;CCC[C@H](C)Oc1cc(-n2nc(CC)n(C)c2=O)c(F)cc1C(=O)Nc1c(C)cccc1F;6.0
ID_149;O=C(O)c1c(O)c(-c2ccc(Oc3ccccc3)cc2)nc2ccc(F)cc12;6.0
ID_150;Cc1cc(Nc2ccc(C3CC3)cc2C(=O)O)cnc1-c1ccccc1;6.0
ID_151;O=C(O)c1cc(C2CC2)cnc1Nc1c(F)cc(-c2cccc(OC3CC3)c2)cc1F;6.0
ID_152;CCC[C@H](C)Oc1cc(-n2nc3ccccn3c2=O)c(F)cc1C(=O)Nc1ccccc1C;6.0
ID_153;Cc1c(-c2cccc(OC(F)(F)F)c2)cc(F)c(Nc2ncccc2C(=O)O)c1F;6.0
ID_154;COc1cccc(C)c1NC(=O)c1cc(F)c(-n2nc3n(c2=O)CCCC3)cc1O[C@@H](C)C(F)(F)F;6.0
ID_155;CCn1c(CO)nn(-c2ccc(C(=O)Nc3c(F)cccc3Cl)c(O[C@@H](C)C(F)(F)F)c2)c1=O;6.0
ID_156;O=C(O)c1c(O)c(-c2ccc(-c3ccc(O)cc3)cc2)nc2ccccc12;6.0
ID_157;CCn1c(C(=O)O)nn(-c2ccc(C(=O)Nc3c(F)cccc3Cl)c(O[C@@H](C)C(F)(F)F)c2)c1=O;6.0
ID_158;O=C(N[C@@H]1CCCc2c1cnn2-c1ccccc1F)c1ncn2c1CCCC2;6.0
ID_159;CCn1c(C2CC2)nn(-c2cc(O[C@@H](C)C(F)(F)F)c(C(=O)Nc3c(C)cccc3F)cc2F)c1=O;6.05
ID_160;CCn1c(CO)nn(-c2cc3c(C(C)C)cn(-c4cc(OC)ncc4F)c(=O)c3cc2F)c1=O;6.05
ID_161;C[C@H](Oc1cc(-n2nc3n(c2=O)CCCC3)c(F)cc1C(=O)Nc1ccccc1C(F)(F)F)C1CCCCC1;6.05
ID_162;CCn1c(CO)nn(-c2nc3c(C(C)C)cn(-c4cc(C)ccc4F)c(=O)c3cc2F)c1=O;6.1
ID_163;CCn1c(CO)nn(-c2cc3c(C(C)C)cn(-c4nc(OC)ccc4F)c(=O)c3cc2F)c1=O;6.14
ID_164;C[C@H](Oc1cc(-n2nc(C(C)(C)O)n(C)c2=O)c(F)cc1C(=O)Nc1c(F)cccc1Cl)C(F)(F)F;6.17
ID_165;O=C(Nc1c(F)c(F)c(-c2cccnc2)c(F)c1F)c1c(O)nn2ccccc12;6.2
ID_166;C/C(O)=C(\C#N)C(=O)Nc1cc(O[C@@H](C)C(F)(F)F)c(C(=O)Nc2c(Cl)cccc2Br)cc1F;6.2
ID_167;CCn1nc(-c2cc3c(C(C)C)cn(-c4ccccc4C)c(=O)c3cc2F)nc1C(C)=O;6.2
ID_168;Cc1cccc(F)c1NC(=O)c1cc(F)c(-n2nc3n(c2=O)CCCC3)cc1O[C@@H](C)C1CCCCC1;6.25
ID_169;CCn1c(CO)nn(-c2cc3c(C(C)C)cn(-c4cc(C)cnc4Cl)c(=O)c3cc2F)c1=O;6.29
ID_170;O=C(Nc1c(F)c(F)c(-c2cccc(C(F)(F)F)c2)c(F)c1F)c1c(O)nn2ccccc12;6.3
ID_171;O=C(N[C@@H]1CCCc2c1cnn2-c1ccccc1F)c1ncc2ccccn12;6.3
ID_172;CC(=N)/C(NC(=O)c1cc(F)c(-c2nc(N)ccc2Cl)cc1O[C@@H](C)C(F)(F)F)=C(\N)Cl;6.31
ID_173;CCc1sc(-c2cc(O[C@@H](C)C(F)(F)F)c(C(=O)Nc3c(F)cccc3Cl)cc2F)nc1C(N)=O;6.32
ID_174;Cc1cccc(F)c1NC(=O)c1cc(F)c(-n2nc3n(c2=O)CCCC3)cc1O[C@@H](C)C(F)(F)F;6.33
ID_175;Cc1ccccc1NC(=O)c1cc(F)c(-c2cc(CO)n(C)n2)cc1O[C@@H](C)C(F)(F)F;6.39
ID_176;C[C@H](Oc1cc(-n2nc(C(=O)O)n(C)c2=O)c(F)cc1C(=O)Nc1c(F)cccc1Cl)C(F)(F)F;6.5
ID_177;C=C(C)c1cn(-c2cc(OC)ncc2F)c(=O)c2cc(F)c(-n3nc(CO)n(CC)c3=O)cc12;6.55
ID_178;C=C(C)c1cn(-c2cc(C)cnc2Cl)c(=O)c2cc(F)c(-n3nc(CO)n(CC)c3=O)cc12;6.58
ID_179;C[C@H](Oc1cc(-c2cnc(Cl)c(C(=O)O)n2)c(F)cc1C(=O)Nc1c(F)cccc1Cl)C(F)(F)F;6.7
ID_180;Cc1cc(C(=O)O)c2nc(-c3c(F)c(F)c(-c4ccccc4)c(F)c3F)[nH]c2c1;6.8
ID_181;C/C(O)=C(\C#N)C(=O)Nc1cc(O[C@@H](C)C(F)(F)F)c(C(=O)Nc2c(F)cccc2Br)cc1F;6.8
ID_182;Cc1ccc(F)cc1NC(=O)c1cc(F)c(-n2nc3n(c2=O)CCCC3)cc1O[C@@H](C)C1CCCCC1;6.85
ID_183;C/C(O)=C(\C#N)C(=O)Nc1cc(O[C@@H](C)C(F)(F)F)c(C(=O)Nc2c(F)cccc2Cl)cc1F;6.9
ID_184;O=C1c2ccccc2C(=O)c2c1nnn2-c1cc(F)c(-c2ccc(F)cc2)c(F)c1;6.9
ID_185;CCn1c(CO)nn(-c2cc3c(cc2F)[C@@H](O)[C@H](c2ccccc2C)CN3C(C)C)c1=O;6.91
ID_186;CCn1c(CO)nn(-c2cc3c(C(C)C)cn(-c4cc(C)ncc4C)c(=O)c3cc2F)c1=O;6.93
ID_187;C[C@H](Oc1cc(-n2nc3n(c2=O)CCOC3)c(F)cc1C(=O)Nc1c(Cl)cc(F)cc1Cl)C(F)(F)F;7.0
ID_188;CCn1c(C(=O)O)nn(-c2cc(OC(C)C(C)(F)F)c(C(=O)Nc3c(F)cccc3Cl)cc2F)c1=O;7.0
ID_189;Cc1c(-c2ccc(-c3ccccc3)cc2)nc2ccc(F)cc2c1C(=O)O;7.0
ID_190;O=C(O)c1c(O)c(-c2ccc(-c3ccc(O)cc3)cc2)nc2ccc(F)cc12;7.0
ID_191;CCC[C@H](C)Oc1cc(-n2nc([C@H](C)O)n(C)c2=O)c(F)cc1C(=O)Nc1c(C)cccc1F;7.0
ID_192;Cc1cccc(Cl)c1NC(=O)c1cc(F)c(-n2nc3n(c2=O)CCOC3)cc1O[C@@H](C)C(F)(F)F;7.0
ID_193;C[C@H](Oc1cc(-n2nc(CO)n(C3CCC3)c2=O)c(F)cc1C(=O)Nc1c(F)cccc1Cl)C(F)(F)F;7.0
ID_194;O=C(O)C1=C(C(=O)Nc2c(F)c(F)c(-c3cccc(OC(F)(F)F)c3)c(F)c2F)CCC1;7.0
ID_195;COc1cccc(-c2ncc(Nc3ccc(C4CC4)cc3C(=O)O)cc2C(F)(F)F)c1;7.0
ID_196;O=C(O)c1c(O)c(-c2ccc(Oc3ccccc3)cc2)nc2ccccc12;7.0
ID_197;N#CC(C(=O)Nc1ccc(-c2ccccc2)cc1)C(=O)C1CC1;53.0
ID_198;Cc1ccccc1-n1ncc2c1CCC[C@H]2NC(=O)c1onc2c1CCCC2;7.0
ID_199;CCn1c(CO)nn(-c2cc3c(cc2F)C(=O)C(C)(c2ccccc2C)CN3C(C)C)c1=O;7.06
ID_200;Cc1cc(NC(=O)c2c(O)nn3ccccc23)c(C(C)C)cc1Oc1ccccc1;7.2
ID_201;C[C@H](Oc1cc(-n2nc3n(c2=O)CCCC3)c(F)cc1C(=O)Nc1ccccc1C(F)F)C(F)(F)F;7.25
ID_202;C/C(O)=C(\C#N)C(=O)Nc1cc(O[C@@H](C)C(F)(F)F)c(C(=O)Nc2c(Br)cccc2Br)cc1F;7.3
ID_203;CCn1c(CO)nn(-c2cc3c(C(C)C)cn([C@H]4CCCC[C@@H]4C)c(=O)c3cc2F)c1=O;7.41
ID_204;CCn1c(C(=O)O)nn(-c2cc(O[C@@H](C)C(F)(F)F)c(C(=O)Nc3c(F)cccc3F)cc2F)c1=O;7.5
ID_205;Cc1cccc(F)c1NC(=O)c1cc(F)c(-n2nc(C3CC3)n(C)c2=O)cc1O[C@@H](C)C(F)(F)F;7.5
ID_206;CCC[C@H](C)Oc1cc(-n2nc(CO)n(C)c2=O)c(F)cc1C(=O)Nc1c(C)cccc1F;7.5
ID_207;Cc1cc(F)cc(C)c1NC(=O)c1cc(F)c(-n2nc3n(c2=O)CCCOC3)cc1O[C@@H](C)C(F)(F)F;7.5
ID_208;CCn1c(CO)nn(-c2cc3c(cc2F)c(=O)c(-c2ccccc2C)cn3C(C)C)c1=O;7.59
ID_209;Cc1c(-c2ccc(-c3ccccc3F)cc2)nc2ccc(F)cc2c1C(=O)N(C)O;7.7
ID_210;CCc1nn(-c2cc(O[C@@H](C)C(F)(F)F)c(C(=O)Nc3c(C)cccc3F)cc2F)c(=O)n1C;7.75
ID_211;CCn1c(CO)nn(-c2cc3c(cc2F)[C@@H](O)[C@@H](c2ccccc2C)CN3C(C)C)c1=O;7.9
ID_212;O=C(O)c1cc(Cl)cnc1Nc1c(F)cc(-c2ccccc2)cc1F;8.0
ID_213;COc1ccccc1-c1c(F)c(F)c(NC(=O)C2=C(C(=O)O)CCC2)c(F)c1F;8.0
ID_214;CCC[C@H](C)Oc1cc(-n2nc(C)n(C(C)C)c2=O)c(F)cc1C(=O)Nc1c(C)cccc1F;8.0
ID_215;O=C(O)c1cc(C2CC2)ccc1Nc1ccc(-c2ccccc2F)nc1;8.0
ID_216;CCn1c(CO)nn(-c2cc3c(C(C)C)cn(-c4ccncc4C)c(=O)c3cc2F)c1=O;8.08
ID_217;Cc1ccc(/C=N/N(C)c2nc(-c3ccccc3Cl)cs2)c(C(=O)O)c1;8.4
ID_218;C[C@H](Oc1cc(-n2nc3n(c2=O)CCCC3)c(F)cc1C(=O)Nc1c(F)cc(F)cc1Cl)C(F)(F)F;8.5
ID_219;CCn1c(C(=O)O)nn(-c2cc(O[C@@H](C)C(F)(F)F)c(C(=O)Nc3c(C)cccc3F)cc2F)c1=O;8.5
ID_220;CCCN(/N=C/c1ccccc1C(=O)O)c1nc(-c2ccccc2Cl)cs1;8.6
ID_221;Cc1sc(N(C)/N=C/c2ccccc2C(=O)O)nc1-c1ccccc1;8.8
ID_222;CCn1c(CO)nn(-c2cc3c(C4(C)CC4)cn(-c4c(F)cccc4Cl)c(=O)c3cc2F)c1=O;8.81
ID_223;Cc1cc(C(=O)O)c2[nH]c(-c3c(F)c(F)c(-c4cccc(F)c4)c(F)c3F)nc2c1;8.86
ID_224;CCOc1ccccc1-c1cc(F)c(NC(=O)c2ccsc2C(=O)O)c(F)c1;9.0
ID_225;Cc1ccccc1NC(=O)c1cc(F)c(-n2nc(C)n(C(C)C)c2=O)cc1O[C@@H](C)C(F)(F)F;9.0
ID_226;O=C(N[C@@H]1CCCc2c1cnn2-c1ccccc1F)c1noc2c1CCCC2;9.0
ID_227;Cc1cccc(-n2ncc3c2CCCC3NC(=O)c2noc3c2CCCC3)c1;9.0
ID_228;Cc1cc(F)cc(Cl)c1NC(=O)c1cc(F)c(-n2nc3n(c2=O)CCOC3)cc1O[C@@H](C)C(F)(F)F;9.0
ID_229;COc1cccc(C)c1NC(=O)c1cc(F)c(-n2nc3n(c2=O)CCCOC3)cc1O[C@@H](C)C(F)(F)F;9.0
ID_230;CCn1c(C(=O)O)nn(-c2ccc(C(=O)Nc3c(F)cccc3F)c(O[C@@H](C)C(F)(F)F)c2)c1=O;9.0
ID_231;C[C@H](Oc1cc(-n2nc3n(c2=O)CCCC3)c(F)cc1C(=O)Nc1c(Cl)ccc(F)c1F)C(F)(F)F;9.0
ID_232;O=C(O)c1cc(C2CC2)ccc1Nc1cnc(-c2ccccc2C(F)(F)F)nc1;9.0
ID_233;O=C(N[C@@H]1CCCc2c1cnn2-c1ccccc1F)c1onc2c1CCCC2;9.0
ID_234;Cc1ccc(Nc2cnc(-c3cccc(C(=O)N4CCCC4)c3)c(C)c2)c(C(=O)O)c1;9.0
ID_235;COc1cccc(-c2c(F)cc(-n3nnc4c3C(=O)c3ccccc3C4=O)cc2F)c1;9.0
ID_236;O=C(O)c1cc(C2CC2)cnc1Nc1ccc2c(ccn2-c2ccccc2)c1;9.0
ID_237;CCC[C@H](C)Oc1cc(-n2nc3n(c2=O)CCCC3)c(F)cc1C(=O)Nc1c(C)cccc1N;9.0
ID_238;C[C@H](Oc1cc(-c2nc3c(s2)CCNC3)c(F)cc1C(=O)Nc1c(F)cccc1Cl)C(F)(F)F;9.36
ID_239;C[C@H](Oc1cc(-n2nc3n(c2=O)CCCC3)c(F)cc1C(=O)Nc1ccccc1C(F)(F)F)C(F)(F)F;9.5
ID_240;Cc1cccnc1NC(=O)c1cc(F)c(-n2nc3n(c2=O)CCCC3)cc1O[C@@H](C)C1CCCCC1;9.5
ID_241;CC(Oc1cc(-c2nc([C@H](C)O)n(C3CC3)n2)c(F)cc1C(=O)Nc1c(F)cccc1Cl)C(F)(F)F;9.54
ID_242;CCC[C@H](C)Oc1cc(-n2nc(CC)n(C)c2=O)c(F)cc1C(=O)NCC(C)(C)C;9.6
ID_243;CN(/N=C/c1ccccc1C(=O)O)c1nc(-c2ccccc2Cl)cs1;9.7
ID_244;Cc1c(-c2ccc(-c3cccnc3Cl)cc2)nc2ccc(F)cc2c1C(=O)O;9.7
ID_245;C[C@H](Oc1cc(-n2nc(CO)n(C)c2=O)c(F)cc1C(=O)Nc1c(F)cccc1Cl)C(F)(F)F;9.75
ID_246;CC(=N)/C(NC(=O)c1cc(F)c(-c2cc(C(F)(F)F)cc(N)n2)cc1O[C@@H](C)C(F)(F)F)=C(\N)Cl;9.8
ID_247;C=C(C)c1cn(-c2cccc(F)c2)c(=O)c2ccc(-n3nc(CO)n(CC)c3=O)cc12;9.89
ID_248;CCn1c(CO)nn(-c2cc(OC(C)C(C)(F)F)c(C(=O)Nc3c(F)cccc3Cl)cc2F)c1=O;10.0
ID_249;CCOc1ccccc1-c1cc(F)c(NC(=O)c2cscc2C(=O)O)c(F)c1;10.0
ID_250;O=C(O)c1cscc1C(=O)Nc1c(F)cc(-c2cccc(OC(F)(F)F)c2)cc1F;10.0
ID_251;Cc1ccc(Nc2cnc(-c3cccc(Cl)c3)c(C)c2)c(C(=O)O)c1;10.0
ID_252;Cc1nc2c(C(=O)O)cc(-c3ccc(-c4ccccc4)cc3)cc2[nH]1;10.0
ID_253;Cc1nc2c(C(=O)O)cc(-c3ccc(-c4ccc(O)cc4)cc3)cc2[nH]1;10.0
ID_254;Cc1nc2c(C(=O)O)cc(-c3c(F)c(F)c(-c4ccc(CN5CCOCC5)cc4)c(F)c3F)cc2[nH]1;10.0
ID_255;O=C(O)c1cc(C2CC2)ccc1Nc1cnc(-c2ccccc2)c(-c2ccccc2)c1;10.0
ID_256;O=C(O)c1c(O)c(-c2ccc(-c3ccccc3)cc2)nc2ccccc12;10.0
ID_257;O=C(O)c1cc(C2CC2)ccc1Nc1cnc(-c2ccccc2F)nc1;10.0
ID_258;Cc1cccc(F)c1NC(=O)c1cc(F)c(-n2nc3n(c2=O)CCCOC3)cc1O[C@@H](C)C(F)(F)F;10.0
ID_259;CCC[C@H](C)Oc1cc(-n2nc3n(c2=O)CCCC3)c(F)cc1C(=O)Nc1c(F)cccc1F;10.0
ID_260;CCn1c(CO)nn(-c2cc3c(C(C)C)cn([C@H]4CC[C@@H](OC)C4)c(=O)c3cc2F)c1=O;10.1
ID_261;C[C@H](Oc1cc(-c2cnc(C(C)(C)O)cn2)c(F)cc1C(=O)Nc1c(F)cccc1Cl)C(F)(F)F;10.3
ID_262;CCn1c(CO)nn(-c2cc3c(C(C)C)cn(-c4nccc(OC)c4Cl)c(=O)c3cc2F)c1=O;10.4
ID_263;CCn1c(CO)nn(-c2cc3c(C(C)C)cn(-c4ccnc(O)c4C)c(=O)c3cc2F)c1=O;10.5
ID_264;CN(/N=C/c1ccccc1C(=O)O)c1nc(-c2cccc(Cl)c2)cs1;10.6
ID_265;CCC[C@H](C)Oc1cc(-n2nc(CC)n(C)c2=O)c(F)cc1C(=O)Nc1ccccc1CC;11.0
ID_266;O=C(O)c1[nH]c(=O)[nH]c(=O)c1CCc1cc(C(F)(F)F)cc(C(F)(F)F)c1;11.0
ID_267;Cc1ccccc1-c1cc(F)c(Nc2ncccc2C(=O)O)c(F)c1;11.0
ID_268;Cc1ccc(Nc2cnc(-c3cccc(OC(C)C)c3)c(C)c2)c(C(=O)O)c1;11.0
ID_269;Cc1ccccc1NC(=O)c1cc(F)c(-c2ccc(Cl)c(C(C)(C)O)n2)cc1O[C@@H](C)C(F)(F)F;11.0
ID_270;CCC[C@H](C)Oc1cc(-n2nc(C)n(C(C)C)c2=O)c(F)cc1C(=O)Nc1ccccc1C;11.0
ID_271;Cc1cc(F)ccc1NC(=O)c1cc(F)c(-n2nc3n(c2=O)CCCC3)cc1O[C@@H](C)C(F)(F)F;11.0
ID_272;CC(C)OC(=O)c1cccc(-n2ncc3c2CCC[C@H]3NC(=O)c2noc3c2CCCC3)c1;11.0
ID_273;CC(=O)C(C#N)C(=O)Nc1ccc(-c2ccccc2)cc1;90.0
ID_274;COc1cccc(-c2cc(F)c(NC(=O)C3=C(C(=O)O)CCC3)c(F)c2)c1;11.0
ID_275;CCC[C@H](C)Oc1cc(-n2nc3n(c2=O)CCOC3)c(F)cc1C(=O)Nc1c(F)cccc1Cl;11.0
ID_276;Cc1ccc(F)c(-n2ncc3c2CCC[C@H]3NC(=O)c2onc3c2CCCC3)c1;11.0
ID_277;O=C(O)C1=C(C(=O)Nc2ccc(OCc3c(F)cccc3Cl)c(Cl)c2)CCC1;11.0
ID_278;CCC[C@H](C)Oc1cc(-n2nc3n(c2=O)CCCC3)c(F)cc1C(=O)Nc1ccccc1C;11.3
ID_279;C[C@H](Oc1nc(-c2ccc(C3CC3)nc2)c(F)cc1C(=O)Nc1c(F)cccc1Cl)C(F)(F)F;11.4
ID_280;Cc1ccccc1NC(=O)c1cc(F)c(-n2nc3n(c2=O)CCCC3)cc1O[C@@H](C)C(F)(F)F;11.5
ID_281;CCn1c(CO)nn(-c2ccc3c(=O)n(-c4c(F)cccc4Cl)cc(C4CC4)c3c2)c1=O;11.5
ID_282;CCn1c(CO)nn(-c2cc3c(C(C)C)cn([C@H]4CCCC[C@H]4C)c(=O)c3cc2F)c1=O;11.6
ID_283;COc1cccc(-c2ncc(Nc3ccc(C)cc3C(=O)O)cc2C(F)(F)F)c1;12.0
ID_284;CCc1cnc(Nc2c(F)cc(-c3cccc(OC)c3)cc2F)c(C(=O)O)c1;12.0
ID_285;COc1ccccc1-c1ccc(NC(=O)c2ccsc2C(=O)O)cc1Cl;12.0
ID_286;COc1cccc(-c2cc(F)c(Nc3ncc(C)cc3C(=O)O)c(F)c2)c1;12.0
ID_287;CCC[C@H](C)Oc1cc(-n2nc3n(c2=O)CCCC3)c(F)cc1C(=O)Nc1cnc(OC)cc1C;12.0
ID_288;Cc1c(-c2ccc(-c3ccccc3F)cc2)nc2cnc(C(F)(F)F)cc2c1C(=O)O;12.0
ID_289;C[C@H](Oc1cc(-n2nc3n(c2=O)CCCC3)c(F)cc1C(=O)Nc1c(F)cccc1F)C1CCCCC1;12.0
ID_290;C[C@H](Oc1cc(-n2nc3n(c2=O)CCOC3)c(F)cc1C(=O)Nc1c(F)cccc1Cl)C(F)(F)F;12.0
ID_291;Cc1ccc(Nc2cnc(-c3cccc(C(=O)NC4CC4)c3)c(C)c2)c(C(=O)O)c1;12.0
ID_292;Nc1c(-c2ccc(-c3ccccc3)cc2)nc2ccc(F)cc2c1C(=O)O;12.0
ID_293;Cc1ccccc1-c1ncc(Nc2ccc(C3CC3)cc2C(=O)O)cn1;12.0
ID_294;C[C@H](Oc1cc(-c2c[nH]c(C(C)(C)O)n2)c(F)cc1C(=O)Nc1c(F)cccc1Cl)C(F)(F)F;12.3
ID_295;CCn1c(C2CC2)nn(-c2cc(O[C@@H](C)C(F)(F)F)c(C(=O)Nc3c(F)cccc3F)cc2F)c1=O;12.5
ID_296;CC(=O)Nc1ccc(COc2ccc(-c3ccc(-c4nc5c(C(=O)O)cc(C)cc5[nH]4)cc3)cc2)cc1;13.0
ID_297;C[C@H](Oc1cc(-n2nc(C(=O)O)n(C3CCC3)c2=O)c(F)cc1C(=O)Nc1c(F)cccc1Cl)C(F)(F)F;13.0
ID_298;Oc1nn2ccccc2c1/N=N/c1c(F)c(F)c(-c2ccccc2)c(F)c1F;13.0
ID_299;CCc1cc(=O)n2[nH]c(SCc3cc(Cl)ccc3Cl)nc2n1;13.0
ID_300;C/C(O)=C(\C#N)C(=O)Nc1cc(OC(C)C)c(C(=O)Nc2c(Cl)cccc2Cl)cc1F;13.0
ID_301;COc1ccc2ccc(CCc3c(C(=O)O)[nH]c(=O)[nH]c3=O)cc2c1;13.0
ID_302;Cc1c(Cc2ccccc2F)c(OC(C)C)nn1-c1ncc(C2CC2)cn1;13.0
ID_303;CCc1nn(-c2cc(O[C@@H](C)c3ccccc3)c(C(=O)Nc3c(C)cccc3F)cc2F)c(=O)n1C;13.0
ID_304;CCC[C@H](C)Oc1cc(-n2nc(C(C)(C)O)n(C)c2=O)c(F)cc1C(=O)NC(CC)CC;13.0
ID_305;CC(C)c1nn(-c2cc(O[C@@H](C)C(F)(F)F)c(C(=O)Nc3c(F)cccc3F)cc2F)c(=O)n1C;13.0
ID_306;Cc1ccnc(Cl)c1-c1cc(C(C)C)c2cc(-c3nc(C(C)(C)O)n(C)n3)c(F)cn2c1=O;13.0
ID_307;Cc1ccnc(Cl)c1-c1cc(C(C)C)c2cc(-c3cn(C)c(C(C)(C)O)n3)c(F)cn2c1=O;13.0
ID_308;CCn1c(CO)nn(-c2nc3c(C(C)C)cn(-c4scnc4C)c(=O)c3cc2F)c1=O;13.0
ID_309;C[C@H](Oc1cc(-n2nc(C(C)(C)O)n(C)c2=O)c(F)cc1C(=O)Nc1c(F)cccc1F)C(F)(F)F;13.1
ID_310;Cc1[nH]nc(C(F)(F)F)c1NC(=O)c1cc(F)c(-c2ncn(C)n2)cc1O[C@@H](C)C(F)(F)F;13.1
ID_311;CCC(CC)n1cc(C(C)C)c2cc(-n3nc(CO)n(CC)c3=O)c(F)cc2c1=O;13.4
ID_312;Cc1cc(C(=O)O)c2[nH]c(-c3c(F)c(F)c(-c4cccc(O)c4)c(F)c3F)nc2c1;13.5
ID_313;C[C@H](Oc1cc(-c2ccc3c(n2)CCNC3)c(F)cc1C(=O)Nc1c(F)cccc1Cl)C(F)(F)F;13.6
ID_314;Cc1cc(C(=O)O)c2[nH]c(-c3c(F)c(F)c(-c4cccc(OCc5ccccc5)c4)c(F)c3F)nc2c1;13.6
ID_315;Cc1ccc(/C=N/N(C)c2nc(-c3ccccc3)c(C)s2)c(C(=O)O)c1;13.6
ID_316;Cc1nn(-c2cc(O[C@@H](C)C(F)(F)F)c(C(=O)Nc3c(F)cccc3F)cc2F)c(=O)n1C(C)C;14.0
ID_317;C[C@H](Oc1cc(-n2nc(C(=O)O)n(C3CC3)c2=O)c(F)cc1C(=O)Nc1c(F)cccc1Cl)C(F)(F)F;14.0
ID_318;Cc1ccc(Nc2cnc(-c3ccccc3Cl)c(C)c2)c(C(=O)O)c1;14.0
ID_319;Cc1ccnc(C(=O)N[C@@H]2CCCc3c2cnn3-c2ccccc2C)c1;14.0
ID_320;Cc1cccc(F)c1NC(=O)c1cc(F)c(-n2nc(C3CCC3)n(C)c2=O)cc1O[C@@H](C)C(F)(F)F;14.0
ID_321;CCc1ccccc1NC(=O)c1cc(F)c(-n2nc3n(c2=O)CCCC3)cc1O[C@@H](C)C(F)(F)F;14.0
ID_322;COc1cccc(-c2ccc(Nc3cnccc3C(=O)O)c(OC(F)(F)F)c2)c1;14.0
ID_323;Cc1cn(-c2cc(O[C@@H](C)C(F)(F)F)c(C(=O)Nc3c(C)n[nH]c3Cl)cc2F)nc1[C@H](C)O;0.26
ID_324;CCn1c(CO)nn(-c2cc3c([C@@H](C)C(F)(F)F)cn(-c4ccccc4C)c(=O)c3cc2F)c1=O;0.26
ID_325;C=C(C)c1cn(-c2c(F)cccc2Cl)c(=O)c2cc(F)c(-n3nc(CO)n(CC)c3=O)cc12;0.265
ID_326;Cc1[nH]nc(Cl)c1NC(=O)c1cc(F)c(-c2cn(C)c(CO)n2)cc1O[C@@H](C)C(F)(F)F;0.266
ID_327;C=C(C)c1cn(-c2c(F)ccc(OC)c2Cl)c(=O)c2cc(F)c(-n3nc(CO)n(CC)c3=O)cc12;0.267
ID_328;Cc1n[nH]c(Cl)c1NC(=O)c1cc(F)c(-c2ccc3c(n2)NC(=O)CO3)cc1O[C@@H](C)C(F)(F)F;0.267
ID_329;CCn1c(CO)nn(-c2cc3c(C(C)C)cn(-c4c(F)ccc(OC)c4Cl)c(=O)c3cc2F)c1=O;0.273
ID_330;Cc1ccc(-c2cc(O[C@@H](C)C(F)(F)F)c(C(=O)Nc3c(C)ccnc3Cl)cc2F)nc1;0.274
ID_331;Cc1ncc(-c2cc(OC(C)C(F)(F)F)c(C(=O)Nc3c(C)n[nH]c3Cl)cc2F)nc1O;0.279
ID_332;Cc1n[nH]c(Cl)c1NC(=O)c1cc(F)c(-c2ccc(Cl)c(N)n2)cc1OC(C)C(F)(F)F;0.284
ID_333;C=C(C)c1cn(-c2c(C)n[nH]c2Cl)c(=O)c2cc(F)c(-n3nc(CO)n(CC)c3=O)cc12;0.286
ID_334;Cc1ncc(-c2cc(OC(C)C(F)(F)F)c(C(=O)Nc3c(F)cccc3Cl)cc2F)nc1C;0.287
ID_335;Cc1n[nH]c(Cl)c1NC(=O)c1cc(F)c(-c2ccc(Cl)c(N)n2)cc1OC(C)C;0.288
ID_336;C=C(C)c1cn(-c2cc(C)ccc2C)c(=O)c2cc(F)c(-n3nc(CO)n(CC)c3=O)cc12;0.292
ID_337;Cc1n[nH]c(Cl)c1NC(=O)c1cc(F)c(-c2ccc(Cl)c(C(C)O)n2)cc1O[C@@H](C)C(F)(F)F;0.295
ID_338;CCn1c(CO)nn(-c2cc(O[C@@H](C)C(F)(F)F)c3c(Oc4c(F)ccc(OC)c4Cl)nccc3c2)c1=O;0.3
ID_339;Cc1cn(-c2cc(O[C@@H](C)C(F)(F)F)c(C(=O)Nc3c(F)cccc3Cl)cc2F)nc1[C@H](C)O;0.3
ID_340;CCn1c(CO)nn(-c2cc3c(cc2F)C(=O)C(c2ccccc2C)CN3C(C)C)c1=O;0.303
ID_341;Cc1n[nH]c(Cl)c1NC(=O)c1cc(F)c(-c2cn(C)c(C(C)(C)O)n2)cc1OC(C)C;0.307
ID_342;CC(O)c1nc(-c2cc(O[C@@H](C)C(F)(F)F)c(C(=O)Nc3c(F)cccc3Cl)cc2F)cn1C;0.309
ID_343;Cc1n[nH]c(Cl)c1NC(=O)c1cc(F)c(-c2ccc(F)c([C@H](C)O)n2)cc1O[C@@H](C)C(F)(F)F;0.309
ID_344;Cc1n[nH]c(C(F)(F)F)c1NC(=O)c1cc(F)c(-c2ccc3c(n2)NC(=O)CO3)cc1OC(C)C(F)(F)F;0.313
ID_345;Cc1ccccc1NC(=O)c1cc(F)c(-c2nc(C(C)(C)O)n(C)n2)cc1O[C@@H](C)C(F)(F)F;0.315
ID_346;C[C@H](Oc1cc(-c2ccc(C3CC3)c(CO)n2)c(F)cc1C(=O)Nc1c(F)cccc1Cl)C(F)(F)F;0.317
ID_347;Cc1n[nH]c(Cl)c1NC(=O)c1cc(F)c(-c2cn(C)c(C(O)C(F)(F)F)n2)cc1O[C@@H](C)C(F)(F)F;0.319
ID_348;C=C(C)c1nn(-c2c(F)cccc2Cl)c(=O)c2cc(F)c(-n3nc(CO)n(CC)c3=O)cc12;0.32
ID_349;CC(=N)/C(NC(=O)c1cc(F)c(-c2cn3ccnc3c(N)n2)cc1O[C@@H](C)C(F)(F)F)=C(\N)Cl;0.324
ID_350;Cc1n[nH]c(Cl)c1NC(=O)c1cc(F)c(-c2cn(C)c(C(C)(C)O)n2)cc1O[C@@H](C)C(F)(F)F;0.333
ID_351;Cc1ccc(-c2cc(O[C@@H](C)C(F)(F)F)c(C(=O)Nc3c(C)n[nH]c3Cl)cc2F)nc1N;0.338
ID_352;Cc1ccnc(Cl)c1NC(=O)c1cc(F)c(-c2cn(C)c(C(C)(C)O)n2)cc1O[C@@H](C)C(F)(F)F;0.345
ID_353;Cc1n[nH]c(Cl)c1NC(=O)c1cc(F)c(-c2cn(C)c(C(N)=O)n2)cc1O[C@@H](C)C(F)(F)F;0.352
ID_354;CCn1c(CO)nn(-c2nc3c(C(C)C)cn(-c4c(F)cccc4Cl)c(=O)c3cc2F)c1=O;0.356
ID_355;C[C@H](Oc1cc(-c2nc(C(F)(F)F)n(C)n2)c(F)cc1C(=O)Nc1c(F)cccc1Cl)C(F)(F)F;0.361
ID_356;Cc1ccnc(Cl)c1NC(=O)c1cc(F)c(-c2ccc(Cl)c(CO)n2)cc1O[C@@H](C)C(F)(F)F;0.365
ID_357;COc1ccc(-c2cc(OC(C)C(F)(F)F)c(C(=O)Nc3c(C)n[nH]c3Cl)cc2F)nc1N;0.368
ID_358;CC(Oc1cc(-c2cn(C)c(CO)n2)c(F)cc1C(=O)Nc1c(F)cccc1Cl)C(F)(F)F;0.37
ID_359;Cc1n[nH]c(C(F)(F)F)c1NC(=O)c1cc(F)c(-c2ccc(F)c(N)n2)cc1OC(C)C(F)(F)F;0.375
ID_360;CCn1c(CO)nn(-c2nc(O[C@@H](C)C(F)(F)F)c3c(Nc4c(F)cccc4Cl)nncc3c2F)c1=O;0.38
ID_361;Cc1cn(-c2cc(O[C@@H](C)C(F)(F)F)c(C(=O)Nc3c(C)n[nH]c3Cl)cc2F)nc1C(C)(C)O;0.38
ID_362;Cc1ccccc1-n1cc(C(C)C)c2cc(-c3cn(C)c(C(C)(C)O)n3)c(F)cc2c1=O;0.38
ID_363;Cc1n[nH]c(Cl)c1NC(=O)c1cc(F)c(-c2cnc(F)c(CO)n2)cc1OC(C)C(F)(F)F;14.2
ID_364;CCc1nn(-c2cc(O[C@@H](C)C(F)(F)F)c(C(=O)Nc3c(F)cccc3F)cc2F)c(=O)n1C;14.3
ID_365;CCn1c(CO)nn(-c2cc(O[C@@H](C)C(F)(F)F)c(C(=O)Nc3c(F)cccc3F)cc2F)c1=O;14.3
ID_366;Cc1cccc(CN)c1NC(=O)c1cc(F)c(-n2nc3n(c2=O)CCCC3)cc1O[C@@H](C)C1CCCCC1;14.3
ID_367;CCn1c(CO)nn(-c2cc3c(C(C)C)cn(-c4cc(C)ncc4Cl)c(=O)c3cc2F)c1=O;14.8
ID_368;CCn1c(CO)nn(-c2cc3c(C(C)C)cn(-c4ncccc4C)c(=O)c3cc2F)c1=O;14.8
ID_369;COc1cccc(-c2cc(F)c(Nc3ncccc3C(=O)O)c(F)c2)c1;15.0
ID_370;CCCn1c(C)nn(-c2cc(O[C@@H](C)C(F)(F)F)c(C(=O)Nc3c(F)cccc3F)cc2F)c1=O;15.0
ID_371;CCC[C@H](C)Oc1cc(-n2nc(C(C)(C)O)n(C)c2=O)c(F)cc1C(=O)Nc1c(C)ccnc1OC;15.0
ID_372;CCc1nn(-c2cc(O[C@@H](C)c3ccccc3)c(C(=O)Nc3c(F)cccc3F)cc2F)c(=O)n1C;15.0
ID_373;Cc1ccnc(Cl)c1NC(=O)c1cc(F)c(-n2nc3n(c2=O)CCCC3)cc1O[C@@H](C)C(F)(F)F;15.0
ID_374;C[C@H](Oc1cc(-n2nc3n(c2=O)CCCOC3)c(F)cc1C(=O)Nc1c(F)cc(F)cc1Cl)C(F)(F)F;15.0
ID_375;C[C@H](Oc1cc(-n2nc3n(c2=O)CCCC3)c(F)cc1C(=O)Nc1c(F)ccc(O)c1F)C(F)(F)F;15.0
ID_376;Cc1cccc(F)c1NC(=O)c1cc(F)c(-n2nc(C(F)(F)F)n(C)c2=O)cc1O[C@@H](C)C(F)(F)F;15.0
ID_377;C[C@H](Oc1cc(-n2nc3n(c2=O)CCCCC3)c(F)cc1C(=O)Nc1c(F)cccc1F)C(F)(F)F;15.0
ID_378;CCC[C@H](C)Oc1cc(-n2nc(C(C)(O)O)n(C)c2=O)c(F)cc1C(=O)Nc1c(C)ccnc1OC;15.0
ID_379;CCC[C@H](C)Oc1cc(-n2nc(CO)n(C)c2=O)c(F)cc1C(=O)Nc1c(C)ccnc1OC;15.0
ID_380;C[C@H](O)c1nn(-c2cc(O[C@@H](C)C(F)(F)F)c(C(=O)Nc3c(F)cccc3Cl)cc2F)c(=O)n1C;15.0
ID_381;O=C(N[C@@H]1CCCc2c1cnn2-c1ccccc1F)c1cc(C(F)(F)F)ccn1;15.0
ID_382;O=C(O)C1=C(C(=O)Nc2c(F)cc(-c3cccc(OC(F)(F)F)c3)cc2F)CSC1;15.0
ID_383;Cc1ccc(F)cc1NC(=O)c1cc(F)c(-n2nc3n(c2=O)CCCC3)cc1O[C@@H](C)C(F)(F)F;15.0
ID_384;CCC[C@H](C)Oc1cc(-n2nc(CC)n(C)c2=O)c(F)cc1C(=O)Nc1c(C)cc(N)cc1C;15.3
ID_385;CCCC(C)N(/N=C/c1ccccc1C(=O)O)c1nc(-c2ccccc2Cl)c(C)s1;15.4
ID_386;CCn1c(CO)nn(-c2cc3c(C(C)C)cn([C@@H]4CCC[C@@H]4C)c(=O)c3cc2F)c1=O;15.5
ID_387;C[C@H](Oc1cc(-n2nc3n(c2=O)CCCC3O)c(F)cc1C(=O)Nc1c(F)cccc1F)C(F)(F)F;16.0
ID_388;Cc1cc(C(=O)O)c2[nH]c(-c3c(F)c(F)c(-c4ccc(O)cc4)c(F)c3F)nc2c1;16.0
ID_389;CCC[C@H](C)Oc1cc(-n2nc(CC)n(C)c2=O)c(F)cc1C(=O)Nc1ccccc1NC;16.0
ID_390;Cc1ccccc1NC(=O)c1cc(F)c(-n2nc3n(c2=O)CCCC3)cc1O[C@@H](C)CN(C)C;16.0
ID_391;Cc1cccc(C(F)(F)F)c1NC(=O)c1cc(F)c(-n2nc3n(c2=O)CCOC3)cc1O[C@@H](C)C(F)(F)F;16.0
ID_392;CCc1nn(-c2cc(O[C@@H](C)C(F)(F)F)c(C(=O)Nc3c(F)cccc3F)cc2F)c(=O)n1CC;16.0
ID_393;CCOc1cccc(-c2cc(F)c(NC(=O)c3cocc3C(=O)O)c(F)c2)c1;16.0
ID_394;Cc1c(C(O)c2ccccc2)c(OC(C)C)nn1-c1ncc(C2CC2)cn1;16.0
ID_395;Cc1cc(-c2cc(C(=O)O)c3cc(F)ccc3n2)cc(C)c1Oc1ccccc1;16.0
ID_396;CCC[C@H](C)Oc1cc(-n2nc3n(c2=O)CCCC3)c(F)cc1C(=O)Nc1cc(F)ccc1C;16.0
ID_397;C/C(O)=C(\C#N)C(=O)Nc1cc(O[C@@H](C)C(F)(F)F)c(C(=O)Nc2c(F)cccc2F)cc1F;16.0
ID_398;Cc1cn(C)nc1NC(=O)c1cc(F)c(-n2nc3n(c2=O)CCCC3)cc1O[C@@H](C)C1CCCCC1;16.0
ID_399;C[C@H](Oc1cc(-n2nc3n(c2=O)CCCC3)ccc1C(=O)Nc1c(F)cccc1F)C(F)(F)F;16.0
ID_400;Cc1cnccc1NC(=O)c1cc(F)c(-n2nc3n(c2=O)CCCC3)cc1O[C@@H](C)C1CCCCC1;16.0
ID_401;CCn1c(CO)nn(-c2cc3c(C(C)C)cn([C@@H]4CCC[C@H]4C)c(=O)c3cc2F)c1=O;16.8
ID_402;O=C(O)c1cccnc1Nc1c(F)cc(-c2cccc(OC3CC3)c2)cc1F;17.0
ID_403;O=C(O)c1[nH]c(=O)[nH]c(=O)c1CCc1ccc(Oc2ccccc2)cc1;17.0
ID_404;Cc1c(F)cccc1NC(=O)c1cc(F)c(-n2nc3n(c2=O)CCCC3)cc1O[C@@H](C)C1CCCCC1;17.0
ID_405;CC(C)(C)c1ccc(CCc2c(C(=O)O)[nH]c(=O)[nH]c2=O)cc1;17.0
ID_406;Cc1cccc(F)c1NC(=O)c1cc(F)c(-n2nc(C)n(C(C)C)c2=O)cc1O[C@@H](C)c1ccccc1;17.0
ID_407;CCC[C@H](C)Oc1cc(-n2nc(C)n(C(C)C)c2=O)c(F)cc1C(=O)Nc1c(F)cccc1F;17.0
ID_408;C[C@H](Oc1cc(-n2nc3n(c2=O)CCCC3)c(F)cc1C(=O)Nc1ccccc1Cl)C(F)(F)F;17.0
ID_409;CCC[C@H](C)Oc1cc(-n2nc3n(c2=O)CCCC3)c(F)cc1C(=O)Nc1cnccc1C;17.0
ID_410;C[C@H](Oc1cc(-n2nc(CO)n(C3CC3)c2=O)c(F)cc1C(=O)Nc1c(F)cccc1Cl)C(F)(F)F;17.0
ID_411;C[C@H](Oc1cc(-n2nc(C3CC3)n(C)c2=O)c(F)cc1C(=O)Nc1c(F)cccc1F)C(F)(F)F;17.0
ID_412;CCOc1cc(NC(=O)/C(C#N)=C(/C)O)c(F)cc1C(=O)Nc1c(Cl)cccc1Cl;17.0
ID_413;CCOc1cccc(-c2cc(F)c(NC(=O)C3=C(C(=O)O)CCC3)c(F)c2)c1;17.0
ID_414;C=C(C)c1cn(-c2ccccc2C)c(=O)c2cc(C)c(-n3nc(CO)n(CC)c3=O)cc12;17.1
ID_415;O=C(Nc1c(F)c(F)c(-c2ccc(F)cc2)c(F)c1F)c1c(O)nn2ccccc12;17.7
ID_416;COc1nccc(C)c1NC(=O)c1cc(F)c(-n2nc3n(c2=O)CCCC3)cc1O[C@@H](C)C(F)(F)F;17.8
ID_417;O=C(N[C@@H]1CCCc2c1cnn2-c1ccccc1F)c1noc2ccccc12;18.0
ID_418;C/C(O)=C(\C#N)C(=O)Nc1cc(OC(C)C)c(C(=O)Nc2c(F)cccc2Br)cc1F;18.0
ID_419;Cc1cc(NC(=O)c2c(O)nn3ccccc23)c(C(C)C)cc1Oc1ccc(C(F)(F)F)cc1;18.0
ID_420;Cc1cncnc1NC(=O)c1cc(F)c(-n2nc3n(c2=O)CCCC3)cc1O[C@@H](C)C1CCCCC1;18.0
ID_421;C[C@H](Oc1cc(-n2nc3n(c2=O)CCCOC3)c(F)cc1C(=O)Nc1c(Cl)ccc(F)c1F)C(F)(F)F;18.0
ID_422;C=CCC(C)Oc1cc(-n2nc(CC)n(C)c2=O)c(F)cc1C(=O)NC(CC)CC;18.0
ID_423;O=C(O)c1cccc2[nH]c(-c3c(F)c(F)c(-c4ccccc4F)c(F)c3F)nc12;18.0
ID_424;Cc1cccc(F)c1NC(=O)c1cc(F)c(-n2nc3n(c2=O)CCCC3)cc1O[C@@H](C)CN1CCCC1;18.0
ID_425;Cc1ccc(Nc2cnc(-c3ccccc3)c(F)c2)c(C(=O)O)c1;18.0
ID_426;O=C(O)C1=C(C(=O)Nc2c(F)cc(-c3ccccc3Cl)cc2F)CCC1;18.0
ID_427;O=C(O)c1c(O)c(-c2ccc(Sc3ccccc3)cc2)nc2ccc(F)cc12;18.0
ID_428;CCOC(=O)c1sc(Nc2ccc3c(c2)CCCC3)nc1-c1ccccc1;18.0
ID_429;Cc1ccccc1NC(=O)c1cc(F)c(-n2nc3n(c2=O)CCCOC3)cc1O[C@@H](C)C(F)(F)F;18.0
ID_430;Cc1cccc(F)c1NC(=O)c1cc(F)c(-n2nc3n(c2=O)CCCC3)cc1O[C@@H](C)CN(C)C;18.3
ID_431;CCn1c(CO)nn(-c2cc(O[C@@H](C)C(F)(F)F)c(C(=O)Nc3c(C)ccnc3OC)cc2F)c1=O;19.0
ID_432;Cc1cccc(F)c1NC(=O)c1cc(F)c(-n2nc(C)n(C(C)C)c2=O)cc1O[C@@H](C)C(F)(F)F;19.0
ID_433;O=C1c2ccccc2C(=O)c2c1nnn2-c1ccc(-c2ccccc2)cc1;19.0
ID_434;CC(C)(C)c1ccc(Oc2ccc(-c3cc(C(=O)O)c4cc(F)ccc4n3)cc2)cc1;19.0
ID_435;Cc1ccc(Nc2ccc(-c3c(F)cccc3F)nc2)c(C(=O)O)c1;19.0
ID_436;CCOc1cccc(-c2ccc(Nc3cnccc3C(=O)O)c(F)c2)c1;19.0
ID_437;CCOc1cccc(-c2cc(F)c(Nc3ncccc3C(=O)O)c(F)c2)c1;19.0
ID_438;CCn1c(CO)nn(-c2cc3c(C(C)C)cn(C45CCC(CC4)C5)c(=O)c3cc2F)c1=O;19.0
ID_439;CCOc1ccc(F)c(-c2ccc(Nc3ccc(C)cc3C(=O)O)cn2)c1;19.0
ID_440;O=C(NC1CCCc2c1cnn2-c1ccccc1)c1noc2c1CCCC2;19.0
ID_441;CCn1nc(-c2cc3c(C(C)C)cn(-c4ccccc4C)c(=O)c3cc2F)nc1C(C)O;19.0
ID_442;CCCC(C)N(/N=C/c1ccccc1C(=O)O)c1nc(-c2ccccc2Cl)cs1;19.1
ID_443;Cc1cccc(F)c1NC(=O)c1cc(F)c(-n2nc3ccccn3c2=O)cc1O[C@@H](C)C(F)(F)F;19.5
ID_444;Cc1cccc(F)c1NC(=O)c1cc(F)c(-n2nc(CO)n(C)c2=O)cc1O[C@@H](C)C(F)(F)F;19.5
ID_445;C[C@H](Oc1cc(-c2cncc(CO)n2)c(F)cc1C(=O)Nc1c(F)cccc1Cl)C(F)(F)F;19.9
ID_446;CCC[C@H](C)Oc1cc(-n2nc(CC)n(C)c2=O)c(F)cc1C(=O)Nc1ccccc1C(C)C;20.0
ID_447;Nc1ccccc1-c1ccc(-n2nnc3c2C(=O)c2ccccc2C3=O)cc1;20.0
ID_448;CCn1c(C(N)=O)nn(-c2cc(O[C@@H](C)C(F)(F)F)c(C(=O)Nc3c(F)cccc3F)cc2F)c1=O;20.0
ID_449;Cc1c(F)cccc1NC(=O)c1cc(F)c(-n2nc3n(c2=O)CCCC3)cc1O[C@@H](C)C(F)(F)F;20.0
ID_450;CCn1c(CO)nn(-c2cc3c(cc2F)c(=O)c(-c2c(F)cccc2Cl)cn3C(C)C)c1=O;20.0
ID_451;C[C@H](Oc1cc(-n2nc3n(c2=O)CCCC3)c(F)cc1C(=O)Nc1c(F)cc(F)cc1F)C1CCCCC1;20.0
ID_452;COc1ccc2c(CCc3c(C(=O)O)[nH]c(=O)[nH]c3=O)cccc2c1;20.0
ID_453;COc1ccc(NC(=O)c2cc(F)c(-n3nc4n(c3=O)CCCC4)cc2O[C@@H](C)C2CCCCC2)c(C)n1;20.0
ID_454;Cc1cc(C(F)(F)F)ccc1NC(=O)c1cc(F)c(-n2nc3n(c2=O)CCCC3)cc1O[C@@H](C)C1CCCCC1;20.0
ID_455;Cc1ccc(C(F)(F)F)cc1NC(=O)c1cc(F)c(-n2nc3n(c2=O)CCCC3)cc1O[C@@H](C)C1CCCCC1;20.0
ID_456;Cc1cccc(F)c1NC(=O)c1cc(F)c(-n2nc([C@H](C)O)n(C)c2=O)cc1O[C@@H](C)C(F)(F)F;20.0
ID_457;O=C(O)c1cccc2[nH]c(-c3c(F)c(F)c(-c4cc(F)cc(F)c4)c(F)c3F)nc12;20.0
ID_458;CCn1c(CO)nn(-c2cc(O[C@@H](C)C(F)(F)F)c(C(=O)Nc3c(Cl)ccc(OC)c3F)cc2F)c1=O;20.0
ID_459;Cc1ccc(Nc2cnc(-c3ccccc3C(F)(F)F)c(C)c2)c(C(=O)O)c1;20.0
ID_460;O=C(O)C1=C(C(=O)Nc2ccc(-c3cccc(OC(F)(F)F)c3)c(Cl)c2)CCC1;20.0
ID_461;CC(O)c1sc(-c2cc(O[C@@H](C)C(F)(F)F)c(C(=O)Nc3c(F)cccc3Cl)cc2F)nc1CO;20.4
ID_462;CCn1c(CO)nn(-c2cc3c(C(C)C)cn(-c4cccnc4OC)c(=O)c3cc2F)c1=O;20.7
ID_463;O=C1c2ccccc2C(=O)c2c1nnn2-c1ccc(-c2cccc(O)c2)cc1;21.0
ID_464;Cc1cnc(C(=O)N[C@@H]2CCCc3c2cnn3-c2ccccc2F)cc1C;21.0
ID_465;Cc1ccccc1NC(=O)c1cc(F)c(-n2nc(C)n(C(C)C)c2=O)cc1O[C@@H](C)c1ccccc1;21.0
ID_466;CC(Oc1cc(-n2nc(C(C)(C)O)n(C)c2=O)ccc1C(=O)Nc1c(F)cccc1Cl)C(F)F;21.0
ID_467;COc1cccc(-c2ncc(Nc3ccc(C)cc3C(=O)O)cc2C)c1;21.0
ID_468;O=C(O)c1cc(C2CC2)ccc1Nc1cnc(-c2cc(C(F)(F)F)ccc2F)nc1;21.0
ID_469;COc1cccc2cc(CCc3c(C(=O)O)[nH]c(=O)[nH]c3=O)ccc12;21.0
ID_470;Cc1cc(C(=O)O)c2nc(-c3c(F)c(F)c(-c4cc(F)cc(F)c4)c(F)c3F)[nH]c2c1;21.0
ID_471;Cc1c(-c2ccc(-c3ccccc3)cc2)nc2cnc(C(F)(F)F)cc2c1C(=O)O;21.0
ID_472;C=CCC(C)Oc1cc(-n2nc(CC)n(C)c2=O)c(F)cc1C(=O)Nc1ccc(N)cc1C;21.2
ID_473;CN(/N=C/c1cc(O)c(F)cc1C(=O)O)c1nc(-c2ccccc2Cl)cs1;21.4
ID_474;CCc1nn(-c2ccc(C(=O)Nc3c(F)cccc3F)c(O[C@@H](C)C(F)(F)F)c2)c(=O)n1C;22.0
ID_475;Cc1ncccc1-c1ccc(-c2cc(C(=O)O)c3ccccc3n2)cc1;22.0
ID_476;C/C(O)=C(\C#N)C(=O)Nc1cc(OC(C)C)c(C(=O)Nc2c(F)cccc2Cl)cc1F;22.0
ID_477;Cc1nc(-c2cc(O[C@@H](C)C(F)(F)F)c(C(=O)Nc3c(F)cccc3Cl)cc2F)cnc1C(C)(C)O;22.0
ID_478;C[C@H](Oc1cc(-c2cnc(C(F)(F)F)cn2)c(F)cc1C(=O)Nc1c(F)cccc1Cl)C(F)(F)F;22.2
ID_479;Cc1ccc(-c2cc(O[C@@H](C)C(F)(F)F)c(C(=O)Nc3c(C)n[nH]c3Cl)cc2F)nc1NS(C)(=O)=O;22.2
ID_480;CCOc1cccc(-c2cc(F)c(Nc3ncc(C4CC4)cc3C(=O)O)cc2F)c1;23.0
ID_481;C[C@H](Oc1cc(-n2nc3n(c2=O)CCCC3)c(F)cc1C(=O)Nc1ccnn1C)C1CCCCC1;23.0
ID_482;CCC[C@H](C)Oc1cc(-n2nc([C@H](C)O)n(C)c2=O)c(F)cc1C(=O)Nc1c(C)ccnc1OC;23.0
ID_483;Cc1ccnc(C(=O)N[C@@H]2CCCc3c2cnn3-c2cc(C)ccc2F)c1;23.0
ID_484;Cc1cc(C)c(NC(=O)c2cc(F)c(-n3nc4n(c3=O)CCCOC4)cc2O[C@@H](C)C(F)(F)F)c(Cl)n1;23.0
ID_485;COc1cccc2ccc(CCc3c(C(=O)O)[nH]c(=O)[nH]c3=O)cc12;23.0
ID_486;C[C@H](Oc1cc(-n2nc3n(c2=O)CCCOC3)c(F)cc1C(=O)Nc1ccccc1C(F)F)C(F)(F)F;23.0
ID_487;Cc1ccccc1NC(=O)c1cc(F)c(-n2nc3n(c2=O)CCCC3)cc1O[C@@H](C)c1ccccc1;23.0
ID_488;CCn1c(C(=O)OC)nn(-c2cc(O[C@@H](C)C(F)(F)F)c(C(=O)Nc3c(F)cccc3F)cc2F)c1=O;23.5
ID_489;Cc1c(NC(=O)c2cc(F)c(-n3nc4n(c3=O)CCCC4)cc2O[C@@H](C)C2CCCCC2)cccc1C(F)(F)F;23.5
ID_490;C[C@H](Oc1cc(-c2cn(C)c(N)n2)c(F)cc1C(=O)Nc1c(F)cccc1Cl)C(F)(F)F;23.9
ID_491;COC(=O)c1cccc2cc(CCCCc3c(C(=O)O)[nH]c(=O)[nH]c3=O)ccc12;24.0
ID_492;CCn1c(CO)nn(-c2cc(O[C@@H](C)C(F)(F)F)c(C(=O)Nc3c(F)cc(OC(=O)C(C)(C)C)cc3Cl)cc2F)c1=O;24.0
ID_493;Cc1n[nH]c(Cl)c1NC(=O)c1cc(F)c(-c2ccc3c(n2)N(C)C(=O)CO3)cc1OC(C)C(F)(F)F;24.0
ID_494;CCC(C)N(/N=C/c1ccccc1C(=O)O)c1nc(-c2ccccc2Cl)cs1;24.4
ID_495;CN(/N=C/c1ccccc1C(=O)O)c1nc(-c2ccccc2)cs1;24.4
ID_496;C[C@H](Oc1cc(-n2nc3n(c2=O)CCCC3)c(F)cc1C(=O)Nc1ccc(F)cc1C#N)C1CCCCC1;25.0
ID_497;Cc1cccc(F)c1NC(=O)c1cc(F)c(-n2nc(C(=O)O)n(C)c2=O)cc1O[C@@H](C)C(F)(F)F;25.0
ID_498;Nc1ccc(-c2ccc(-n3nnc4c3C(=O)c3ccccc3C4=O)cc2)cc1;25.0
ID_499;Cc1ccccc1NC(=O)c1cc(F)c(-n2nc(C(C)O)n(C)c2=O)cc1O[C@@H](C)C(F)(F)F;25.0
ID_500;Cc1ccc(F)cc1NC(=O)c1cc(F)c(-n2nc3n(c2=O)CCCC3)cc1O[C@@H](C)CN(C)C;25.0
ID_501;C[C@@H](CN(C)C)Oc1cc(-n2nc3n(c2=O)CCCC3)c(F)cc1C(=O)Nc1ccccc1C(F)F;25.0
ID_502;CCc1nn(-c2cc(OC(C)C3CCC3)c(C(=O)NC(CC)CC)cc2F)c(=O)n1C;25.0
ID_503;CCn1c(CO)nn(-c2ccc(C(=O)Nc3c(F)cccc3F)c(O[C@@H](C)C(F)(F)F)c2)c1=O;25.0
ID_504;C[C@H](Oc1cc(-n2nc3n(c2=O)CCCC3)c(F)cc1C(=O)NC1CCN(S(C)(=O)=O)CC1)C1CCCCC1;25.0
ID_505;COc1nccc(C)c1NC(=O)c1cc(F)c(-n2nc(C(C)(C)O)n(C)c2=O)cc1O[C@@H](C)C(F)(F)F;25.0
ID_506;Cc1c(Oc2c(F)cccc2F)c(OC(C)C)nn1-c1ncc(C2CC2)cc1F;25.0
ID_507;Cc1ccnc(Cl)c1NC(=O)c1cc(F)c(-n2nc3n(c2=O)CCCOC3)cc1O[C@@H](C)C(F)(F)F;25.0
ID_508;COc1cccc(C)c1NC(=O)c1cc(F)c(-n2nc3n(c2=O)CCOC3)cc1O[C@@H](C)C(F)(F)F;25.0
ID_509;Cc1n[nH]c(C(F)(F)F)c1NC(=O)c1cc(F)c(-c2ccc3c(n2)N(C)C(=O)CO3)cc1OC(C)C(F)(F)F;25.7
ID_510;Cc1ccc(-c2ccc(-c3nc4ccc(F)cc4c(C(=O)O)c3C)cc2)c(Cl)n1;26.0
ID_511;O=C(O)c1cccc2nc(-c3c(F)c(F)c(-c4cccc(OCc5ccccc5)c4)c(F)c3F)[nH]c12;26.0
ID_512;CCC[C@H](C)Oc1cc(-n2nc3ccccn3c2=O)c(F)cc1C(=O)Nc1c(F)cccc1F;26.0
ID_513;CCC(=O)C(C#N)C(=O)Nc1ccc(-c2cccc(OC)c2)c(C(=O)OC)c1;26.0
ID_514;O=C(N[C@@H]1CCCc2c1cnn2-c1ccccc1F)c1cc(Br)ccn1;26.0
ID_515;CCOC(=O)c1sc(Nc2ccc3c(c2)CCC3)nc1-c1ccccc1;26.0
ID_516;O=C(N[C@@H]1CCCc2c1cnn2-c1ccccc1F)c1cc(Cl)ccn1;26.0
ID_517;CCc1nn(-c2cc(O[C@@H](C)C(F)(F)F)c(C(=O)Nc3ccc(F)cc3C)cc2F)c(=O)n1C;26.5
ID_518;C[C@H](Oc1cc(-c2cn(C3CC3)c(C(C)(C)O)n2)c(F)cc1C(=O)Nc1c(F)cccc1Cl)C(F)(F)F;26.9
ID_519;CCn1nc(-c2cc3c(C(C)C)cn(-c4ccccc4C)c(=O)c3cc2F)nc1C(C)(C)O;27.0
ID_520;CCC(=O)C(C#N)C(=O)Nc1ccc(-c2cccc(OC(F)(F)F)c2)c(C(=O)OC)c1;27.0
ID_521;CCC[C@H](C)Oc1cc(-n2nc(CC)n(C)c2=O)c(F)cc1C(=O)NC1CCCCCC1;28.0
ID_522;CCc1nn(-c2cc(O[C@@H](C)C3CCCCC3)c(C(=O)Nc3nn(C)cc3C)cc2F)c(=O)n1C;28.0
ID_523;O=C(O)c1cc(C2CC2)ccc1Nc1cnc(C2CC2)c(-c2ccccc2)c1;28.0
ID_524;C[C@H](Oc1cc(-n2nc3n(c2=O)CCCC3)c(F)cc1C(=O)Nc1c(F)cccc1F)C(F)(F)F;28.0
ID_525;Cc1ccc(Nc2ccc(-c3cc(OC(C)C)ccc3F)nc2)c(C(=O)O)c1;28.0
ID_526;CC(=O)Nc1cccc(COc2ccc(-c3ccc(-c4nc5c(C(=O)O)cc(C)cc5[nH]4)cc3)cc2)c1;28.0
ID_527;Cc1c(-c2ccc(-c3ccccc3)cc2)nc2cnccc2c1C(=O)O;28.0
ID_528;O=C(O)c1cccc2nc(-c3c(F)c(F)c(-c4cccc(F)c4)c(F)c3F)[nH]c12;28.2
ID_529;CN(/N=C/c1ccccc1C(=O)O)c1nc(-c2cc(Cl)ccc2Cl)cs1;28.2
ID_530;CCCc1ccccc1NC(=O)c1cc(F)c(-n2nc(CC)n(C)c2=O)cc1O[C@@H](C)CCC;29.0
ID_531;Cc1cccc(F)c1NC(=O)c1cc(F)c(-n2nc3ccccn3c2=O)cc1O[C@@H](C)c1ccccc1;29.0
ID_532;C[C@H](Oc1cc(-n2nc3n(c2=O)CCCC3)c(F)cc1C(=O)Nc1ccccc1F)C1CCCCC1;29.0
ID_533;CCOC(=O)c1sc(Nc2ccc3ccccc3c2)nc1-c1ccccc1;29.0
ID_534;CCn1c(CO)nn(-c2cc3c(C(C)C)cn(-c4ccnc(OC)c4C)c(=O)c3cc2F)c1=O;29.2
ID_535;CCOC(=O)c1cccc(-n2ncc3c2CCCC3NC(=O)c2noc3c2CCCC3)c1;30.0
ID_536;CCC[C@H](C)Oc1cc(-n2nc(CC)n(C)c2=O)c(F)cc1C(=O)Nc1ccccc1C(F)(F)F;30.0
ID_537;Cc1cc(F)ccc1NC(=O)c1cc(F)c(-n2nc3n(c2=O)CCCC3)cc1O[C@@H](C)CN(C)C;30.0
ID_538;COc1cc(NC(=O)/C(C#N)=C(/C)O)c(F)cc1C(=O)Nc1c(F)cccc1Br;30.0
ID_539;C[C@H](Oc1cc(-n2nc3n(c2=O)CCCC3)c(F)cc1C(=O)Nc1ccc(F)cc1Cl)C1CCCCC1;30.0
ID_540;CCOc1cccc(-c2ncc(Nc3ccc(C)cc3C(=O)O)cc2C)c1;30.0
ID_541;COc1nccc(C)c1NC(=O)c1cc(F)c(-n2nc3n(c2=O)CCCOC3)cc1O[C@@H](C)C(F)(F)F;30.0
ID_542;CCC[C@H](C)Oc1cc(-n2nc3n(c2=O)CCCC3)c(F)cc1C(=O)Nc1ccccc1F;30.0
ID_543;Cc1cc(C(=O)OC(C)(C)C)ccc1NC(=O)c1ccc(-n2nc3n(c2=O)CCCC3)cc1O[C@@H](C)C1CCCCC1;30.1
ID_544;CCc1nc(-c2cc(O[C@@H](C)C(F)(F)F)c(C(=O)Nc3c(F)cccc3Cl)cc2F)n(C)c1CO;30.1
ID_545;CCC(COC)n1cc(C(C)C)c2cc(-n3nc(CO)n(CC)c3=O)c(F)cc2c1=O;30.7
ID_546;C[C@H](Oc1cc(-n2nc3n(c2=O)CCCOC3)c(F)cc1C(=O)Nc1c(F)cccc1F)C(F)(F)F;30.8
ID_547;CCc1nn(-c2cc(O[C@@H](C)CN(C)C)c(C(=O)Nc3c(C)cccc3F)cc2F)c(=O)n1C;31.0
ID_548;CCC(=O)C(C#N)C(=O)Nc1ccc(-c2ccc(F)cc2F)c(C(=O)OC)c1;31.0
ID_549;CCC(=O)C(C#N)C(=O)Nc1ccc(-c2cccc(Cl)c2)c(C(=O)OC)c1;31.0
ID_550;CCC(=O)C(C#N)C(=O)Nc1ccc(-c2cccc(OC3CCC3)c2)c(C(=O)OC)c1;31.0
ID_551;O=C(N[C@@H]1CCCc2c1cnn2-c1ccccc1F)c1cc(F)ccn1;31.0
ID_552;COc1cc(NC(=O)/C(C#N)=C(/C)O)c(F)cc1C(=O)Nc1c(F)cccc1Cl;31.0
ID_553;CCc1nn(-c2ccccc2C)c(=O)c2ccc(-n3nc(CO)n(CC)c3=O)cc12;31.2
ID_554;CC(Oc1cc(-c2nc([C@@H](C)O)n(C3CC3)n2)c(F)cc1C(=O)Nc1c(F)cccc1Cl)C(F)(F)F;31.5
ID_555;CN(/N=C/c1cc(N)c(F)cc1C(=O)O)c1nc(-c2ccccc2Cl)cs1;31.6
ID_556;C[C@H](Oc1cc(-c2nc3n(n2)CCNC3)c(F)cc1C(=O)Nc1c(F)cccc1Cl)C(F)(F)F;31.8
ID_557;COCOc1ccc2ccc(CCc3c(C(=O)O)[nH]c(=O)[nH]c3=O)cc2c1;32.0
ID_558;C[C@H](Oc1cc(-n2nc3n(c2=O)CCOC3)c(F)cc1C(=O)Nc1c(F)ccc(F)c1Cl)C(F)(F)F;32.0
ID_559;Cc1ccc(Nc2ccc(-c3ccccc3Cl)nc2)c(C(=O)O)c1;32.0
ID_560;O=C(O)c1ccccc1/C=N/Nc1nc(-c2ccccc2Cl)cs1;32.0
ID_561;O=C(NC1CCCc2c1cnn2-c1ccccc1F)c1onc2c1CCCC2;32.0
ID_562;C/C(=C\c1ccc2ccccc2c1Cl)C(=O)Nc1ccc(F)cc1C(=O)O;32.0
ID_563;Cc1cc(C(=O)O)c2nc(-c3c(F)c(F)c(-c4cccnc4)c(F)c3F)[nH]c2c1;32.0
ID_564;Cc1c(-c2ccc(-c3ccccc3F)cc2)nc2ccc(F)cc2c1C(=O)NS(C)(=O)=O;32.0
ID_565;Cc1cc(F)cc(C)c1NC(=O)c1cc(F)c(-n2nc3n(c2=O)CCOC3)cc1O[C@@H](C)C(F)(F)F;32.0
ID_566;CCn1c(C)nc(-c2cc(OC(C)C(F)(F)F)c(C(=O)Nc3c(F)cccc3Cl)cc2F)c1C#N;32.1
ID_567;COc1cccc(-c2ccc(Nc3ncc(C4CC4)cc3C(=O)O)c(F)c2)c1;33.0
ID_568;CCC[C@H](C)Oc1cc(-n2nc3n(c2=O)CCCC3)c(F)cc1C(=O)Nc1cccc(C(F)(F)F)c1;33.0
ID_569;O=C(O)C1=C(C(=O)Nc2c(F)cc(-c3cccc(OC(F)(F)F)c3)cc2F)CCC1;33.0
ID_570;O=C(O)c1cc(-c2ccc(-c3cccnc3Cl)cc2)nc2ccccc12;33.0
ID_571;Cc1ccc(Nc2cnc(-c3cccc(C(=O)N(C)C)c3)c(C)c2)c(C(=O)O)c1;33.0
ID_572;C[C@H](Oc1cc(-c2cnc(O)cn2)c(F)cc1C(=O)Nc1c(F)cccc1Cl)C(F)(F)F;33.6
ID_573;CCn1c(CO)nn(-c2cc3c(C(C)C)cn(-c4csnc4C)c(=O)c3cc2F)c1=O;33.7
ID_574;Cc1ccnc(C(=O)N[C@@H]2CCCc3c2cnn3-c2ccccc2F)c1;34.0
ID_575;C[C@H](Oc1cc(-c2ncc(Cl)nc2N)c(F)cc1C(=O)Nc1c(F)cccc1Cl)C(F)(F)F;34.0
ID_576;CCC(=O)C(C#N)C(=O)Nc1ccc(-c2cccc(OC(F)F)c2)c(C(=O)OC)c1;34.0
ID_577;CCC[C@H](C)Oc1cc(-n2nc3n(c2=O)CCCC3)c(F)cc1C(=O)Nc1ncccc1Cl;35.0
ID_578;Cc1ccn2nc(O)c(C(=O)Nc3c(F)c(F)c(-c4ccccc4)c(F)c3F)c2c1;35.0
ID_579;CCn1c(Cl)nn(-c2cc(O[C@@H](C)C(F)(F)F)c(C(=O)Nc3c(F)cccc3F)cc2F)c1=O;35.0
ID_580;CCOC(=O)c1sc(Nc2ccc(C)c(Cl)c2)nc1-c1ccccc1;35.0
ID_581;Cc1ccc(C(F)(F)F)cc1NC(=O)c1cc(F)c(-n2nc3n(c2=O)CCCC3)cc1O[C@@H](C)C(F)(F)F;35.0
ID_582;C[C@H](Oc1cc(-c2cnc(CO)cn2)c(F)cc1C(=O)Nc1c(F)cccc1Cl)C(F)(F)F;35.3
ID_583;CCn1c(CO)nn(-c2cc3c(C(C)C)cn(C(COC)COC)c(=O)c3cc2F)c1=O;35.3
ID_584;CCn1c(CO)nn(-c2cc3c(C(C)C)cn(-c4cc(O)ncc4C)c(=O)c3cc2F)c1=O;35.4
ID_585;Cc1sc(N(C)/N=C/c2ccccc2C(=O)O)nc1-c1ccccc1Cl;35.5
ID_586;C[C@H](Oc1cc(-n2nc3n(c2=O)CCCC3)c(F)cc1C(=O)Nc1c(F)cccc1C(F)(F)F)C1CCCCC1;36.0
ID_587;C/C(O)=C(\C#N)C(=O)Nc1cc(OC(C)C)c(C(=O)Nc2c(F)cccc2F)cc1F;36.0
ID_588;O=C(O)c1cc(-c2ccc(Oc3ccccc3)cc2)nc2ccc(F)cc12;36.0
ID_589;Cc1c(-c2ccc(-c3cccnc3Cl)cc2)nc2ccc(Cl)cc2c1C(=O)O;36.0
ID_590;Cc1ccc(Nc2cnc(-c3ccncc3F)c(C)c2)c(C(=O)O)c1;37.0
ID_591;C[C@H](Oc1cc(-c2nc(C(C)(C)O)n(C3CC3)n2)c(F)cc1C(=O)Nc1c(F)cccc1Cl)C(F)(F)F;37.3
ID_592;O=C(O)c1cc(C2CC2)ccc1Nc1cnc(-c2cc(F)ccc2F)nc1;38.0
ID_593;O=C(O)c1cccc2[nH]c(-c3c(F)c(F)c(-c4ccccc4)c(F)c3F)nc12;38.0
ID_594;C[C@H](Oc1cc(-c2cc(C(=O)O)c(Cl)cn2)c(F)cc1C(=O)Nc1c(F)cccc1Cl)C(F)(F)F;38.5
ID_595;C[C@H](Oc1cc(-n2nc3n(c2=O)CCCC3)c(F)cc1C(=O)NC1CCC(F)(F)CC1)C1CCCCC1;39.0
ID_596;C[C@H](Oc1cc(-n2nc3n(c2=O)CCCC3)c(F)cc1C(=O)Nc1cccc(F)c1Cl)C(F)(F)F;39.0
ID_597;C[C@H](Oc1cc(-n2nc3n(c2=O)CCCC3)c(F)cc1C(=O)Nc1cc(F)ccc1Cl)C1CCCCC1;40.0
ID_598;C[C@H](Oc1cc(-n2nc(C(=O)O)n(C)c2=O)c(F)cc1C(=O)Nc1c(F)cccc1F)C(F)(F)F;40.0
ID_599;Cc1ccc(F)c(-n2ncc3c2CCC[C@H]3NC(=O)c2cc(C(F)(F)F)ccn2)c1;40.0
ID_600;CN(C)C(=O)c1cccc2cc(CCc3c(C(=O)O)[nH]c(=O)[nH]c3=O)ccc12;40.0
ID_601;C[C@H](Oc1cc(-n2nc3n(c2=O)CCOC3)c(F)cc1C(=O)Nc1c(F)cc(F)cc1Cl)C(F)(F)F;40.0
ID_602;C[C@H](Oc1cc(-n2nc3n(c2=O)CCCC3)c(F)cc1C(=O)Nc1ccc(F)cc1Cl)C(F)(F)F;40.0
ID_603;CCOc1cc(NC(=O)/C(C#N)=C(/C)O)c(F)cc1C(=O)Nc1c(F)cccc1Br;40.0
ID_604;COc1cc2ccccc2cc1CCc1c(C(=O)O)[nH]c(=O)[nH]c1=O;40.0
ID_605;CCC(=O)C(C#N)C(=O)Nc1ccc(-c2cccnc2)c(C(=O)OC)c1;40.0
ID_606;C[C@H](Oc1cc(-n2nc3n(c2=O)CCCC3)c(Cl)cc1C(=O)Nc1c(F)cccc1Cl)C(F)(F)F;40.0
ID_607;Cc1ccc(Nc2cnc(N3CCCCC3)c(C)c2)c(C(=O)O)c1;41.0
ID_608;Cc1oncc1NC(=O)c1cc(F)c(-n2nc3n(c2=O)CCCC3)cc1O[C@@H](C)C1CCCCC1;41.0
ID_609;C/C(=C\c1ccc2ccccc2c1)C(=O)Nc1ccc(F)cc1C(=O)O;41.0
ID_610;O=C(O)C1=C(C(=O)Nc2ccc(OCc3c(F)cccc3Cl)c(Cl)c2)COC1;41.0
ID_611;CCc1nn(-c2cc(OC(C)C3CC3)c(C(=O)NC(CC)CC)cc2F)c(=O)n1C;41.5
ID_612;CCn1c(CO)nn(-c2ccc(C(=O)Nc3c(F)cccc3Cl)c(OC(C)C(F)F)c2)c1=O;42.0
ID_613;C/C(O)=C(\C#N)C(=O)Nc1cc(OC(C)C)c(C(=O)Nc2ccccc2Br)cc1F;42.0
ID_614;C/C(=C\c1ccc2ccccc2c1Br)C(=O)Nc1ccc(F)cc1C(=O)O;42.0
ID_615;COc1ccccc1-c1cc(F)c(NC(=O)C2=C(C(=O)O)CCC2)c(F)c1;42.0
ID_616;CCn1c(CO)nn(-c2cc3c(cc2F)OC(c2c(F)cccc2Cl)C(=O)N3C(C)C)c1=O;42.3
ID_617;Cc1cc(NC(=O)c2c(O)nn3ccccc23)c(C)cc1Cc1ccccc1;43.0
ID_618;C[C@H](Oc1cc(-n2nc3n(c2=O)CCCC3)c(F)cc1C(=O)Nc1c(F)cc(F)cc1F)C(F)(F)F;43.0
ID_619;Cc1ccccc1NC(=O)c1cc(F)c(-n2nc([C@H](C)O)n(C)c2=O)cc1O[C@@H](C)C(F)(F)F;43.0
ID_620;Cc1cc(Oc2ccccc2)c(C)cc1NC(=O)c1c(O)nn2ccccc12;43.0
ID_621;CCn1c(CO)nn(-c2cc3c(C(C)C)cn(-c4ncncc4C)c(=O)c3cc2F)c1=O;43.5
ID_622;COC(=O)c1cccc2cc(CCc3c(C(=O)O)[nH]c(=O)[nH]c3=O)ccc12;44.0
ID_623;COc1cccc(-c2ccc(NC(=O)c3ccsc3C(=O)O)c(F)c2)c1;44.0
ID_624;Cc1cccc(F)c1NC(=O)c1cc(F)c(-n2nc(C)n(C3CC3)c2=O)cc1O[C@@H](C)C(F)(F)F;44.0
ID_625;C/C(=C\c1ccc2ccccc2c1F)C(=O)Nc1ccc(F)cc1C(=O)O;44.0
ID_626;COCOc1cc2ccccc2cc1CCc1c(C(=O)O)[nH]c(=O)[nH]c1=O;44.0
ID_627;CCOc1cc(NC(=O)/C(C#N)=C(/C)O)c(F)cc1C(=O)Nc1c(F)cccc1Cl;44.0
ID_628;Cc1ccccc1NC(=O)c1cc(F)c(-c2cn(C)c(C(C)O)n2)cc1O[C@@H](C)C(F)(F)F;0.386
ID_629;CCn1c(CO)nn(-c2cc3c(C(C)C)cn(-c4ccccc4C)c(=O)c3cc2F)c1=O;0.396
ID_630;Cc1n[nH]c(C(F)(F)F)c1NC(=O)c1cc(F)c(-c2ccc(Cl)c(C(C)O)n2)cc1OC(C)C(F)(F)F;0.396
ID_631;COc1ncc(C)c(NC(=O)c2cc(F)c(-c3ccc(Cl)c(CO)n3)cc2O[C@@H](C)C(F)(F)F)c1C;0.398
ID_632;Cc1ccc(-c2cc(OC(C)C(F)(F)F)c(C(=O)Nc3c(F)cccc3Cl)cc2F)nc1;0.4
ID_633;CCn1c(CO)nn(-c2cc(O[C@@H](C)C(F)(F)F)c3c(Oc4c(F)ccc(N(C)C)c4Cl)nccc3c2)c1=O;0.4
ID_634;Cc1n[nH]c(C(F)(F)F)c1NC(=O)c1cc(F)c(-c2cn(C)c([C@H](C)O)n2)cc1O[C@@H](C)C(F)(F)F;0.407
ID_635;Cc1[nH]nc(C(F)(F)F)c1NC(=O)c1cc(F)c(-c2cn(C)c(C(C)(C)O)n2)cc1O[C@@H](C)C(F)(F)F;0.409
ID_636;CCn1c(CO)nn(-c2cc(O[C@@H](C)C(F)(F)F)c3c(Oc4c(F)ccc(OCCOC)c4Cl)nccc3c2)c1=O;0.41
ID_637;C[C@H](Oc1cc(-c2ccc(F)c(CO)n2)c(F)cc1C(=O)Nc1c(F)cccc1Cl)C(F)(F)F;0.412
ID_638;Cc1n[nH]c(Cl)c1NC(=O)c1cc(F)c(-c2ccc(F)c(N)n2)cc1O[C@@H](C)C(F)(F)F;0.417
ID_639;CCn1c(CO)nn(-c2cc3c(C(C)C)cn(-c4ccccc4Cl)c(=O)c3cc2F)c1=O;0.418
ID_640;COc1ncc(C)c(NC(=O)c2cc(F)c(-c3cn(C)c(C(C)(C)O)n3)cc2O[C@@H](C)C(F)(F)F)c1Cl;0.424
ID_641;Cc1n[nH]c(C(F)(F)F)c1NC(=O)c1cc(F)c(-c2cn(C)c([C@@H](C)O)n2)cc1O[C@@H](C)C(F)(F)F;0.427
ID_642;CCn1c(CO)nn(-c2cc3c(C(C)C)nn(-c4c(F)cccc4Cl)c(=O)c3cc2F)c1=O;0.433
ID_643;CCn1c(CO)nn(-c2cc3c(C(C)C)cn(-c4c(C)cccc4F)c(=O)c3cc2F)c1=O;0.435
ID_644;Cc1n[nH]c(C(F)(F)F)c1NC(=O)c1cc(F)c(-c2cc(=O)n(C)c(=O)[nH]2)cc1O[C@@H](C)C(F)(F)F;0.436
ID_645;C=C(C)c1cn(-c2ccccc2OC)c(=O)c2cc(F)c(-n3nc(CO)n(CC)c3=O)cc12;0.444
ID_646;Cc1ccccc1-n1nc(C(C)C)c2cc(-c3cn(C)c(C(C)(C)O)n3)c(F)cc2c1=O;0.45
ID_647;CCn1c(CO)nn(-c2cc3c(C(C)C)cn(-c4ccc(F)cc4C)c(=O)c3cc2F)c1=O;0.459
ID_648;Cc1[nH]nc(Cl)c1NC(=O)c1cc(F)c(-c2cn3c(n2)[C@H](O)CC3)cc1O[C@@H](C)C(F)(F)F;0.459
ID_649;CCn1c(CO)nn(-c2nc3c([C@@H](C)C(F)(F)F)cn(-c4ccccc4C)c(=O)c3cc2F)c1=O;0.464
ID_650;CC(Oc1cc(-c2cn(C)c(C(C)(C)O)n2)c(F)cc1C(=O)Nc1ccccc1C(F)F)C(F)(F)F;0.464
ID_651;Cc1ncc(-c2cc(O[C@@H](C)C(F)(F)F)c(C(=O)Nc3c(C)n[nH]c3Cl)cc2F)nc1C(C)O;0.465
ID_652;CCc1sc(-c2cc(OC(C)C(F)(F)F)c(C(=O)Nc3c(F)cccc3Cl)cc2F)nc1CO;0.466
ID_653;Cc1cnc(-c2cc(O[C@@H](C)C(F)(F)F)c(C(=O)Nc3c(C)n[nH]c3Cl)cc2F)cc1N;0.47
ID_654;Cc1ccc(-c2nc(O[C@@H](C)C(F)(F)F)c(C(=O)Nc3c(F)cccc3Cl)cc2F)nc1;0.47
ID_655;Cc1cn(-c2cc(O[C@@H](C)C(F)(F)F)c(C(=O)Nc3c(F)cccc3Cl)cc2F)nc1[C@@H](C)O;0.48
ID_656;Cc1n[nH]c(Cl)c1NC(=O)c1cc(F)c(-c2nc(C(C)O)n(C)n2)cc1O[C@@H](C)C(F)(F)F;0.48
ID_657;Cc1ccccc1-n1cc(C(C)C)c2cc(-c3nc([C@H](C)O)n(C)n3)c(F)cc2c1=O;0.48
ID_658;Cc1ccccc1NC(=O)c1cc(F)c(-c2nc(C(C)(C)O)n(C)n2)cc1OC(C)C(F)(F)F;0.481
ID_659;Cc1ccnc(Cl)c1NC(=O)c1cc(F)c(-c2ccc(C3CC3)cn2)cc1O[C@@H](C)C(F)(F)F;0.484
ID_660;Cc1n[nH]c(Cl)c1NC(=O)c1cc(F)c(-c2nc(C(C)(C)O)n(C)n2)cc1O[C@@H](C)C(F)(F)F;0.499
ID_661;CN(C)c1cccc(-c2c(F)cc(-n3nnc4c3C(=O)c3ccccc3C4=O)cc2F)c1;0.5
ID_662;Cc1cn(-c2cc(O[C@@H](C)C(F)(F)F)c(C(=O)Nc3c(F)cccc3Cl)cc2F)nc1C(C)(C)O;0.5
ID_663;CCn1c(CO)nn(-c2cc3c(cc2F)OC(c2c(F)cccc2Cl)CN3C(C)C)c1=O;0.504
ID_664;Cc1n[nH]c(Cl)c1NC(=O)c1cc(F)c(-c2ccc(F)c([C@@H](C)O)n2)cc1O[C@@H](C)C(F)(F)F;0.507
ID_665;Cc1n[nH]c(Cl)c1-n1cc(C(C)C)c2cc(-c3cn(C)c(C(C)(C)O)n3)c(F)cc2c1=O;0.51
ID_666;Cc1cc(S(N)(=O)=O)ccc1NC(=O)c1cc(F)c(-n2nc3n(c2=O)CCCC3)cc1O[C@@H](C)C1CCCCC1;44.7
ID_667;CCc1nn(-c2cc(O[C@@H](C)C3CCCCC3)c(C(=O)NC3(c4ccc(F)cc4)CC3)cc2F)c(=O)n1C;45.0
ID_668;C[C@H](Oc1c(C(=O)Nc2c(F)cccc2Cl)ccc(-n2nc(C(C)(C)O)n(C)c2=O)c1F)C(F)(F)F;45.0
ID_669;Cn1nc(O)c(C(=O)Nc2c(F)c(F)c(-c3ccccc3)c(F)c2F)n1;45.0
ID_670;Cc1cc2[nH]ncc2cc1NC(=O)c1cc(F)c(-n2nc3n(c2=O)CCCC3)cc1O[C@@H](C)C(F)(F)F;45.0
ID_671;CCC(=O)C(C#N)C(=O)Nc1ccc(-c2ccc(Cl)cc2)c(C(=O)OC)c1;45.0
ID_672;CCc1nn(-c2cc(O[C@@H](C)c3ccccc3)c(C(=O)Nc3cnccc3C)cc2F)c(=O)n1C;45.0
ID_673;Cc1ccccc1NC(=O)c1cc(F)c(-n2nc3n(c2=O)CCOC3)cc1O[C@@H](C)C(F)(F)F;45.0
ID_674;O=C(O)C1=C(C(=O)Nc2c(F)cc(-c3ccccc3F)cc2F)CCC1;45.0
ID_675;C[C@H](Oc1cc(-n2nc3n(c2=O)CCOC3)c(F)cc1C(=O)Nc1c(Cl)ccc(F)c1F)C(F)(F)F;46.0
ID_676;COc1ccc2cc(CCc3c(C(=O)O)[nH]c(=O)[nH]c3=O)ccc2c1;46.0
ID_677;COc1ccc(F)cc1-c1ncc(Nc2ccc(C)cc2C(=O)O)cc1C;46.0
ID_678;O=C(O)c1[nH]c(=O)[nH]c(=O)c1CCc1ccc2ccccc2c1;46.0
ID_679;CCn1c(CO)nn(-c2ccc3c(=O)n(-c4ccccc4C)cc(N(C)C)c3c2)c1=O;46.5
ID_680;C/C(O)=C(\C#N)C(=O)Nc1cc(OC(C)C)c(C(=O)Nc2ccccc2Cl)cc1F;47.0
ID_681;Cc1c(-c2ccc(-c3ccccc3F)cc2)nc2ccc(F)cc2c1C(N)=O;47.0
ID_682;Cc1cc(C(=O)O)c2nc(-c3c(F)c(F)c(-c4ccc(OCc5ccccc5)cc4)c(F)c3F)[nH]c2c1;48.0
ID_683;Cc1ccc(/C=C2\COc3cc4ccccc4cc3C2=O)cc1;48.0
ID_684;COc1ccc2cc(CCc3c(C(=O)O)[nH]c(=O)[nH]c3=O)c(OC)cc2c1;48.0
ID_685;CCOC(=O)c1sc(Nc2ccc(C)c(F)c2)nc1-c1ccccc1;49.0
ID_686;Cc1ncnc(C)c1NC(=O)c1cc(F)c(-n2nc3n(c2=O)CCCC3)cc1O[C@@H](C)C1CCCCC1;49.0
ID_687;CCC(=O)C(C#N)C(=O)Nc1ccc(-c2ccc(F)cc2C)c(C(=O)OC)c1;49.0
ID_688;COc1ncc(Nc2ccc(C3CC3)cc2C(=O)O)cc1-c1ccccc1;49.0
ID_689;CCn1c(CO)nn(-c2cc3c(cc2F)N[C@H](c2ccccc2C)C[C@@H]3C(C)C)c1=O;49.2
ID_690;C[C@H](Oc1cc(-n2nc(CO)n(C)c2=O)c(F)cc1C(=O)Nc1c(F)cccc1F)C(F)(F)F;49.8
ID_691;CCn1c(C(=O)O)nn(-c2ccc(C(=O)Nc3c(F)cccc3Cl)c(OC(C)C(F)F)c2)c1=O;50.0
ID_692;C[C@H](Oc1cc(-n2nc(C3CCC3)n(C)c2=O)c(F)cc1C(=O)Nc1c(F)cccc1F)C(F)(F)F;50.0
ID_693;Cc1c(NC(=O)c2cc(F)c(-n3nc4n(c3=O)CCCC4)cc2O[C@@H](C)C(F)(F)F)cccc1C(F)(F)F;50.0
ID_694;CN(C)c1ccc(-c2ccc(NC(=O)C3=C(C(=O)O)CCC3)cc2Cl)cc1;50.0
ID_695;Cc1cc(C(=O)O)c2nc(-c3c(F)c(F)c(-c4ccsc4)c(F)c3F)[nH]c2c1;50.0
ID_696;COc1cncc(NC(=O)c2cc(F)c(-n3nc4n(c3=O)CCCC4)cc2O[C@@H](C)C2CCCCC2)c1C;50.0
ID_697;Cc1n[nH]c(Cl)c1NC(=O)c1cc(F)c(-c2ccc(Cl)c(O)n2)cc1O[C@@H](C)C(F)(F)F;50.3
ID_698;CCn1c(CO)nn(-c2cc3c(C(C)C)cn(CC4CC4)c(=O)c3cc2F)c1=O;50.9
ID_699;O=C(O)c1cc(-c2ccc(-c3ccccc3)cc2)nc2ccccc12;51.0
ID_700;Cc1cc(=O)n2[nH]c(SCc3cc(Cl)ccc3Cl)nc2n1;51.0
ID_701;CCn1c(CO)nn(-c2cc3c(cc2F)NC(c2ccccc2C)CC3C(C)C)c1=O;51.7
ID_702;Cc1nn(-c2cc(O[C@@H](C)c3ccccc3)c(C(=O)Nc3c(F)cccc3F)cc2F)c(=O)n1C(C)C;52.0
ID_703;COC(=O)c1ccc2cc(CCCCc3c(C(=O)O)[nH]c(=O)[nH]c3=O)ccc2c1;52.0
ID_704;CCC(=O)C(C#N)C(=O)Nc1ccc(-c2ccccc2Cl)c(C(=O)OC)c1;52.0
ID_705;CC(Oc1cc(-c2cn(C)c(O)n2)c(F)cc1C(=O)Nc1c(F)cccc1Cl)C(F)(F)F;52.1
ID_706;CCC[C@H](C)Oc1cc(-n2nc(CC)n(C)c2=O)c(F)cc1C(=O)Nc1c(F)cccc1F;52.2
ID_707;COc1cccc(-c2cc(F)c(Nc3ncccc3C(=O)O)c(F)c2)c1F;53.0
ID_708;Cc1ccc(Nc2cnc(-c3ccccc3)c(C)c2)c(C(=O)O)c1;53.0
ID_709;Cc1ccc2nc(-c3ccc(-c4cccnc4Cl)cc3)c(C)c(C(=O)O)c2c1;54.0
ID_710;Cc1c(-c2ccc(-c3cccnc3Cl)cc2)nc2ccccc2c1C(=O)O;54.0
ID_711;CC(O)c1nn(-c2cc(O[C@@H](C)C(F)(F)F)c(C(=O)Nc3c(F)cccc3F)cc2F)c(=O)n1C;54.3
ID_712;COc1cc(C)c(NC(=O)c2cc(F)c(-n3nc4n(c3=O)CCCC4)cc2O[C@@H](C)C(F)(F)F)cn1;54.3
ID_713;C[C@H](Oc1cc(-n2nc3ccccn3c2=O)c(F)cc1C(=O)Nc1c(F)cccc1F)c1ccccc1;55.0
ID_714;C[C@H](Oc1cc(-n2nc3n(c2=O)CCCC3)c(F)cc1C(=O)NC1(c2ccc(F)cc2)CC1)C(F)(F)F;55.0
ID_715;CCC[C@H](C)Oc1cc(-n2nc(C(C)O)n(C)c2=O)c(F)cc1C(=O)NC(CC)CC;55.0
ID_716;Cc1ccc(C(=O)N[C@@H]2CCCc3c2cnn3-c2ccccc2F)nc1;55.0
ID_717;Cc1nc2c(C(=O)O)cc(-c3ccc(-c4ccccc4CN4CCOCC4)cc3)cc2[nH]1;55.0
ID_718;Cc1nc2c(C(=O)O)cc(-c3ccc(-c4ccccc4CN4CCCCC4)cc3)cc2[nH]1;55.0
ID_719;CC(C)C[C@H](C)Oc1cc(-n2nc(C(C)C)n(C)c2=O)c(F)cc1C(=O)NC1CCNCC1;55.0
ID_720;CCc1nn(-c2cc(O[C@@H](C)c3ccccc3)c(C(=O)Nc3cccc(C(=O)NC4CC4)c3)cc2F)c(=O)n1C;55.0
ID_721;Cc1nc2c(C(=O)O)cc(-c3ccc(-c4cccc(CNC(C)(C)C)c4)cc3)cc2[nH]1;55.0
ID_722;Cc1nc2c(C(=O)O)cc(-c3ccc(-c4cccc(CN5CCS(=O)(=O)CC5)c4)cc3)cc2[nH]1;55.0
ID_723;Cc1nc2c(C(=O)O)cc(-c3ccc(-c4ccccc4O)cc3)cc2[nH]1;55.0
ID_724;COc1cccc(-c2ccc(-c3cc(C(=O)O)c4nc(C)[nH]c4c3)cc2)c1F;55.0
ID_725;COc1ccccc1-c1ccc(-c2cc(C(=O)O)c3nc(C)[nH]c3c2)cc1;55.0
ID_726;Cc1nc2c(C(=O)O)cc(-c3ccc(-c4ccccc4OCc4ccccc4)cc3)cc2[nH]1;55.0
ID_727;Cc1nc2c(C(=O)O)cc(-c3ccc(-c4cccc(O)c4)cc3)cc2[nH]1;55.0
ID_728;Cc1nc2c(C(=O)O)cc(-c3ccc(-c4cccc(OCc5ccccc5)c4)cc3)cc2[nH]1;55.0
ID_729;COc1cccc(-c2ccc(-c3cc(C(=O)O)c4nc(C)[nH]c4c3)cc2)c1;55.0
ID_730;Cc1nc2c(C(=O)O)cc(-c3ccc(-c4ccccc4F)cc3)cc2[nH]1;55.0
ID_731;Cc1nc2c(C(=O)O)cc(-c3ccc(-c4c(C)cccc4C)cc3)cc2[nH]1;55.0
ID_732;Cc1nc2c(C(=O)O)cc(-c3ccc(-c4cccc(CO)c4)cc3)cc2[nH]1;55.0
ID_733;Cc1nc2c(C(=O)O)cc(-c3c(F)c(F)c(-c4ccc(CN5CCCC5)cc4)c(F)c3F)cc2[nH]1;55.0
ID_734;Cc1nc2c(C(=O)O)cc(-c3c(F)c(F)c(-c4cccc(CNC(C)C)c4)c(F)c3F)cc2[nH]1;55.0
ID_735;O=C1c2ccccc2C(=O)c2c1nnn2-c1ccc(-c2cccc(F)c2)cc1;56.0
ID_736;Cc1cc(C(=O)O)c2nc(-c3c(F)c(F)c(-c4ccc(NC(=O)C5CCCN5)cc4)c(F)c3F)[nH]c2c1;56.0
ID_737;CCC[C@H](C)Oc1cc(-n2nc(CC)n(C)c2=O)c(F)cc1C(=O)Nc1cccc(C(F)(F)F)c1;56.8
ID_738;Cc1ccc(Nc2cnc(-c3ccccc3Cl)nc2)c(C(=O)O)c1;57.0
ID_739;O=C(O)c1cc(C2CC2)ccc1Nc1cnc(-c2c(F)cc(O)cc2F)nc1;57.0
ID_740;O=C(O)c1cc(C2CC2)ccc1Nc1cnc(-c2ccccc2C2CC2)nc1;57.0
ID_741;CCC[C@H](C)Oc1cc(-n2nc3n(c2=O)CCCC3)c(F)cc1C(=O)Nc1ccccc1N;57.8
ID_742;CCOC(=O)c1sc(Nc2ccc(C)c(C)c2)nc1-c1ccccc1;58.0
ID_743;C[C@H](Oc1cc(-n2nc3n(c2=O)CCCN3C)c(F)cc1C(=O)Nc1c(F)cccc1F)C(F)(F)F;58.0
ID_744;O=C(O)C1=C(C(=O)Nc2c(F)c(F)c(-c3cccc(OC(F)(F)F)c3)c(F)c2F)COC1;58.0
ID_745;CCn1c(CO)nn(-c2cc3c(cc2F)c(=O)c(-c2cc(C)ccc2F)cn3C(C)C)c1=O;58.2
ID_746;CCN(/N=C/c1ccccc1C(=O)O)c1nc(-c2ccccc2Cl)cs1;58.7
ID_747;CCOc1cccc(-c2ccc(NC(=O)C(C#N)C(=O)CC)cc2C(=O)OC)c1;59.0
ID_748;CSc1nn(-c2cc(O[C@@H](C)C(F)(F)F)c(C(=O)Nc3c(F)cccc3F)cc2F)c(=O)n1C;60.0
ID_749;CCC[C@H](C)Oc1cc(-n2nc(CO)n(C)c2=O)c(F)cc1C(=O)NC(CC)CC;60.0
ID_750;C[C@H](Oc1cc(-n2nc3n(c2=O)CCOC3)c(F)cc1C(=O)Nc1ccccc1C(F)F)C(F)(F)F;60.0
ID_751;Cc1cc(C)c(NC(=O)c2cc(F)c(-n3nc4n(c3=O)CCOC4)cc2O[C@@H](C)C(F)(F)F)c(Cl)n1;60.0
ID_752;Cc1cc(F)ccc1NC(=O)c1cc(F)c(-n2nc3n(c2=O)CCOC3)cc1O[C@@H](C)C(F)(F)F;60.0
ID_753;C[C@H](Oc1cc(-n2nc3n(c2=O)CCCC3C(=O)O)c(F)cc1C(=O)Nc1c(F)cccc1Cl)C(F)(F)F;60.0
ID_754;Cc1cc(C(=O)O)c2[nH]c(-c3c(F)c(F)c(-c4ccccc4OCc4ccccc4)c(F)c3F)nc2c1;60.0
ID_755;[2H]C([2H])([2H])Oc1cccc(-c2cc(F)c(NC(=O)C3=C(C(=O)NOC)CCC3)c(F)c2)c1;61.0
ID_756;C[C@H](Oc1cc(-n2nc3ccccn3c2=O)c(F)cc1C(=O)Nc1c(F)cccc1F)C(F)(F)F;61.0
ID_757;Cc1ccc(Nc2cc(Cl)cnc2-c2ccccc2)c(C(=O)O)c1;62.0
ID_758;C[C@H](Oc1cc(-n2nc(C(N)=O)n(C)c2=O)c(F)cc1C(=O)Nc1c(F)cccc1F)C(F)(F)F;63.0
ID_759;C[C@H](Oc1cc(-n2nc3n(c2=O)CCCC3)c(F)cc1C(=O)Nc1cccc(C(F)(F)F)c1)C1CCCCC1;64.0
ID_760;C/C(O)=C(\C#N)C(=O)Nc1ccc(C(F)(F)F)cc1;64.0
ID_761;CCC[C@H](C)Oc1cc(-n2nc(CC)n(C)c2=O)c(F)cc1C(=O)Nc1ccccc1F;64.3
ID_762;Cc1cnc(NC(=O)c2cc(F)c(-n3nc4n(c3=O)CCCC4)cc2O[C@@H](C)C2CCCCC2)c(C)n1;65.0
ID_763;C[C@H](Oc1cc(-n2nc(Cl)n(C)c2=O)c(F)cc1C(=O)Nc1c(F)cccc1F)C(F)(F)F;65.0
ID_764;CCc1nn(-c2cc(O[C@@H](C)c3ccccc3)c(C(=O)Nc3cc4cn[nH]c4cc3C)cc2F)c(=O)n1C;65.0
ID_765;CCC(=O)C(C#N)C(=O)Nc1ccc(-c2ccc(F)cc2OC)c(C(=O)OC)c1;66.0
ID_766;Cc1ccc(C(=O)N[C@@H]2CCCc3c2cnn3-c2ccccc2C)nc1;66.0
ID_767;CCC(=O)C(C#N)C(=O)Nc1ccc(-c2ccc3c(c2)OCCO3)c(C(=O)OC)c1;66.0
ID_768;Cc1sc(N/N=C/c2ccccc2C(=O)O)nc1-c1ccccc1Cl;66.2
ID_769;COc1ccc2cccc(CCc3c(C(=O)O)[nH]c(=O)[nH]c3=O)c2c1;68.0
ID_770;C[C@H](Oc1cc(-c2cnc(C3(CO)CC3)cn2)c(F)cc1C(=O)Nc1c(F)cccc1Cl)C(F)(F)F;68.5
ID_771;CCc1[nH]c(-c2cc(O[C@@H](C)C(F)(F)F)c(C(=O)Nc3c(F)cccc3Cl)cc2F)nc1CO;69.5
ID_772;CCc1nn(-c2cc(O[C@@H](C)C3CCCCC3)c(C(=O)Nc3ccnn3C)cc2F)c(=O)n1C;70.0
ID_773;Cc1cc(NC(=O)c2c(O)nn3ccccc23)c(C(C)C)cc1Oc1ccncc1;70.0
ID_774;C[C@H](Oc1cc(-n2nc3n(c2=O)CCOC3)c(F)cc1C(=O)Nc1c(F)cccc1F)C(F)(F)F;70.0
ID_775;CCC[C@H](C)Oc1cc(-n2nc(CC)n(C)c2=O)c(F)cc1C(=O)Nc1ccc(C)cc1;70.0
ID_776;CCc1nn(-c2cc(O[C@@H](C)c3ccccc3)c(C(=O)Nc3ccccc3C(F)F)cc2F)c(=O)n1C;70.0
ID_777;O=C(O)C1=C(C(=O)Nc2ccc(-c3ccc(Br)cc3)c(Cl)c2)CCC1;70.0
ID_778;CCn1c(CO)nn(-c2cc3c(C(C)C)cn(-c4nnccc4C)c(=O)c3cc2F)c1=O;70.7
ID_779;CCC[C@H](C)Oc1cc(-n2nc(CC)n(C)c2=O)c(F)cc1C(=O)Nc1ccc(C(F)(F)F)cc1;71.6
ID_780;O=C(Nc1c(F)c(F)c(-c2ccc(C(F)(F)F)cc2)c(F)c1F)c1c(O)nn2ccccc12;71.8
ID_781;CCNC(=O)Nc1ccc(S(=O)(=O)Oc2ccccc2CC)cc1;72.0
ID_782;CCC(=O)C(C#N)C(=O)Nc1ccc(-c2ccccc2)c(C(=O)OC)c1;73.0
ID_783;Cc1c(-c2ccc(-c3ccccc3F)cc2)nc2ccc(F)cc2c1C(=O)C(F)(F)F;74.0
ID_784;C=C1CC[C@H](O)C(C)(C)[C@@H]1CC/C(C)=C/Cc1c(O)c(Cl)c(C)c(C=O)c1O;74.0
ID_785;Cc1ccc(-c2ccc(-c3nc4ccc(Cl)cc4c(C(=O)O)c3C)cc2)c(Cl)n1;74.0
ID_786;Cc1c(-c2ccc(-c3ccccc3)cc2)nc2ccccc2c1C(=O)O;75.0
ID_787;CCC[C@H](C)Oc1cc(-n2nc3n(c2=O)CCOC3)c(F)cc1C(=O)Nc1cnc(OC)cc1C;75.0
ID_788;Cc1ccc(F)cc1NC(=O)c1cc(F)c(-n2nc3n(c2=O)CCOC3)cc1O[C@@H](C)C(F)(F)F;75.0
ID_789;Cc1ccncc1NC(=O)c1cc(F)c(-n2nc3n(c2=O)CCCC3)cc1O[C@@H](C)C(F)(F)F;75.0
ID_790;Cc1nccnc1NC(=O)c1cc(F)c(-n2nc3n(c2=O)CCCC3)cc1O[C@@H](C)C1CCCCC1;75.0
ID_791;CCn1c(CO)nn(-c2ccc3c(=O)n(-c4cccc(F)c4)cc(C(C)C)c3c2)c1=O;75.9
ID_792;CC(C)c1ccc(-c2c(F)cc(-n3nnc4c3C(=O)c3ccccc3C4=O)cc2F)cc1;76.0
ID_793;CCC(=O)C(C#N)C(=O)Nc1ccc(-c2ccc3c(c2)OCO3)c(C(=O)OC)c1;76.0
ID_794;Cc1ccc(Nc2ccc(-c3c(F)ccc(F)c3F)nc2)c(C(=O)O)c1;77.0
ID_795;Cc1cc(C(=O)O)c2c(c1)nc(-c1c(F)c(F)c(-c3ccc(O)cc3)c(F)c1F)n2CCO;78.0
ID_796;COC(=O)c1ccc2cc(CCc3c(C(=O)O)[nH]c(=O)[nH]c3=O)ccc2c1;78.0
ID_797;CCOc1cccc(-c2cc(C)c(Nc3ccc(C)cc3C(=O)O)cn2)c1;78.0
ID_798;Cc1cc(C(=O)O)c2nc(-c3c(F)c(F)c(-c4ccc(CN5CCCCC5)cc4)c(F)c3F)[nH]c2c1;78.0
ID_799;Cc1c(-c2ccc(-c3cccnc3F)cc2)nc2ccc(F)cc2c1C(=O)O;79.0
ID_800;CCC[C@H](C)Oc1cc(-n2nc(CC)n(C)c2=O)c(F)cc1C(=O)NC(C)C1CCCCC1;80.0
ID_801;COc1ncnc(OC)c1NC(=O)c1cc(F)c(-n2nc3n(c2=O)CCCC3)cc1O[C@@H](C)C1CCCCC1;80.0
ID_802;COc1nccc(C)c1NC(=O)c1cc(F)c(-n2nc(CO)n(C)c2=O)cc1O[C@@H](C)C(F)(F)F;80.0
ID_803;COc1nccc(C)c1NC(=O)c1cc(F)c(-n2nc3n(c2=O)CCCC3)cc1O[C@@H](C)CN(C)C;80.0
ID_804;CC(C)(C)c1ccc(-c2ccc(NC(=O)C3=C(C(=O)O)CCC3)cc2Cl)cc1;80.0
ID_805;CCn1c(CO)nn(-c2cc3c(C(C)C)cn(-c4cccnc4C)c(=O)c3cc2F)c1=O;80.4
ID_806;CCc1nn(-c2cc(OC(C)c3ccccc3)c(C(=O)NC(CC)CC)cc2F)c(=O)n1C;80.5
ID_807;CCn1c(CO)nn(-c2ccc3c(=O)n(-c4cccc(F)c4)nc(C(C)C)c3c2)c1=O;80.7
ID_808;Cc1sc(N/N=C/c2ccccc2C(=O)O)nc1-c1ccccc1;81.1
ID_809;O=C(O)c1[nH]c(=O)[nH]c(=O)c1CCc1ccc(OC(F)(F)F)cc1;82.0
ID_810;C=C(C)c1nn(-c2c(F)cccc2Cl)c(=O)c2cc(OC)c(-n3nc(CO)n(CC)c3=O)cc12;82.6
ID_811;CCc1nn(-c2cccc(F)c2)c(=O)c2ccc(-n3nc(CO)n(CC)c3=O)cc12;83.5
ID_812;Cc1cc(C(F)(F)F)ccc1NC(=O)c1cc(F)c(-n2nc3n(c2=O)CCCC3)cc1O[C@@H](C)C(F)(F)F;85.0
ID_813;CCC[C@H](C)Oc1cc(-n2nc(CC)n(C)c2=O)c(F)cc1C(=O)Nc1ccc(OC)cc1;85.7
ID_814;CN(/N=C/c1ccc(C(F)(F)F)cc1C(=O)O)c1nc(-c2ccccc2Cl)cs1;86.8
ID_815;O=C(N[C@@H]1CCCc2c1cnn2-c1ccccc1F)c1nc2ccccc2o1;88.0
ID_816;COc1cccc(-c2cc(F)c(Nc3ncccc3C(=O)O)cc2F)c1;88.0
ID_817;C[C@H](Oc1cc(-n2nc3n(c2=O)CCCC3)c(F)cc1C(=O)NC1CCOCC1)C1CCCCC1;90.0
ID_818;C[C@H](Oc1cc(-n2nc(C(F)(F)F)n(C)c2=O)c(F)cc1C(=O)Nc1c(F)cccc1F)C(F)(F)F;90.0
ID_819;CCC[C@H](C)Oc1cc(-n2nc3n(c2=O)CCCC3)c(F)cc1C(=O)NC1CCN(c2cnccn2)CC1;90.0
ID_820;CC(C)c1nn(-c2cc(O[C@@H](C)C(F)(F)F)c(C(=O)Nc3ccccc3F)cc2F)c(=O)n1C;90.0
ID_821;O=C(O)c1cccnc1Nc1c(F)cc(-c2cccc(OC3CCC3)c2)cc1F;90.0
ID_822;Cc1nccc(Cl)c1NC(=O)c1cc(F)c(-n2nc3n(c2=O)CCCOC3)cc1O[C@@H](C)C(F)(F)F;90.0
ID_823;Cc1ccnc(C)c1NC(=O)c1cc(F)c(-n2nc3n(c2=O)CCCC3)cc1O[C@@H](C)C(F)(F)F;90.0
ID_824;Cc1ccc(Nc2ccc(-c3ccncc3F)nc2)c(C(=O)O)c1;90.0
ID_825;C[C@H](Oc1cc(-n2nc3n(c2=O)CCCC3)c(F)cc1C(=O)Nc1cccc(C(F)(F)F)c1CO)C1CCCCC1;90.0
ID_826;COc1ccc(-c2cc(F)c(NC(=O)C3=C(C(=O)O)CCC3)c(F)c2)c(OC)c1;90.0
ID_827;O=C(Nc1c(F)c(F)c(N2CCOCC2)c(F)c1F)c1c(O)nn2ccccc12;90.9
ID_828;Cc1ccc(Nc2ccc(-c3ccccc3F)nc2)c(C(=O)O)c1;91.0
ID_829;CCC[C@H](C)Oc1cc(-n2nc3n(c2=O)CCCC3)c(F)cc1C(=O)Nc1c(C)cccc1F;92.5
ID_830;CCc1nn(-c2cc(OC(C)C3CCCC3)c(C(=O)NC(CC)CC)cc2F)c(=O)n1C;92.9
ID_831;Cc1ncsc1-c1ccc(CNC(=O)[C@@H]2C[C@@H](O)CN2C(=O)[C@@H](NC(=O)OCCOCCOCCOc2ccc(-c3ccc(-c4nc5ccc(F)cc5c(C(=O)O)c4C)cc3)c(F)c2)C(C)(C)C)cc1;93.0
ID_832;CCC(=O)C(C#N)C(=O)Nc1ccc(OS(=O)(=O)C(F)(F)F)c(C(=O)OC)c1;93.0
ID_833;CC(C)N(/N=C/c1ccccc1C(=O)O)c1nc(-c2ccccc2Cl)cs1;93.1
ID_834;O=C(O)c1cc(-c2ccc(Oc3ccccc3)cc2)nc2ccc(Cl)cc12;95.0
ID_835;Cc1cccc(F)c1NC(=O)c1cc(F)c(-n2nc3n(c2=O)CCOC3)cc1OC(C)CN1CCCC1;95.0
ID_836;O=C(NC1CCCc2c1cnn2-c1ccccc1)c1onc2c1CCCC2;95.0
ID_837;Cc1ccccc1-n1ncc2c1CCC[C@H]2NC(=O)c1ncccc1C;96.0
ID_838;C[C@H](Oc1cc(-n2nc3n(c2=O)CCCC3)c(F)cc1C(=O)Nc1cc(F)ccc1Cl)C(F)(F)F;96.0
ID_839;CCC(=O)C(C#N)C(=O)Nc1ccc(-c2ccc(F)c(F)c2)c(C(=O)OC)c1;97.0
ID_840;COc1ccc(F)c(-c2cc(C)c(Nc3ccc(C)cc3C(=O)O)cn2)c1;97.0
ID_841;Cc1ccc(Nc2ccc(-c3cccc(C(F)(F)F)c3)nc2)c(C(=O)O)c1;98.0
ID_842;O=C1c2cc(F)ccc2C(=O)c2c1nnn2-c1cc(F)c(-c2ccccc2F)c(F)c1;98.0
ID_843;COc1cccc(-c2cc(F)c(Nc3ncccc3C(=O)O)cc2C)c1;99.0
ID_844;Cc1ccccc1-n1cc(C(C)C)c2cc(-c3cn(C)c([C@@H](C)O)n3)c(F)cc2c1=O;0.51
ID_845;CCn1c(CO)nn(-c2cc3c(C(C)C(F)(F)F)cn(-c4ccccc4C)c(=O)c3cc2F)c1=O;0.52
ID_846;CCn1c(CO)nn(-c2cc3c(C(C)C)cn(-c4ccccc4C(F)F)c(=O)c3cc2F)c1=O;0.528
ID_847;CCn1cc(-c2cc(OC(C)C(F)(F)F)c(C(=O)Nc3c(F)cccc3Cl)cc2F)nc1CO;0.533
ID_848;Cc1ccnc(Cl)c1NC(=O)c1cc(F)c(-c2cn(C)c(CO)n2)cc1O[C@@H](C)C(F)(F)F;0.545
ID_849;Cc1ccccc1NC(=O)c1cc(F)c(-c2ccc(Cl)c(C(C)O)n2)cc1O[C@@H](C)C(F)(F)F;0.554
ID_850;C=C(C)c1cn(-c2c(C)cccc2F)c(=O)c2cc(F)c(-n3nc(CO)n(CC)c3=O)cc12;0.562
ID_851;Cc1ccccc1-n1cc(C(C)C)c2cc(-c3nc(C(C)(C)O)n(C)n3)c(F)cc2c1=O;0.57
ID_852;Cc1n[nH]c(Cl)c1NC(=O)c1cc(F)c(-c2ccc(F)c(C(O)C(F)(F)F)n2)cc1OC(C)C(F)(F)F;0.577
ID_853;CCn1c(CO)nn(-c2cc3c(C(C)C)cn(-c4cc(C)ccc4C)c(=O)c3cc2F)c1=O;0.58
ID_854;CCn1nc(-c2cc(O[C@@H](C)C(F)(F)F)c(C(=O)Nc3c(F)cccc3Cl)cc2F)cc1CO;0.589
ID_855;CCn1c(CO)nn(-c2nc(OC(C)C(F)(F)F)c3c(Oc4c(F)cccc4Cl)nccc3c2F)c1=O;0.59
ID_856;C[C@H](Oc1cc(-c2ccc(Cl)c(C(=O)O)n2)c(F)cc1C(=O)Nc1c(F)cccc1Cl)C(F)(F)F;0.591
ID_857;COc1ncc(C)c(NC(=O)c2cc(F)c(-c3nc(C(C)(C)O)n(C)n3)cc2OC(C)C(F)(F)F)c1Cl;0.603
ID_858;CCn1c(CO)nn(-c2cc3c(C(C)C)cn(-c4cc(F)ccc4C)c(=O)c3cc2F)c1=O;0.605
ID_859;CCn1c(CO)nn(-c2cc3c(cc2F)C(C)(O)C(c2ccccc2C)CN3C(C)C)c1=O;0.607
ID_860;Cc1n[nH]c(C(F)(F)F)c1NC(=O)c1cc(F)c(-c2nc(C(C)(C)O)n(C)n2)cc1O[C@@H](C)C(F)(F)F;0.61
ID_861;Cc1n[nH]c(Cl)c1NC(=O)c1cc(F)c(-c2cn(C)c(C3(O)COC3)n2)cc1O[C@@H](C)C(F)(F)F;0.612
ID_862;Cc1ccccc1NC(=O)c1cc(F)c(-c2cn(C)c(CO)n2)cc1O[C@@H](C)C(F)(F)F;0.616
ID_863;Cc1n[nH]c(Cl)c1NC(=O)c1cc(F)c(-c2cc(CO)n(C)n2)cc1O[C@@H](C)C(F)(F)F;0.616
ID_864;CCn1c(CO)nn(-c2cc3c(C(C)C)cn(-c4c(C)cnc(OC)c4Cl)c(=O)c3cc2F)c1=O;0.617
ID_865;Cc1[nH]nc(Cl)c1NC(=O)c1cc(F)c(-c2cnc(C3CC3)cn2)cc1O[C@@H](C)C(F)(F)F;0.62
ID_866;CCn1c(CO)nn(-c2nc3c(C(C)C)cn(-c4ccccc4C)c(=O)c3cc2F)c1=O;0.623
ID_867;COc1ccc(-c2cc(O[C@@H](C)C(F)(F)F)c(C(=O)N/C(C(C)=N)=C(/N)Cl)cc2F)nc1C(C)O;0.631
ID_868;C=C(C)c1cn(-c2ccccc2C)c(=O)c2ccc(-n3nc(CO)n(CC)c3=O)cc12;0.634
ID_869;CC(O)c1nc(-c2cc(O[C@@H](C)C(F)(F)F)c(C(=O)Nc3c(F)cccc3Cl)cc2F)nn1C;0.637
ID_870;COc1ncc(C)c(NC(=O)c2cc(F)c(-c3cnc(C)c(CO)n3)cc2O[C@@H](C)C(F)(F)F)c1C;0.662
ID_871;C[C@H](Oc1cc(-c2cn(C)c(C(C)(C)O)n2)c(F)cc1C(=O)Nc1ccccc1Cl)C(F)(F)F;0.664
ID_872;C[C@H](Oc1cc(-c2ccc(Cl)cn2)c(F)cc1C(=O)Nc1c(F)cccc1Cl)C(F)(F)F;0.665
ID_873;CCn1c(CO)nn(-c2cc3c(C(C)C)cn(-c4ccccc4C(F)(F)F)c(=O)c3cc2F)c1=O;0.669
ID_874;Cc1n[nH]c(C(F)(F)F)c1NC(=O)c1cc(F)c(-c2ccc(F)c(O)n2)cc1O[C@@H](C)C(F)(F)F;0.694
ID_875;CC(=O)Nc1nc(-c2cc(O[C@@H](C)C(F)(F)F)c(C(=O)Nc3c(C)n[nH]c3Cl)cc2F)ccc1C;0.699
ID_876;Cc1n[nH]c(Cl)c1-n1cc(C(C)C)c2cc(-c3nc(C(C)(C)O)n(C)n3)c(F)cc2c1=O;0.71
ID_877;C[C@H](Oc1cc(-c2ccc(Cl)c(O)n2)c(F)cc1C(=O)Nc1c(F)cccc1Cl)C(F)(F)F;0.72
ID_878;C=C(C)c1cn(-c2ccccc2Cl)c(=O)c2ccc(-n3nc(CO)n(CC)c3=O)cc12;0.724
ID_879;Cc1ccccc1-n1cc(C(C)C)c2cc(-c3cn(C)c([C@H](C)O)n3)c(F)cc2c1=O;0.73
ID_880;Cc1n[nH]c(Cl)c1NC(=O)c1cc(F)c(-c2ccc(F)c(O)n2)cc1OC(C)C(F)(F)F;0.735
ID_881;C=C(C)c1cn(-c2ccccc2C)c(=O)c2cc(F)c(-n3nc(CO)n(CC)c3=O)cc12;0.746
ID_882;Cc1ccccc1NC(=O)c1cc(F)c(-c2nc(C(C)O)n(C)n2)cc1O[C@@H](C)C(F)(F)F;0.752
ID_883;Cc1n[nH]c(C(F)(F)F)c1NC(=O)c1cc(F)c(-c2cn(C)c(C(N)=O)n2)cc1O[C@@H](C)C(F)(F)F;0.753
ID_884;CCn1c(CO)nn(-c2cc3c(C(C)C)cn(-c4c(C)n[nH]c4Cl)c(=O)c3cc2F)c1=O;0.764
ID_885;Cc1n[nH]c(Cl)c1NC(=O)c1cc(F)c(-c2nc(N)ccc2F)cc1O[C@@H](C)C(F)(F)F;0.765
ID_886;CCn1c(CO)nn(-c2cc3c(C(C)C)cn(-c4ccccc4OC)c(=O)c3cc2F)c1=O;0.772
ID_887;CCc1sc(-c2cc(O[C@@H](C)C(F)(F)F)c(C(=O)Nc3c(C)ccnc3Cl)cc2F)nc1CO;0.775
ID_888;CCn1c(CO)nn(-c2cc3c(C(C)C)nn(-c4ccccc4C)c(=O)c3cc2F)c1=O;0.778
ID_889;CC(Oc1cc(-c2nc(C(C)(C)O)n(C)n2)c(F)cc1C(=O)Nc1ccccc1C(F)F)C(F)(F)F;0.779
ID_890;CCc1cnc(-n2nc(OC(C)C)c(Oc3c(F)cccc3F)c2C)nc1;0.794328
ID_891;CC(=O)COc1cccc(-c2c(F)c(F)c(NC(=O)c3c(O)nn4ccccc34)c(F)c2F)c1;0.82
ID_892;C=C(C)c1cn(-c2c(C)cnc(OC)c2Cl)c(=O)c2cc(F)c(-n3nc(CO)n(CC)c3=O)cc12;0.836
ID_893;C=C(C)c1cn(-c2c(Cl)cccc2Cl)c(=O)c2ccc(-n3nc(CO)n(CC)c3=O)cc12;0.839
ID_894;CCn1c(CO)nn(-c2nc3c(C(C)C)cn(-c4ccccc4OC)c(=O)c3cc2F)c1=O;0.885
ID_895;C[C@H](Oc1cc(-c2cc(CO)n(C3CC3)n2)c(F)cc1C(=O)Nc1c(F)cccc1Cl)C(F)(F)F;0.895
ID_896;Cc1ccccc1NC(=O)c1cc(F)c(-c2nc([C@H](C)O)n(C)n2)cc1O[C@@H](C)C(F)(F)F;0.9
ID_897;Cc1n[nH]c(Cl)c1NC(=O)c1cc(F)c(-c2cc(C(C)(C)O)n(C)n2)cc1OC(C)C(F)(F)F;0.906
ID_898;CCC(C)c1cn(-c2c(F)cccc2Cl)c(=O)c2cc(F)c(-n3nc(CO)n(CC)c3=O)cc12;0.907
ID_899;C=C(C)c1cn(-c2cc(C)ccc2Cl)c(=O)c2cc(F)c(-n3nc(CO)n(CC)c3=O)cc12;0.917
ID_900;CC(Oc1cc(-c2nc(C(C)(C)O)n(C)n2)c(F)cc1C(=O)Nc1ccccc1Cl)C(F)(F)F;0.942
ID_901;Cc1ccc(-c2cc(OC(C)C(F)(F)F)c(C(=O)Nc3c(F)cccc3Cl)cc2F)nn1;0.943
ID_902;C=C(C)c1cn(-c2cc(F)ccc2F)c(=O)c2cc(F)c(-n3nc(CO)n(CC)c3=O)cc12;0.946
ID_903;COc1cc(N)nc(-c2cc(O[C@@H](C)C(F)(F)F)c(C(=O)Nc3c(C)n[nH]c3Cl)cc2F)c1;0.955
ID_904;CCn1c(CO)nn(-c2ccc3c(=O)n(-c4c(Cl)cccc4Cl)cc(C4(C)CC4)c3c2)c1=O;0.965
ID_905;O=C(O)c1[nH]c(=O)[nH]c(=O)c1CCc1ccc(-c2ccccc2)cc1;0.97
ID_906;Cc1ccnc(Cl)c1NC(=O)c1cc(F)c(-c2nc(C(C)(C)O)n(C)n2)cc1OC(C)C(F)(F)F;0.971
ID_907;C[C@H](Oc1cc(-c2ccc(Cl)c(CO)n2)c(F)cc1C(=O)Nc1c[nH]nc1C1CC1)C(F)(F)F;0.998
ID_908;COc1ccccc1-c1c(F)c(F)c(NC(=O)c2ccsc2C(=O)O)c(F)c1F;1.0
ID_909;CCCn1c(C(=O)O)nn(-c2cc(O[C@@H](C)C(F)(F)F)c(C(=O)Nc3c(F)cccc3Cl)cc2F)c1=O;1.0
ID_910;O=C(Nc1ccc(Oc2ccccc2)cc1)c1c(O)nn2ccccc12;1.0
ID_911;Cc1cc(Oc2ccccc2)c(C(C)C)cc1-c1cc(C(=O)O)c2cc(F)ccc2n1;1.0
ID_912;CCC[C@H](C)Oc1cc(-n2nc3n(c2=O)CCCC3)c(F)cc1C(=O)Nc1c(F)cccc1Cl;1.0
ID_913;C[C@H](Oc1nc(-c2nc(C(C)(C)O)n(C)n2)c(F)cc1C(=O)Nc1c(F)cccc1Cl)C(F)(F)F;1.0
ID_914;C=C(C)c1cn(-c2ccccc2C)c(=O)c2cc(F)c(-n3nc(CO)n(CC)c3=O)nc12;1.01
ID_915;C[C@H](Oc1cc(-c2nc(CO)n(C)n2)c(F)cc1C(=O)Nc1c(F)cccc1Cl)C(F)(F)F;1.01
ID_916;C[C@H](Oc1cc(-c2ccc(Cl)c(C(N)=O)n2)c(F)cc1C(=O)Nc1c(F)cccc1Cl)C(F)(F)F;1.08
ID_917;CCn1c(CO)nn(-c2cc3c(C(C)C)cn(-c4nc(OC)ccc4Cl)c(=O)c3cc2F)c1=O;1.09
ID_918;Cc1ccccc1-n1cc(C(C)C)c2cc(-c3nc(C(C)O)n(C)n3)c(F)cc2c1=O;1.1
ID_919;CCn1c(CO)nn(-c2nc3c(C(C)C)cn(-c4ccccc4C(F)F)c(=O)c3cc2F)c1=O;1.13
ID_920;C=C(C)c1cn(-c2c(F)cccc2Cl)c(=O)c2cc(F)c(-n3nc(CO)n(CC)c3=O)nc12;1.15
ID_921;CCn1c(CO)nn(-c2cc3c([C@@H](C)C(F)(F)F)nn(-c4ccccc4C)c(=O)c3cc2F)c1=O;1.15
ID_922;C[C@H](Oc1cc(-c2nc(CO)c(C3CC3)s2)c(F)cc1C(=O)Nc1c(F)cccc1Cl)C(F)(F)F;1.18
ID_923;Cc1n[nH]c(Cl)c1NC(=O)c1cc(F)c(-c2ncc(F)c(=O)[nH]2)cc1O[C@@H](C)C(F)(F)F;1.19
ID_924;CCn1c(CO)nn(-c2cc3c([C@H](C)C(F)(F)F)cn(-c4ccccc4C)c(=O)c3cc2F)c1=O;1.19
ID_925;C=C(C)c1cn(-c2cccc(F)c2C)c(=O)c2cc(F)c(-n3nc(CO)n(CC)c3=O)cc12;1.19
ID_926;O=C(Nc1c(F)c(F)c(-c2ccccc2)c(F)c1F)c1c(O)nn2ccccc12;1.2
ID_927;Cc1ccccc1-n1cc(C(C)C)c2cc(-c3cn(C)c(CO)n3)c(F)cc2c1=O;1.2
ID_928;CCC[C@H](C)Oc1cc(-n2nc3ccccn3c2=O)c(F)cc1C(=O)Nc1cccc(C(F)(F)F)c1;1.2
ID_929;CCn1c(CO)nn(-c2cc3c(C(C)C(F)(F)F)nn(-c4ccccc4C)c(=O)c3cc2F)c1=O;1.2
ID_930;Cc1ccccc1-n1ncc2c1CCC[C@H]2NC(=O)c1noc2c1CCCC2;1.2
ID_931;O=C1c2ccccc2C(=O)c2c1nnn2-c1cc(F)c(-c2cc(CO)ccc2F)c(F)c1;1.2
ID_932;O=C1c2ccccc2C(=O)c2c1nnn2-c1cc(F)c(-c2cccc(CO)c2)c(F)c1;1.2
ID_933;COc1cc(-n2cc(C(C)C)c3cc(-c4cn(C)c(C(C)(C)O)n4)c(F)cc3c2=O)c(C)cn1;1.2
ID_934;COc1cc(-n2cc(C(C)C)c3cc(-c4nc(C(C)(C)O)n(C)n4)c(F)cc3c2=O)c(C)cn1;1.2
ID_935;C=C(C)c1cn(-c2cc(OC)ccc2Cl)c(=O)c2cc(F)c(-n3nc(CO)n(CC)c3=O)cc12;1.21
ID_936;CCc1ccccc1-n1cc(C(C)C)c2cc(-n3nc(CO)n(CC)c3=O)c(F)cc2c1=O;1.21
ID_937;C[C@H](Oc1cc(-c2ccc3c(n2)NC(=O)CO3)c(F)cc1C(=O)Nc1c(F)cccc1Cl)C(F)(F)F;1.23
ID_938;C=C(C)c1cn(-c2c(F)cccc2Cl)c(=O)c2ccc(-n3nc(CO)n(CC)c3=O)cc12;1.29
ID_939;CCn1c(CO)nn(-c2cc3c(C(C)C)cn([C@H]4CCC[C@H]4C)c(=O)c3cc2F)c1=O;1.32
ID_940;CCn1c(CO)nn(-c2cc3c(C(C)C)cc(-c4ccccc4C)c(=O)n3cc2F)c1=O;1.33
ID_941;O=C(Nc1c(F)c(F)c(-c2cccs2)c(F)c1F)c1c(O)nn2ccccc12;1.35
ID_942;CCn1c(CO)nn(-c2cc3c(C(C)C)cn([C@H]4CCC[C@@H]4C)c(=O)c3cc2F)c1=O;1.36
ID_943;Cc1c(-c2ccc(-c3ccccc3F)cc2)nc2ccc(F)cc2c1C(=O)NO;1.4
ID_944;Cc1ccc(Cl)c(-n2cc(C(C)C)c3cc(-c4cn(C)c(C(C)(C)O)n4)c(F)cc3c2=O)n1;1.4
ID_945;C=C(C)c1cn(-c2ccccc2Cl)c(=O)c2cc(F)c(-n3nc(CO)n(CC)c3=O)cc12;1.41
ID_946;CCc1oc(-c2cc(O[C@@H](C)C(F)(F)F)c(C(=O)Nc3c(F)cccc3Cl)cc2F)nc1CO;1.42
ID_947;C[C@H](Oc1cc(-c2cn(C)c(C(N)=O)n2)c(F)cc1C(=O)Nc1c(F)cccc1Cl)C(F)(F)F;1.43
ID_948;CC(=N)/C(NC(=O)c1cc(F)c(-c2cc(Cl)cc(N)n2)cc1O[C@@H](C)C(F)(F)F)=C(\N)Cl;1.46
ID_949;CC(F)(F)COc1cccc(-c2c(F)c(F)c(NC(=O)c3c(O)nn4ccccc34)c(F)c2F)c1;1.48
ID_950;CCn1c(C(=O)O)nn(-c2cc(O[C@@H](C)C(F)(F)F)c(C(=O)Nc3c(F)cccc3Cl)cc2F)c1=O;1.5
ID_951;C=C(C)c1cn(-c2ccc(F)cc2C)c(=O)c2cc(F)c(-n3nc(CO)n(CC)c3=O)cc12;1.5
ID_952;CCn1c(C(=O)O)nn(-c2cc(O[C@@H](C)C(F)(F)F)c(C(=O)Nc3c(Cl)cccc3Cl)cc2F)c1=O;1.5
ID_953;CCC[C@H](C)Oc1cc(-n2nc3n(c2=O)CCCC3)c(F)cc1C(=O)Nc1ccccc1NC;1.5
ID_954;O=C(Nc1c(F)c(F)c(-c2cccc(OC(F)(F)F)c2)c(F)c1F)c1ccsc1C(=O)O;1.5
ID_955;COc1ncc(C)c(NC(=O)c2cc(F)c(-c3cn(C)c(CO)n3)cc2O[C@@H](C)C(F)(F)F)c1C;1.52
ID_956;C[C@H](Oc1cc(-c2cn(C3CC3)c(CO)n2)c(F)cc1C(=O)Nc1c(F)cccc1Cl)C(F)(F)F;1.56
ID_957;COCc1cccc(-c2c(F)cc(-n3nnc4c3C(=O)c3ccccc3C4=O)cc2F)c1;1.6
ID_958;CCc1c(CO)nc(-c2cc(O[C@@H](C)C(F)(F)F)c(C(=O)Nc3c(F)cccc3Cl)cc2F)n1C;1.6
ID_959;Cc1ccccc1-n1cc(C(C)C)c2cc(-c3nc([C@@H](C)O)n(C)n3)c(F)cc2c1=O;1.6
ID_960;Cc1[nH]nc(Cl)c1NC(=O)c1cc(F)c(-c2cn3c(n2)[C@@H](O)CC3)cc1O[C@@H](C)C(F)(F)F;1.62
ID_961;C=C(C)c1cn(-c2cccc(OCCO)c2Cl)c(=O)c2cc(F)c(-n3nc(CO)n(CC)c3=O)cc12;1.65
ID_962;CCn1c(CO)nn(-c2ccc3c(=O)n(-c4c(F)cccc4Cl)cc(C4(C)CC4)c3c2)c1=O;1.65
ID_963;CCn1c(CO)nn(-c2cc3c(C(C)C)cn([C@@H]4CCCC[C@H]4C)c(=O)c3cc2F)c1=O;1.68
ID_964;C=C(C)c1cn(-c2cc(C)ccc2F)c(=O)c2cc(F)c(-n3nc(CO)n(CC)c3=O)cc12;1.69
ID_965;CC(=O)c1nc(-c2cc3c(C(C)C)cn(-c4ccccc4C)c(=O)c3cc2F)nn1C;1.7
ID_966;CCC[C@H](C)Oc1cc(-n2nc3n(c2=O)CCCC3)c(F)cc1C(=O)Nc1ccc(N)cc1C;1.7
ID_967;C[C@H](Oc1cc(-c2cnc(C3CC3)cn2)c(F)cc1C(=O)Nc1c(F)cccc1Cl)C(F)(F)F;1.75
ID_968;C[C@H](Oc1cc(-c2ccc3c(n2)CNCC3)c(F)cc1C(=O)Nc1c(F)cccc1Cl)C(F)(F)F;1.79
ID_969;CN(/N=C/c1ccc(F)cc1C(=O)O)c1nc(-c2ccccc2Cl)cs1;1.8
ID_970;CCn1c(CO)nn(-c2cc3c(C(C)C)cn(-c4ccccc4F)c(=O)c3cc2F)c1=O;1.86
ID_971;CCn1c(CO)nn(-c2nc3c([C@H](C)C(F)(F)F)cn(-c4ccccc4C)c(=O)c3cc2F)c1=O;1.88
ID_972;COc1ncc(-c2cc(O[C@@H](C)C(F)(F)F)c(C(=O)N/C(C(C)=N)=C(/N)Cl)cc2F)nc1C(C)O;1.94
ID_973;C=C(c1cn(-c2c(F)cccc2Cl)c(=O)c2ccc(-n3nc(CO)n(CC)c3=O)cc12)C(F)(F)F;1.94
ID_974;C[C@H](Oc1cc(-c2cc(CO)n(C)n2)c(F)cc1C(=O)Nc1c(F)cccc1Cl)C(F)(F)F;1.97
ID_975;CCn1c(CO)nn(-c2nc3c(C(C)C)nn(-c4ccccc4C)c(=O)c3cc2F)c1=O;1.97
ID_976;C=CCn1c(C(=O)O)nn(-c2cc(O[C@@H](C)C(F)(F)F)c(C(=O)Nc3c(F)cccc3Cl)cc2F)c1=O;2.0
ID_977;Cc1n[nH]c(Cl)c1NC(=O)c1cc(F)c(-c2nc(C(C)(C)O)c(Cl)s2)cc1OC(C)C(F)(F)F;2.0
ID_978;O=C(O)c1cc(C2CC2)ccc1Nc1cnc(-c2ccccc2)c(C(F)(F)F)c1;2.0
ID_979;O=C(Nc1c(F)cc(-c2cccc(OC(F)(F)F)c2)cc1F)c1ccsc1C(=O)O;2.0
ID_980;O=C(Nc1c(F)c(F)c(-c2cccc(F)c2)c(F)c1F)c1c(O)nn2ccccc12;2.0
ID_981;CCc1cccc(Cl)c1NC(=O)c1cc(F)c(-n2nc3n(c2=O)CCCC3)cc1O[C@@H](C)C(F)(F)F;2.0
ID_982;Cc1ccnc(Cl)c1-n1cc(C(C)C)c2cc(-c3cn(C)c(C(C)(C)O)n3)c(F)cc2c1=O;2.0
ID_983;C[C@H](Oc1cc(-c2ccc3c(n2)NCC3)c(F)cc1C(=O)Nc1c(F)cccc1Cl)C(F)(F)F;2.0
ID_984;Cc1cc(N)cnc1NC(=O)c1cc(F)c(-n2nc3n(c2=O)CCCC3)cc1O[C@@H](C)C1CCCCC1;2.0
ID_985;C=C(C)c1cn(-c2c(C)cnc(OC)c2C)c(=O)c2cc(F)c(-n3nc(CO)n(CC)c3=O)cc12;2.02
ID_986;Cc1ccccc1NC(=O)c1cc(F)c(-c2nc([C@@H](C)O)n(C)n2)cc1O[C@@H](C)C(F)(F)F;2.05
ID_987;CCn1nc(-c2cc(OC(C)C(F)(F)F)c(C(=O)Nc3c(F)cccc3Cl)cc2F)nc1CO;2.06
ID_988;CCn1c(CO)nn(-c2cc3c(C(C)C)cn(C4CCCCC4)c(=O)c3cc2F)c1=O;2.07
ID_989;C[C@H](Oc1cc(-c2nc(CO)n(C3CC3)n2)c(F)cc1C(=O)Nc1c(F)cccc1Cl)C(F)(F)F;2.08
ID_990;Cc1n[nH]c(Cl)c1NC(=O)c1cc(F)c(-c2ccc(C#N)c(N)n2)cc1O[C@@H](C)C(F)(F)F;2.09
ID_991;CCn1c(CO)nn(-c2cc3c(C(C)C)cn(-c4cc(OC)ncc4C)c(=O)c3cc2F)c1=O;2.1
ID_992;Cc1n[nH]c(Cl)c1-c1cc(C(C)C)c2cc(-c3nc(C(C)(C)O)n(C)n3)c(F)cn2c1=O;2.1
ID_993;Cc1ccccc1-c1cc(C(C)C)c2cc(-c3cn(C)c(C(C)(C)O)n3)c(F)cn2c1=O;2.11
ID_994;CCn1c(CO)nn(-c2cc3c(C(C)C)cn(-c4cc(F)ccc4F)c(=O)c3cc2F)c1=O;2.2
ID_995;C=C(C)c1cn(-c2cc(OC)ccc2F)c(=O)c2cc(F)c(-n3nc(CO)n(CC)c3=O)cc12;2.22
ID_996;C=C(C)c1cn(-c2c(C)ccnc2OC)c(=O)c2cc(F)c(-n3nc(CO)n(CC)c3=O)cc12;2.23
ID_997;CCn1c(CO)nn(-c2cc3c(cc2F)[C@H](O)[C@H](c2ccccc2C)CN3C(C)C)c1=O;2.24
ID_998;CCn1c(CO)nn(-c2cc3c(C(C)C)cn(-c4cccc(F)c4C)c(=O)c3cc2F)c1=O;2.24
ID_999;C=C(C)c1cn(-c2ccccc2C(F)(F)F)c(=O)c2ccc(-n3nc(CO)n(CC)c3=O)cc12;2.29
ID_1000;O=C(Nc1c(F)c(F)c(-c2cccc(OC(F)(F)F)c2)c(F)c1F)c1c(O)nn2ccccc12;2.3
ID_1001;CCn1c(CO)nn(-c2cc3c([C@H](C)C(F)(F)F)nn(-c4ccccc4C)c(=O)c3cc2F)c1=O;2.31
ID_1002;CCn1c(CO)nn(-c2cc3c(C(C)C)cn(-c4c(C)cnc(OC)c4C)c(=O)c3cc2F)c1=O;2.34
ID_1003;C[C@H](Oc1cc(-c2cc(CO)c(Cl)cn2)c(F)cc1C(=O)Nc1c(F)cccc1Cl)C(F)(F)F;2.38
ID_1004;C[C@H](Oc1cc(-c2nc(CO)c(C(F)(F)F)s2)c(F)cc1C(=O)Nc1c(F)cccc1Cl)C(F)(F)F;2.38
ID_1005;Cc1c(N)cccc1NC(=O)c1cc(F)c(-n2nc3n(c2=O)CCCC3)cc1O[C@@H](C)C1CCCCC1;2.4
ID_1006;CCn1c(CO)nn(-c2ccc3c(c2)N([C@@H](C)C(F)(F)F)CC(c2c(F)cccc2Cl)N3)c1=O;2.42
ID_1007;Cc1n[nH]c(Cl)c1NC(=O)c1cc(F)c(-c2cn3c(n2)[C@@](C)(O)CC3)cc1O[C@@H](C)C(F)(F)F;2.42
ID_1008;C=CCn1c(CO)nn(-c2cc(O[C@@H](C)C(F)(F)F)c(C(=O)Nc3c(F)cccc3Cl)cc2F)c1=O;2.5
ID_1009;Cc1ccnc(Cl)c1-n1cc(C(C)C)c2cc(-c3nc(C(C)(C)O)n(C)n3)c(F)cc2c1=O;2.5
ID_1010;CC(O)COc1cccc(-c2c(F)c(F)c(NC(=O)c3c(O)nn4ccccc34)c(F)c2F)c1;2.5
ID_1011;COc1nccc(C)c1NC(=O)c1cc(F)c(-n2nc3n(c2=O)CCCC3)cc1O[C@@H](C)C1CCCCC1;2.5
ID_1012;Cc1cccc(C(=O)O)c1NC(=O)c1cc(F)c(-n2nc3n(c2=O)CCCC3)cc1O[C@@H](C)C1CCCCC1;2.5
ID_1013;Cc1n[nH]c(C(F)(F)F)c1-c1cc(C(C)C)c2cc(-c3nc(C(C)(C)O)n(C)n3)c(F)cn2c1=O;2.51
ID_1014;Cc1ccccc1NC(=O)c1cc(F)c(-c2nc(CO)n(C)n2)cc1O[C@@H](C)C(F)(F)F;2.58
ID_1015;Cc1ccccc1-n1nc(C(C)C)c2cc(-c3cn(C)c([C@@H](C)O)n3)c(F)cc2c1=O;2.6
ID_1016;Cc1ccccc1-n1cc(C(C)C)c2cc(-c3cnc(C4CC4)cn3)c(F)cc2c1=O;2.6
ID_1017;Cc1ccccc1-n1cc(C(C)C)c2cc(-c3nc(CO)n(C)n3)c(F)cc2c1=O;2.6
ID_1018;Cc1n[nH]c(Cl)c1-c1cc(C(C)C)c2cc(-c3cn(C)c(C(C)(C)O)n3)c(F)cn2c1=O;2.69
ID_1019;O=C1c2ccccc2C(=O)c2c1nnn2-c1cc(F)c(-c2cccc(F)c2)c(F)c1;2.7
ID_1020;CCC[C@H](C)Oc1cc(-n2nc3n(c2=O)CCCC3)c(F)cc1C(=O)Nc1c(C)cccc1C(F)(F)F;2.7
ID_1021;CC(=O)C(C#N)C(=O)Nc1ccc(-c2ccccc2Cl)c(Cl)c1;22.0
ID_1022;CCn1c(CO)nn(-c2cc3c(C(C)C)cn(-c4c(C)ccnc4OC)c(=O)c3cc2F)c1=O;2.75
ID_1023;COc1cccc(-c2c(F)c(F)c(NC(=O)c3c(O)nn4ccccc34)c(F)c2F)c1;2.75
ID_1024;CCn1c(CO)nn(-c2cc3c(C(C)C)cn(-c4cc(OC)ccc4F)c(=O)c3cc2F)c1=O;2.76
ID_1025;O=C(Nc1c(F)c(F)c(-c2cccc(O)c2)c(F)c1F)c1c(O)nn2ccccc12;2.78
ID_1026;CCCn1c(CO)nn(-c2cc(O[C@@H](C)C(F)(F)F)c(C(=O)Nc3c(F)cccc3Cl)cc2F)c1=O;2.8
ID_1027;Cc1cncc(-c2cc(OC(C)C(F)(F)F)c(C(=O)Nc3c(F)cccc3Cl)cc2F)n1;2.87
ID_1028;Cc1cc(F)cc(Cl)c1NC(=O)c1cc(F)c(-n2nc3n(c2=O)CCCOC3)cc1O[C@@H](C)C(F)(F)F;2.9
ID_1029;Cc1ccnnc1NC(=O)c1cc(F)c(-n2nc3n(c2=O)CCCC3)cc1O[C@@H](C)C1CCCCC1;2.9
ID_1030;CCn1c(CO)nn(-c2cc3c(C(C)C)cn(-c4cc(C)ccc4F)c(=O)c3cc2F)c1=O;2.98
ID_1031;COc1cccc(-c2c(F)c(F)c(Nc3ncccc3C(=O)O)c(F)c2F)c1;3.0
ID_1032;CCOc1cccc(-c2cc(F)c(NC(=O)c3ccsc3C(=O)O)c(F)c2)c1;3.0
ID_1033;Cc1cc(C(=O)O)c2c(c1)nc(-c1c(F)c(F)c(-c3ccccc3)c(F)c1F)n2C;3.0
ID_1034;O=C(O)c1cc(C2CC2)ccc1Nc1cnc(-c2ccccc2Cl)nc1;3.0
ID_1035;Cc1cc(F)cc(Cl)c1NC(=O)c1cc(F)c(-n2nc3n(c2=O)CCCC3)cc1O[C@@H](C)C(F)(F)F;3.0
ID_1036;C[C@H](Oc1cc(-n2nc3n(c2=O)CCCOC3)c(F)cc1C(=O)Nc1c(Cl)cccc1Cl)C(F)(F)F;3.0
ID_1037;C[C@H](Oc1cc(-n2nc3n(c2=O)CCCOC3)c(F)cc1C(=O)Nc1c(F)cccc1Cl)C(F)(F)F;3.0
