SMILES,Name,InChI,Formula,MW,LogP,pKd,Structure,Synthesize,Chemical
Oc1nccc(n1)C(=O)c1ncc(c(n1)C)/C=C/c1ccc(c(c1)Cl)C(=O)N,12/000000179,"InChI=1S/C19H14ClN5O3/c1-10-12(4-2-11-3-5-13(17(21)27)14(20)8-11)9-23-18(24-10)16(26)15-6-7-22-19(28)25-15/h2-9H,1H3,(H2,21,27)(H,22,25,28)/b4-2+",C19H14N5O3Cl,395,1.53,5.73,6.96,4.94,-20
OC(=O)c1cc(c[nH]1)C(=O)c1ncc(c(n1)C)/C=C/c1ccc(c(c1)Cl)I,12/000000208,"InChI=1S/C19H13ClIN3O3/c1-10-12(4-2-11-3-5-15(21)14(20)6-11)8-23-18(24-10)17(25)13-7-16(19(26)27)22-9-13/h2-9,22H,1H3,(H,26,27)/b4-2+",C19H13N3O3ClI,493,3.93,5.64,6.43,3.7,-40
OCc1ccc(cc1Cl)/C=C/c1cnc(nc1)C(=O)c1n[nH]c(=O)o1,12/000000217,"InChI=1S/C16H11ClN4O4/c17-12-5-9(3-4-11(12)8-22)1-2-10-6-18-14(19-7-10)13(23)15-20-21-16(24)25-15/h1-7,22H,8H2,(H,21,24)/b2-1+",C16H11N4O4Cl,358,1.75,5.43,4.54,4.94,0
c1nc(ncc1/C=C/c1ccc(c(c1)Cl)C[NH3+])C(=O)c1n[nH]c(=O)o1,12/000000231,"InChI=1S/C16H12ClN5O3/c17-12-5-9(3-4-11(12)6-18)1-2-10-7-19-14(20-8-10)13(23)15-21-22-16(24)25-15/h1-5,7-8H,6,18H2,(H,22,24)/p+1/b2-1+",C16H13N5O3Cl,358,1.68,5.42,4.16,4.94,0
c1nc(ncc1/C=C/c1ccc(c(c1)Cl)CN)C(=O)c1n[nH]c(=O)o1,12/000000223,"InChI=1S/C16H12ClN5O3/c17-12-5-9(3-4-11(12)6-18)1-2-10-7-19-14(20-8-10)13(23)15-21-22-16(24)25-15/h1-5,7-8H,6,18H2,(H,22,24)/b2-1+",C16H12N5O3Cl,357,1.68,5.42,4.34,4.94,0
O[C@H](C)c1ccc(cc1Cl)/C=C/c1cnc(nc1)C(=O)c1n[nH]c(=O)o1,12/000000265,"InChI=1S/C17H13ClN4O4/c1-9(23)12-5-4-10(6-13(12)18)2-3-11-7-19-15(20-8-11)14(24)16-21-22-17(25)26-16/h2-9,23H,1H3,(H,22,25)/b3-2+/t9-/m1/s1",C17H13N4O4Cl,372,2.28,5.41,5.54,5.08,-170
OCCc1[nH]cc(c1)C(=O)c1ncc(c(n1)C)/C=C/c1ccc(c(c1)Cl)I,12/000000210,"InChI=1S/C20H17ClIN3O2/c1-12-14(4-2-13-3-5-18(22)17(21)8-13)10-24-20(25-12)19(27)15-9-16(6-7-26)23-11-15/h2-5,8-11,23,26H,6-7H2,1H3/b4-2+",C20H17N3O2ClI,493,3.66,5.35,5.88,4.94,-60
c1nc(ncc1/C=C/c1ccc(c(c1)Cl)CCN)C(=O)c1n[nH]c(=O)o1,12/000000277,"InChI=1S/C17H14ClN5O3/c18-13-7-10(3-4-12(13)5-6-19)1-2-11-8-20-15(21-9-11)14(24)16-22-23-17(25)26-16/h1-4,7-9H,5-6,19H2,(H,23,25)/b2-1+",C17H14N5O3Cl,371,1.84,5.33,4.02,6.45,0
c1c(onc1C[NH3+])C(=O)c1ncc(c(n1)C)/C=C/c1ccc(c(c1)Cl)CN,12/000000207,"InChI=1S/C19H18ClN5O2/c1-11-14(5-3-12-2-4-13(8-21)16(20)6-12)10-23-19(24-11)18(26)17-7-15(9-22)25-27-17/h2-7,10H,8-9,21-22H2,1H3/p+1/b5-3+",C19H19N5O2Cl,384,1.42,5.31,4.41,4.94,-20
O[C@@H](c1ccc(cc1Cl)/C=C\c1cnc(nc1)C(=O)c1n[nH]c(=O)o1)Cl,12/000000272,"InChI=1S/C16H10Cl2N4O4/c17-11-5-8(3-4-10(11)13(18)24)1-2-9-6-19-14(20-7-9)12(23)15-21-22-16(25)26-15/h1-7,13,24H,(H,22,25)/b2-1+/t13-/m0/s1",C16H10N4O4Cl2,392,2.26,5.3,4.08,5.08,-150
OC(=O)c1cc(c[nH]1)C(=O)c1ncc(cn1)/C=C/c1ccc(c(c1)Cl)I,12/000000177,"InChI=1S/C18H11ClIN3O3/c19-13-5-10(3-4-14(13)20)1-2-11-7-22-17(23-8-11)16(24)12-6-15(18(25)26)21-9-12/h1-9,21H,(H,25,26)/b2-1+",C18H11N3O3ClI,479,3.62,5.29,4.81,3.7,-20
O=C(c1n[nH]c(=O)o1)c1ncc(c(n1)C)/C=C/c1ccc(c(c1)Cl)CN,12/000000259,"InChI=1S/C17H14ClN5O3/c1-9-12(5-3-10-2-4-11(7-19)13(18)6-10)8-20-15(21-9)14(24)16-22-23-17(25)26-16/h2-6,8H,7,19H2,1H3,(H,23,25)/b5-3+",C17H14N5O3Cl,371,2.0,5.28,5.36,4.94,-20
OCc1ccc(cc1Cl)/C=C/c1cnc(nc1C)C(=O)c1n[nH]c(=O)o1,12/000000256,"InChI=1S/C17H13ClN4O4/c1-9-11(4-2-10-3-5-12(8-23)13(18)6-10)7-19-15(20-9)14(24)16-21-22-17(25)26-16/h2-7,23H,8H2,1H3,(H,22,25)/b4-2+",C17H13N4O4Cl,372,2.07,5.25,6.25,4.94,-20
O[C@H](CN)c1ccc(cc1Cl)/C=C/c1cnc(nc1)C(=O)c1nc(c[nH]1)Cl,12/000000102,"InChI=1S/C18H15Cl2N5O2/c19-13-5-10(3-4-12(13)14(26)6-21)1-2-11-7-22-17(23-8-11)16(27)18-24-9-15(20)25-18/h1-5,7-9,14,26H,6,21H2,(H,24,25)/b2-1+/t14-/m1/s1",C18H15N5O2Cl2,403,1.62,5.18,4.11,5.08,-150
c1nc(ncc1/C=C/c1ccc(c(c1)Cl)I)C(=O)c1c[nH]c(c1)CN,12/000000173,"InChI=1S/C18H14ClIN4O/c19-15-5-11(3-4-16(15)20)1-2-12-8-23-18(24-9-12)17(25)13-6-14(7-21)22-10-13/h1-6,8-10,22H,7,21H2/b2-1+",C18H14N4OClI,464,3.12,5.17,4.69,3.58,0
Oc1nccc(n1)C(=O)c1ncc(c(n1)C)/C=C/c1c(N)ccc(c1)Cl,12/000000151,"InChI=1S/C18H14ClN5O2/c1-10-12(3-2-11-8-13(19)4-5-14(11)20)9-22-17(23-10)16(25)15-6-7-21-18(26)24-15/h2-9H,20H2,1H3,(H,21,24,26)/b3-2+",C18H14N5O2Cl,367,1.82,5.16,6.4,3.58,-20
c1nc(ncc1/C=C/c1ccc(c(c1)Cl)C[NH3+])C(=O)c1c[nH]c(c1)CC[NH3+],12/000000156,"InChI=1S/C20H20ClN5O/c21-18-7-13(3-4-15(18)9-23)1-2-14-10-25-20(26-11-14)19(27)16-8-17(5-6-22)24-12-16/h1-4,7-8,10-12,24H,5-6,9,22-23H2/p+2/b2-1+",C20H22N5OCl,383,1.33,5.12,3.58,6.45,-40
OCCc1[nH]cc(c1)C(=O)c1ncc(cn1)/C=C/c1ccc(c(c1)Cl)I,12/000000140,"InChI=1S/C19H15ClIN3O2/c20-16-7-12(3-4-17(16)21)1-2-13-9-23-19(24-10-13)18(26)14-8-15(5-6-25)22-11-14/h1-4,7-11,22,25H,5-6H2/b2-1+",C19H15N3O2ClI,479,3.35,5.09,3.93,4.94,-40
c1nc(ncc1/C=C/c1ccc(c(c1)Cl)I)C(=O)c1c[nH]c(c1)[C@@H]([NH3+])C,12/000000121,"InChI=1S/C19H16ClIN4O/c1-11(22)17-7-14(10-23-17)18(26)19-24-8-13(9-25-19)3-2-12-4-5-16(21)15(20)6-12/h2-11,23H,22H2,1H3/p+1/b3-2+/t11-/m0/s1",C19H17N4OClI,479,3.65,5.07,4.67,23.6,-190
Oc1noc(c1)C(=O)c1ncc(cn1)/C=C/c1ccc(c(c1)Cl)CO,12/000000081,"InChI=1S/C17H12ClN3O4/c18-13-5-10(3-4-12(13)9-22)1-2-11-7-19-17(20-8-11)16(24)14-6-15(23)21-25-14/h1-8,22H,9H2,(H,21,23)/b2-1+",C17H12N3O4Cl,357,2.05,5.07,3.62,4.94,0
O[C@@H](C)c1cc(c[nH]1)C(=O)c1ncc(cn1)/C=C/c1ccc(c(c1)Cl)I,12/000000126,"InChI=1S/C19H15ClIN3O2/c1-11(25)17-7-14(10-22-17)18(26)19-23-8-13(9-24-19)3-2-12-4-5-16(21)15(20)6-12/h2-11,22,25H,1H3/b3-2+/t11-/m0/s1",C19H15N3O2ClI,479,3.71,5.05,4.47,4.94,-190
N1CC(=C[C@@H]1C[NH3+])C(=O)c1ncc(cn1)/C=C/c1cc(Cl)ccc1Br,12/000000097,"InChI=1S/C18H16BrClN4O/c19-16-4-3-14(20)5-12(16)2-1-11-8-23-18(24-9-11)17(25)13-6-15(7-21)22-10-13/h1-6,8-9,15,22H,7,10,21H2/p+1/b2-1+/t15-/m1/s1",C18H17N4OClBr,420,2.11,5.0,3.62,3.58,-170
OC(=O)CCCOC[C@H](c1ccc(c(c1)I)C=C)N,10/000000021,"InChI=1S/C14H18INO3/c1-2-10-5-6-11(8-12(10)15)13(16)9-19-7-3-4-14(17)18/h2,5-6,8,13H,1,3-4,7,9,16H2,(H,17,18)/t13-/m1/s1",C14H18NO3I,375,2.54,4.98,8.96,3.72,-150
OCc1ccc(cc1Cl)/C=C/c1cnc(nc1C)C(=O)c1occ(n1)CN,12/000000127,"InChI=1S/C19H17ClN4O3/c1-11-13(4-2-12-3-5-14(9-25)16(20)6-12)8-22-18(23-11)17(26)19-24-15(7-21)10-27-19/h2-6,8,10,25H,7,9,21H2,1H3/b4-2+",C19H17N4O3Cl,384,1.0,4.98,4.07,4.94,-40
c1nc(ncc1/C=C/c1ccc(c(c1)Cl)C)C(=O)c1c[nH]c(c1)CC[NH3+],12/000000039,"InChI=1S/C20H19ClN4O/c1-13-2-3-14(8-18(13)21)4-5-15-10-24-20(25-11-15)19(26)16-9-17(6-7-22)23-12-16/h2-5,8-12,23H,6-7,22H2,1H3/p+1/b5-4+",C20H20N4OCl,367,2.44,4.95,4.35,4.94,-60
OCc1ccc(cc1Cl)/C=C/c1cnc(nc1)C(=O)c1c[nH]c(c1)CC[NH3+],12/000000114,"InChI=1S/C20H19ClN4O2/c21-18-7-13(3-4-15(18)12-26)1-2-14-9-24-20(25-10-14)19(27)16-8-17(5-6-22)23-11-16/h1-4,7-11,23,26H,5-6,12,22H2/p+1/b2-1+",C20H20N4O2Cl,383,1.4,4.95,5.26,6.45,-40
OCc1nc(oc1c1n[nH]c(=O)c(c1)C)/C=C/CCCl,15/000000197,"InChI=1S/C13H14ClN3O3/c1-8-6-9(16-17-13(8)19)12-10(7-18)15-11(20-12)4-2-3-5-14/h2,4,6,18H,3,5,7H2,1H3,(H,17,19)/b4-2+",C13H14N3O3Cl,295,1.1,4.92,3.47,24.9,-140
OCc1ccc(cc1Cl)/C=C/c1cnc(nc1)C(=O)c1occ(n1)[C@H](C)O,12/000000045,"InChI=1S/C19H16ClN3O4/c1-11(25)16-10-27-19(23-16)17(26)18-21-7-13(8-22-18)3-2-12-4-5-14(9-24)15(20)6-12/h2-8,10-11,24-25H,9H2,1H3/b3-2+/t11-/m0/s1",C19H16N3O4Cl,385,1.28,4.91,3.87,6.45,-170
OC(=O)Cc1[nH]cc(c1)C(=O)c1ncc(cn1)/C=C/c1ccc(c(c1)Cl)I,12/000000104,"InChI=1S/C19H13ClIN3O3/c20-15-5-11(3-4-16(15)21)1-2-12-8-23-19(24-9-12)18(27)13-6-14(22-10-13)7-17(25)26/h1-6,8-10,22H,7H2,(H,25,26)/b2-1+",C19H13N3O3ClI,493,3.43,4.91,4.47,4.94,-60
O[C@H](c1nc(c[nH]1)C(=O)c1ccc(c(c1)I)I)N,10/000000036,"InChI=1S/C11H9I2N3O2/c12-6-2-1-5(3-7(6)13)9(17)8-4-15-11(16-8)10(14)18/h1-4,10,18H,14H2,(H,15,16)/t10-/m1/s1",C11H9N3O2I2,469,2.64,4.9,7.55,2.22,-150
OCc1nc(oc1c1n[nH]c(=O)c(c1)C)/C=C/CCC,15/000000212,"InChI=1S/C14H17N3O3/c1-3-4-5-6-12-15-11(8-18)13(20-12)10-7-9(2)14(19)17-16-10/h5-7,18H,3-4,8H2,1-2H3,(H,17,19)/b6-5+",C14H17N3O3,275,1.11,4.9,2.47,23.8,-200
OCc1ccc(cc1/C=C/c1cnc(nc1)C(=O)c1oc(=O)[nH]n1)Cl,12/000000252,"InChI=1S/C16H11ClN4O4/c17-12-4-3-11(8-22)10(5-12)2-1-9-6-18-14(19-7-9)13(23)15-20-21-16(24)25-15/h1-7,22H,8H2,(H,21,24)/b2-1+",C16H11N4O4Cl,358,1.75,4.9,5.78,4.94,0
c1c(I)cc(c(c1)/C=C/[C@H](NC(=O)CC(=O)CCl)c1cnn[nH]1)N,13/000000023,"InChI=1S/C15H15ClIN5O2/c16-7-11(23)6-15(24)20-13(14-8-19-22-21-14)4-2-9-1-3-10(17)5-12(9)18/h1-5,8,13H,6-7,18H2,(H,20,24)(H,19,21,22)/b4-2+/t13-/m0/s1",C15H15N5O2ClI,459,1.32,4.9,4.48,3.58,-190
Oc1c(I)ccc(c1)/C=C/c1oc(cn1)c1n[nH]c(=O)c(c1)CCF,15/000000226,"InChI=1S/C17H13FIN3O3/c18-6-5-11-8-13(21-22-17(11)24)15-9-20-16(25-15)4-2-10-1-3-12(19)14(23)7-10/h1-4,7-9,23H,5-6H2,(H,22,24)/b4-2+",C17H13N3O3FI,453,3.49,4.9,1.79,5.08,-160
O[C@H](c1ccc(cc1Cl)/C=C/c1cnc(nc1)C(=O)c1oncc1)N,12/000000012,"InChI=1S/C17H13ClN4O3/c18-13-7-10(3-4-12(13)16(19)24)1-2-11-8-20-17(21-9-11)15(23)14-5-6-22-25-14/h1-9,16,24H,19H2/b2-1+/t16-/m1/s1",C17H13N4O3Cl,356,1.59,4.89,4.22,5.08,-150
Oc1noc(c1CF)C/C=C(/CF)\C1=CC[C@H](O1)CO,4/000000033,"InChI=1S/C13H15F2NO4/c14-5-8(11-4-2-9(7-17)19-11)1-3-12-10(6-15)13(18)16-20-12/h1,4,9,17H,2-3,5-7H2,(H,16,18)/b8-1-/t9-/m0/s1",C13H15NO4F2,287,1.59,4.89,7.67,4.94,-150
Oc1noc(c1COC(=O)CO)C/C=C(/CF)\C1=CC[C@H](O1)CO,4/000000063,"InChI=1S/C15H18FNO7/c16-5-9(12-4-2-10(6-18)23-12)1-3-13-11(15(21)17-24-13)8-22-14(20)7-19/h1,4,10,18-19H,2-3,5-8H2,(H,17,21)/b9-1-/t10-/m0/s1",C15H18NO7F,343,0.16,4.89,9.08,5.08,-150
C(=C\c1cnc(nc1C)C(=O)c1n[nH]c(=[NH2])[nH]1)/c1ccc(c(c1)Cl)CN,12/000000187,"InChI=1S/C17H17ClN7O/c1-9-12(5-3-10-2-4-11(7-19)13(18)6-10)8-21-15(22-9)14(26)16-23-17(20)25-24-16/h2-6,8,25H,7,19-20H2,1H3,(H,23,24)/b5-3+",C17H16N7OCl,369,1.31,4.87,6.18,4.94,-20
OCc1[nH]c(cc1)C(=O)c1ncc(c(n1)C)/C=C/c1c(N)ccc(c1)Cl,12/000000101,"InChI=1S/C19H17ClN4O2/c1-11-13(3-2-12-8-14(20)4-6-16(12)21)9-22-19(23-11)18(26)17-7-5-15(10-25)24-17/h2-9,24-25H,10,21H2,1H3/b3-2+",C19H17N4O2Cl,368,1.71,4.87,5.36,3.58,-20
c1nc(ncc1/C=C/c1ccc(c(c1)Cl)I)C(=O)c1c[nH]c(c1)C[NH3+],12/000000089,"InChI=1S/C18H14ClIN4O/c19-15-5-11(3-4-16(15)20)1-2-12-8-23-18(24-9-12)17(25)13-6-14(7-21)22-10-13/h1-6,8-10,22H,7,21H2/p+1/b2-1+",C18H15N4OClI,465,3.12,4.86,4.5,3.58,0
OC[C@H]1OC(=CC1)/C(=C\Cc1onc(c1CC(=O)C)O)/C(=O)O,4/000000070,"InChI=1S/C15H17NO7/c1-8(18)6-11-13(23-16-14(11)19)5-3-10(15(20)21)12-4-2-9(7-17)22-12/h3-4,9,17H,2,5-7H2,1H3,(H,16,19)(H,20,21)/b10-3+/t9-/m0/s1",C15H16NO7,322,-0.19,4.86,9.31,5.21,-170
OCc1ccc(cc1Cl)/C=C/c1cnc(nc1)C(=O)c1c[nH]c(c1)CN,12/000000200,"InChI=1S/C19H17ClN4O2/c20-17-5-12(3-4-14(17)11-25)1-2-13-8-23-19(24-9-13)18(26)15-6-16(7-21)22-10-15/h1-6,8-10,22,25H,7,11,21H2/b2-1+",C19H17N4O2Cl,368,1.24,4.86,5.05,5.09,0
OC[C@H](c1ccc(cc1Cl)/C=C/c1cnc(nc1)C(=O)c1cc[nH]c1)O,12/000000162,"InChI=1S/C19H16ClN3O3/c20-16-7-12(3-4-15(16)17(25)11-24)1-2-13-8-22-19(23-9-13)18(26)14-5-6-21-10-14/h1-10,17,21,24-25H,11H2/b2-1+/t17-/m1/s1",C19H16N3O3Cl,369,1.5,4.86,4.18,5.21,-150
OCc1cc(c[nH]1)C(=O)c1ncc(cn1)/C=C/c1ccc(c(c1)Cl)I,12/000000107,"InChI=1S/C18H13ClIN3O2/c19-15-5-11(3-4-16(15)20)1-2-12-7-22-18(23-8-12)17(25)13-6-14(10-24)21-9-13/h1-9,21,24H,10H2/b2-1+",C18H13N3O2ClI,465,3.19,4.85,3.94,3.58,0
O[C@H](c1ncc(o1)C(=O)c1ccc(c(c1)I)I)N,10/000000043,"InChI=1S/C11H8I2N2O3/c12-6-2-1-5(3-7(6)13)9(16)8-4-15-11(18-8)10(14)17/h1-4,10,17H,14H2/t10-/m1/s1",C11H8N2O3I2,470,2.22,4.85,7.38,2.22,-150
OCc1nc(oc1c1n[nH]c(=O)cc1)CC/C=C/CI,15/000000238,"InChI=1S/C13H14IN3O3/c14-7-3-1-2-4-12-15-10(8-18)13(20-12)9-5-6-11(19)17-16-9/h1,3,5-6,18H,2,4,7-8H2,(H,17,19)/b3-1+",C13H14N3O3I,387,1.44,4.84,4.36,24.9,-120
O[C@@H](c1ccc([nH]1)C(=O)c1ccc(c(c1)I)I)N,10/000000039,"InChI=1S/C12H10I2N2O2/c13-7-2-1-6(5-8(7)14)11(17)9-3-4-10(16-9)12(15)18/h1-5,12,16,18H,15H2/t12-/m0/s1",C12H10N2O2I2,468,3.18,4.83,7.96,2.22,-150
Oc1ccc(cc1Cl)/C=C/c1cnc(nc1)C(=O)c1n[nH]c(=O)o1,12/000000243,"InChI=1S/C15H9ClN4O4/c16-10-5-8(3-4-11(10)21)1-2-9-6-17-13(18-7-9)12(22)14-19-20-15(23)24-14/h1-7,21H,(H,20,23)/b2-1+",C15H9N4O4Cl,344,2.16,4.83,4.27,3.58,0
c1nc(ncc1/C=C/c1ccc(c(c1)Cl)N)C(=O)c1n[nH]c(=O)o1,12/000000242,"InChI=1S/C15H10ClN5O3/c16-10-5-8(3-4-11(10)17)1-2-9-6-18-13(19-7-9)12(22)14-20-21-15(23)24-14/h1-7H,17H2,(H,21,23)/b2-1+",C15H10N5O3Cl,343,1.74,4.83,4.3,3.58,0
NCc1ccc(cc1/C=C/c1cnc(nc1C)C(=O)c1oc(=O)[nH]n1)Cl,12/000000269,"InChI=1S/C17H14ClN5O3/c1-9-12(3-2-10-6-13(18)5-4-11(10)7-19)8-20-15(21-9)14(24)16-22-23-17(25)26-16/h2-6,8H,7,19H2,1H3,(H,23,25)/b3-2+",C17H14N5O3Cl,371,2.0,4.83,7.14,4.94,-20
Oc1ccc(cc1/C=C/c1cnc(nc1)C(=O)c1oc(=O)[nH]n1)Cl,12/000000250,"InChI=1S/C15H9ClN4O4/c16-10-3-4-11(21)9(5-10)2-1-8-6-17-13(18-7-8)12(22)14-19-20-15(23)24-14/h1-7,21H,(H,20,23)/b2-1+",C15H9N4O4Cl,344,2.16,4.82,3.99,3.58,0
Oc1cc(/C=C/c2ncc(o2)c2n[nH]c(=O)cc2)ccc1I,15/000000162,"InChI=1S/C15H10IN3O3/c16-10-3-1-9(7-12(10)20)2-6-15-17-8-13(22-15)11-4-5-14(21)19-18-11/h1-8,20H,(H,19,21)/b6-2+",C15H10N3O3I,407,2.89,4.81,1.8,3.58,-120
C(=C\1/C=Cc2c1ccc(c2)Br)/C1=NN(C(=O)C1)CCC(=O)CNCN,17/000000029,"InChI=1S/C18H19BrN4O2/c19-14-3-4-17-12(7-14)1-2-13(17)8-15-9-18(25)23(22-15)6-5-16(24)10-21-11-20/h1-4,7-8,21H,5-6,9-11,20H2/b13-8+",C18H19N4O2Br,403,1.23,4.81,4.66,3.7,-60
Oc1cc(/C=C/c2ncc(o2)c2n[nH]c(=O)c(c2)C[NH3+])ccc1I,15/000000261,"InChI=1S/C16H13IN4O3/c17-11-3-1-9(5-13(11)22)2-4-15-19-8-14(24-15)12-6-10(7-18)16(23)21-20-12/h1-6,8,22H,7,18H2,(H,21,23)/p+1/b4-2+",C16H14N4O3I,437,1.93,4.81,2.76,3.7,-140
Clc1cc(/C=C/c2cnc(nc2)C(=O)c2oc(=O)[nH]n2)c(cc1)N,12/000000236,"InChI=1S/C15H10ClN5O3/c16-10-3-4-11(17)9(5-10)2-1-8-6-18-13(19-7-8)12(22)14-20-21-15(23)24-14/h1-7H,17H2,(H,21,23)/b2-1+",C15H10N5O3Cl,343,1.74,4.81,4.74,3.58,0
Oc1noc(c1CCNCCCF)C/C=C(/CF)\C1=CC[C@H](O1)CO,4/000000098,"InChI=1S/C17H24F2N2O4/c18-7-1-8-20-9-6-14-16(25-21-17(14)23)4-2-12(10-19)15-5-3-13(11-22)24-15/h2,5,13,20,22H,1,3-4,6-11H2,(H,21,23)/b12-2-/t13-/m0/s1",C17H24N2O4F2,358,1.92,4.81,9.1,5.08,-150
c1nc(ncc1/C=C/c1cccc(c1)Cl)C(=O)c1ccc([nH]1)C[NH3+],12/000000004,"InChI=1S/C18H15ClN4O/c19-14-3-1-2-12(8-14)4-5-13-10-21-18(22-11-13)17(24)16-7-6-15(9-20)23-16/h1-8,10-11,23H,9,20H2/p+1/b5-4+",C18H16N4OCl,339,2.15,4.8,2.81,3.58,0
O=C(c1ccc(c(c1)I)I)c1nc([nH]c1)C(=O)O,10/000000050,"InChI=1S/C11H6I2N2O3/c12-6-2-1-5(3-7(6)13)9(16)8-4-14-10(15-8)11(17)18/h1-4H,(H,14,15)(H,17,18)",C11H5N2O3I2,467,3.16,4.8,7.4,2.22,0
Oc1cc(Cl)cc(c1)/C=C/c1cnc(nc1)C(=O)c1oc(=O)[nH]n1,12/000000251,"InChI=1S/C15H9ClN4O4/c16-10-3-8(4-11(21)5-10)1-2-9-6-17-13(18-7-9)12(22)14-19-20-15(23)24-14/h1-7,21H,(H,20,23)/b2-1+",C15H9N4O4Cl,344,2.16,4.8,4.1,3.58,0
OCc1nc(oc1c1n[nH]c(=O)cc1)CC/C=C/CCO,15/000000257,"InChI=1S/C14H17N3O4/c18-8-4-2-1-3-5-13-15-11(9-19)14(21-13)10-6-7-12(20)17-16-10/h1-2,6-7,18-19H,3-5,8-9H2,(H,17,20)/b2-1+",C14H17N3O4,291,-0.21,4.78,3.83,25.0,-120
Clc1cc(N)cc(c1)/C=C/c1cnc(nc1)C(=O)c1oc(=O)[nH]n1,12/000000254,"InChI=1S/C15H10ClN5O3/c16-10-3-8(4-11(17)5-10)1-2-9-6-18-13(19-7-9)12(22)14-20-21-15(23)24-14/h1-7H,17H2,(H,21,23)/b2-1+",C15H10N5O3Cl,343,1.74,4.78,4.02,3.58,0
OCc1[nH]c(cc1)C(=O)c1ncc(cn1)/C=C/c1cccc(c1)Cl,12/000000005,"InChI=1S/C18H14ClN3O2/c19-14-3-1-2-12(8-14)4-5-13-9-20-18(21-10-13)17(24)16-7-6-15(11-23)22-16/h1-10,22-23H,11H2/b5-4+",C18H14N3O2Cl,339,2.21,4.78,3.1,3.58,0
OC[C@H]1OC(=CC1)/C(=C\Cc1onc(c1CC(=O)C)O)/CF,4/000000041,"InChI=1S/C15H18FNO5/c1-9(19)6-12-14(22-17-15(12)20)4-2-10(7-16)13-5-3-11(8-18)21-13/h2,5,11,18H,3-4,6-8H2,1H3,(H,17,20)/b10-2-/t11-/m0/s1",C15H18NO5F,311,0.96,4.78,7.46,5.08,-170
OC/C=C(/C[C@H](c1cccc(c1)I)F)\c1n[nH]c(=O)o1,10/000000019,"InChI=1S/C13H12FIN2O3/c14-11(8-2-1-3-10(15)6-8)7-9(4-5-18)12-16-17-13(19)20-12/h1-4,6,11,18H,5,7H2,(H,17,19)/b9-4-/t11-/m1/s1",C13H12N2O3FI,390,3.22,4.77,3.99,3.58,-150
Oc1ccc(cc1C1=C(C(=O)N(C1)CCn1nnnc1)C[NH3+])Br,6/000000014,"InChI=1S/C14H15BrN6O2/c15-9-1-2-13(22)10(5-9)12-7-20(14(23)11(12)6-16)3-4-21-8-17-18-19-21/h1-2,5,8,22H,3-4,6-7,16H2/p+1",C14H16N6O2Br,380,-0.31,4.77,5.7,3.58,-160
Oc1noc(c1CCBr)C/C=C(\C1=CC[C@H](O1)CO)/C(=O)O,4/000000086,"InChI=1S/C14H16BrNO6/c15-6-5-9-12(22-16-13(9)18)4-2-10(14(19)20)11-3-1-8(7-17)21-11/h2-3,8,17H,1,4-7H2,(H,16,18)(H,19,20)/b10-2+/t8-/m0/s1",C14H15NO6Br,373,1.28,4.77,9.06,5.21,-150
OCc1ccc(cc1Cl)/C=C/c1cnc(nc1)C(=O)c1c[nH]c(c1)CBr,12/000000096,"InChI=1S/C19H15BrClN3O2/c20-7-16-6-15(10-22-16)18(26)19-23-8-13(9-24-19)2-1-12-3-4-14(11-25)17(21)5-12/h1-6,8-10,22,25H,7,11H2/b2-1+",C19H15N3O2ClBr,432,2.92,4.76,5.1,5.09,-20
Oc1ccc(cc1Cl)/C=C/c1cnc(nc1C)C(=O)c1n[nH]c(=O)o1,12/000000262,"InChI=1S/C16H11ClN4O4/c1-8-10(4-2-9-3-5-12(22)11(17)6-9)7-18-14(19-8)13(23)15-20-21-16(24)25-15/h2-7,22H,1H3,(H,21,24)/b4-2+",C16H11N4O4Cl,358,2.47,4.75,5.18,3.58,-20
OCc1ccc(cc1Cl)/C=C/c1cnc(nc1)C(=O)c1cc[nH]c1,12/000000133,"InChI=1S/C18H14ClN3O2/c19-16-7-12(3-4-15(16)11-23)1-2-13-8-21-18(22-9-13)17(24)14-5-6-20-10-14/h1-10,20,23H,11H2/b2-1+",C18H14N3O2Cl,339,2.11,4.75,4.05,4.94,0
OC[C@H]1OC(=CC1)/C(=C\Cc1onc(c1C[NH2+]C)O)/CF,4/000000045,"InChI=1S/C14H19FN2O4/c1-16-7-11-13(21-17-14(11)19)4-2-9(6-15)12-5-3-10(8-18)20-12/h2,5,10,16,18H,3-4,6-8H2,1H3,(H,17,19)/p+1/b9-2-/t10-/m0/s1",C14H20N2O4F,299,0.78,4.74,8.73,6.45,-170
c1c(I)cc(c(c1)/C=C/[C@H](NC(=O)C)c1cnn[nH]1)N,13/000000006,"InChI=1S/C13H14IN5O/c1-8(20)17-12(13-7-16-19-18-13)5-3-9-2-4-10(14)6-11(9)15/h2-7,12H,15H2,1H3,(H,17,20)(H,16,18,19)/b5-3+/t12-/m0/s1",C13H14N5OI,383,1.62,4.74,5.0,3.58,-170
OCc1ccc(cc1Cl)/C=C/c1cnc(nc1)C(=O)c1nc(c[nH]1)Cl,12/000000194,"InChI=1S/C17H12Cl2N4O2/c18-13-5-10(3-4-12(13)9-24)1-2-11-6-20-16(21-7-11)15(25)17-22-8-14(19)23-17/h1-8,24H,9H2,(H,22,23)/b2-1+",C17H12N4O2Cl2,374,2.29,4.73,5.24,4.94,0
OCC1=C[C@@H](CC=C1)C(=O)c1ccccc1/C=C(\C)/c1nnc[nH]1,19/000000028,"InChI=1S/C19H19N3O2/c1-13(19-20-12-21-22-19)9-15-6-2-3-8-17(15)18(24)16-7-4-5-14(10-16)11-23/h2-6,8-10,12,16,23H,7,11H2,1H3,(H,20,21,22)/b13-9+/t16-/m1/s1",C19H19N3O2,321,2.8,4.73,6.39,5.09,-170
OCc1ccc(cc1Cl)/C=C/c1cnc(nc1C)C(=O)c1cc[nH]c1,12/000000092,"InChI=1S/C19H16ClN3O2/c1-12-14(4-2-13-3-5-16(11-24)17(20)8-13)10-22-19(23-12)18(25)15-6-7-21-9-15/h2-10,21,24H,11H2,1H3/b4-2+",C19H16N3O2Cl,353,2.42,4.72,6.56,4.94,-20
O[C@@H](c1cc(c[nH]1)C(=O)c1ncc(cn1)/C=C/c1ccc(c(c1)Cl)C)Br,12/000000116,"InChI=1S/C19H15BrClN3O2/c1-11-2-3-12(6-15(11)21)4-5-13-8-23-19(24-9-13)17(25)14-7-16(18(20)26)22-10-14/h2-10,18,22,26H,1H3/b5-4+/t18-/m0/s1",C19H15N3O2ClBr,432,3.19,4.72,4.17,3.7,-190
OCc1nc(oc1c1n[nH]c(=O)c(c1)CC)CCCC=C,15/000000245,"InChI=1S/C15H19N3O3/c1-3-5-6-7-13-16-12(9-19)14(21-13)11-8-10(4-2)15(20)18-17-11/h3,8,19H,1,4-7,9H2,2H3,(H,18,20)",C15H19N3O3,289,1.11,4.72,2.76,24.4,-160
OC/C=C(/CCc1cccc(c1)I)\c1n[nH]c(=O)o1,10/000000003,"InChI=1S/C13H13IN2O3/c14-11-3-1-2-9(8-11)4-5-10(6-7-17)12-15-16-13(18)19-12/h1-3,6,8,17H,4-5,7H2,(H,16,18)/b10-6-",C13H13N2O3I,372,3.08,4.71,5.96,3.58,0
Clc1cc(/C=C/c2cnc(nc2C)C(=O)c2oc(=O)[nH]n2)c(cc1)N,12/000000276,"InChI=1S/C16H12ClN5O3/c1-8-10(3-2-9-6-11(17)4-5-12(9)18)7-19-14(20-8)13(23)15-21-22-16(24)25-15/h2-7H,18H2,1H3,(H,22,24)/b3-2+",C16H12N5O3Cl,357,2.06,4.71,6.34,3.58,-20
OCc1nc(ncc1/C=C/c1ccc(c(c1)Cl)I)C(=O)c1cc[nH]c1,12/000000094,"InChI=1S/C18H13ClIN3O2/c19-14-7-11(2-4-15(14)20)1-3-12-9-22-18(23-16(12)10-24)17(25)13-5-6-21-8-13/h1-9,21,24H,10H2/b3-1+",C18H13N3O2ClI,465,3.27,4.71,7.0,22.8,0
OC[C@H]1OC(=CC1)/C(=C\Cc1onc(c1COC)O)/C(=O)O,4/000000105,"InChI=1S/C14H17NO7/c1-20-7-10-12(22-15-13(10)17)5-3-9(14(18)19)11-4-2-8(6-16)21-11/h3-4,8,16H,2,5-7H2,1H3,(H,15,17)(H,18,19)/b9-3+/t8-/m0/s1",C14H16NO7,310,-0.18,4.7,9.02,5.21,-170
OC/C=C(/CCc1ccc(c(c1)I)[C@@H](N)O)\c1n[nH]c(=O)o1,10/000000020,"InChI=1S/C14H16IN3O4/c15-11-7-8(2-4-10(11)12(16)20)1-3-9(5-6-19)13-17-18-14(21)22-13/h2,4-5,7,12,19-20H,1,3,6,16H2,(H,18,21)/b9-5-/t12-/m0/s1",C14H16N3O4I,417,1.73,4.7,5.51,3.84,-150
Oc1noc(c1C[NH3+])C/C=C(/CF)\C1=CC[C@H](O1)CO,4/000000035,"InChI=1S/C13H17FN2O4/c14-5-8(11-4-2-9(7-17)19-11)1-3-12-10(6-15)13(18)16-20-12/h1,4,9,17H,2-3,5-7,15H2,(H,16,18)/p+1/b8-1-/t9-/m0/s1",C13H18N2O4F,285,0.39,4.68,7.28,4.94,-150
O[C@H](CF)c1ccc2c(c1)C=C/C/2=C\c1nocc1CCN,17/000000005,"InChI=1S/C17H17FN2O2/c18-9-17(21)13-3-4-15-11(7-13)1-2-12(15)8-16-14(5-6-19)10-22-20-16/h1-4,7-8,10,17,21H,5-6,9,19H2/b12-8+/t17-/m1/s1",C17H17N2O2F,300,2.1,4.67,6.38,22.3,-190
OCc1nc(oc1c1n[nH]c(=O)cc1)/C=C/CNCC,15/000000105,"InChI=1S/C13H16N4O3/c1-2-14-7-3-4-12-15-10(8-18)13(20-12)9-5-6-11(19)17-16-9/h3-6,14,18H,2,7-8H2,1H3,(H,17,19)/b4-3+",C13H16N4O3,276,0.07,4.67,2.68,24.6,-140
OCc1ccc(cc1Cl)/C=C/c1cnc(nc1)C(=O)c1ncn[nH]1,12/000000137,"InChI=1S/C16H12ClN5O2/c17-13-5-10(3-4-12(13)8-23)1-2-11-6-18-15(19-7-11)14(24)16-20-9-21-22-16/h1-7,9,23H,8H2,(H,20,21,22)/b2-1+",C16H12N5O2Cl,341,1.32,4.67,3.93,4.94,0
OCc1nc(oc1c1n[nH]c(=O)cc1)CC/C=C/CCC,15/000000275,"InChI=1S/C15H19N3O3/c1-2-3-4-5-6-7-14-16-12(10-19)15(21-14)11-8-9-13(20)18-17-11/h4-5,8-9,19H,2-3,6-7,10H2,1H3,(H,18,20)/b5-4+",C15H19N3O3,289,1.28,4.67,3.53,24.4,-140
OCc1nc(oc1c1n[nH]c(=O)c(c1)C)CC/C=C/C,15/000000223,"InChI=1S/C14H17N3O3/c1-3-4-5-6-12-15-11(8-18)13(20-12)10-7-9(2)14(19)17-16-10/h3-4,7,18H,5-6,8H2,1-2H3,(H,17,19)/b4-3+",C14H17N3O3,275,0.81,4.66,2.63,23.8,-200
O[C@H](Cc1conc1/C=C/1\C=Cc2c1ccc(c2)CO)CCl,17/000000020,"InChI=1S/C17H16ClNO3/c18-8-15(21)6-14-10-22-19-17(14)7-13-3-2-12-5-11(9-20)1-4-16(12)13/h1-5,7,10,15,20-21H,6,8-9H2/b13-7+/t15-/m1/s1",C17H16NO3Cl,317,2.24,4.66,5.22,21.1,-190
OCc1nc(oc1c1n[nH]c(=O)cc1)/C=C/CCCC,15/000000061,"InChI=1S/C14H17N3O3/c1-2-3-4-5-6-13-15-11(9-18)14(20-13)10-7-8-12(19)17-16-10/h5-8,18H,2-4,9H2,1H3,(H,17,19)/b6-5+",C14H17N3O3,275,1.33,4.64,1.4,23.8,-140
Oc1ccc(cc1C1=C(C(=O)N(C1)CCc1ncncn1)C[NH3+])Br,6/000000010,"InChI=1S/C16H16BrN5O2/c17-10-1-2-14(23)11(5-10)13-7-22(16(24)12(13)6-18)4-3-15-20-8-19-9-21-15/h1-2,5,8-9,23H,3-4,6-7,18H2/p+1",C16H17N5O2Br,391,-0.29,4.64,5.18,3.58,-180
OCc1ncc(cc1CC#Cc1cccc2c1c(=O)ocn2)N,12/000000022,"InChI=1S/C17H13N3O3/c18-13-7-12(15(9-21)19-8-13)5-1-3-11-4-2-6-14-16(11)17(22)23-10-20-14/h2,4,6-8,10,21H,5,9,18H2",C17H13N3O3,307,0.85,4.63,6.94,21.6,-80
Oc1noc(c1CI)C/C=C(\C1=CC[C@H](O1)CO)/C(=O)O,4/000000088,"InChI=1S/C13H14INO6/c14-5-9-11(21-15-12(9)17)4-2-8(13(18)19)10-3-1-7(6-16)20-10/h2-3,7,16H,1,4-6H2,(H,15,17)(H,18,19)/b8-2+/t7-/m0/s1",C13H13NO6I,406,1.12,4.63,8.7,3.84,-150
C(=C\c1cnc(nc1C)C(=O)c1n[nH]c(=[NH2])[nH]1)/c1ccc(c(c1)Cl)Cl,12/000000115,"InChI=1S/C16H13Cl2N6O/c1-8-10(4-2-9-3-5-11(17)12(18)6-9)7-20-14(21-8)13(25)15-22-16(19)24-23-15/h2-7,24H,19H2,1H3,(H,22,23)/b4-2+",C16H12N6OCl2,374,2.81,4.63,6.41,3.58,-20
Oc1noc(c1)C/C=C(\C1=CC[C@H](O1)CO)/C(=O)O,4/000000054,"InChI=1S/C12H13NO6/c14-6-8-2-4-10(18-8)9(12(16)17)3-1-7-5-11(15)13-19-7/h3-5,8,14H,1-2,6H2,(H,13,15)(H,16,17)/b9-3+/t8-/m0/s1",C12H12NO6,266,0.2,4.62,8.05,3.72,-150
O[C@H](C)c1nc([nH]n1)C(=O)c1ccc(c(c1)I)I,10/000000054,"InChI=1S/C11H9I2N3O2/c1-5(17)10-14-11(16-15-10)9(18)6-2-3-7(12)8(13)4-6/h2-5,17H,1H3,(H,14,15,16)/t5-/m1/s1",C11H9N3O2I2,469,3.68,4.62,7.1,2.22,-170
OCc1nc(oc1c1n[nH]c(=O)cc1)CC/C=C/CC,15/000000269,"InChI=1S/C14H17N3O3/c1-2-3-4-5-6-13-15-11(9-18)14(20-13)10-7-8-12(19)17-16-10/h3-4,7-8,18H,2,5-6,9H2,1H3,(H,17,19)/b4-3+",C14H17N3O3,275,0.92,4.62,3.0,23.8,-140
Oc1noc(c1CBr)C/C=C(\C1=CC[C@H](O1)CO)/C(=O)O,4/000000087,"InChI=1S/C13H14BrNO6/c14-5-9-11(21-15-12(9)17)4-2-8(13(18)19)10-3-1-7(6-16)20-10/h2-3,7,16H,1,4-6H2,(H,15,17)(H,18,19)/b8-2+/t7-/m0/s1",C13H13NO6Br,359,0.92,4.61,8.16,3.84,-150
OCc1ccc2c(c1)C=C/C/2=C\c1nocc1CCN,17/000000013,"InChI=1S/C16H16N2O2/c17-6-5-14-10-20-18-16(14)8-13-3-2-12-7-11(9-19)1-4-15(12)13/h1-4,7-8,10,19H,5-6,9,17H2/b13-8+",C16H16N2O2,268,1.37,4.6,5.46,19.0,-40
OCc1[nH]c(cc1)C(=O)c1ncc(cn1)/C=C/c1c(N)ccc(c1)Cl,12/000000076,"InChI=1S/C18H15ClN4O2/c19-13-3-5-15(20)12(7-13)2-1-11-8-21-18(22-9-11)17(25)16-6-4-14(10-24)23-16/h1-9,23-24H,10,20H2/b2-1+",C18H15N4O2Cl,354,1.4,4.59,3.68,3.58,-20
OCc1occ(c1c1n[nH]c(=O)c(c1)CC)C=C,15/000000283,"InChI=1S/C13H14N2O3/c1-3-8-5-10(14-15-13(8)17)12-9(4-2)7-18-11(12)6-16/h4-5,7,16H,2-3,6H2,1H3,(H,15,17)",C13H14N2O3,246,0.8,4.59,4.54,21.2,-160
OC[C@@H](c1ncc2c(n1)[nH]cn2)C#CCCc1cccc2c1ocn2,11/000000004,"InChI=1S/C18H15N5O2/c24-9-13(17-19-8-15-18(23-17)21-10-20-15)5-2-1-4-12-6-3-7-14-16(12)25-11-22-14/h3,6-8,10-11,13,24H,1,4,9H2,(H,19,20,21,23)/t13-/m0/s1",C18H15N5O2,333,0.51,4.59,3.88,23.7,-190
Oc1cccc(c1/[NH]=c\1/[nH]cc[nH]1)C(=O)[C@H]1C=C(C=CC1)CO,19/000000008,"InChI=1S/C17H18N3O3/c21-10-11-3-1-4-12(9-11)16(23)13-5-2-6-14(22)15(13)20-17-18-7-8-19-17/h1-3,5-9,12,18-22H,4,10H2/t12-/m1/s1",C17H17N3O3,311,0.6,4.58,7.81,3.58,-150
OC[C@H]1C=C(CN1)C(=O)c1ncc(cn1)/C=C/c1cc(Cl)ccc1Br,12/000000146,"InChI=1S/C18H15BrClN3O2/c19-16-4-3-14(20)5-12(16)2-1-11-7-22-18(23-8-11)17(25)13-6-15(10-24)21-9-13/h1-8,15,21,24H,9-10H2/b2-1+/t15-/m1/s1",C18H15N3O2ClBr,420,2.18,4.58,3.81,3.58,-170
c1nc([nH]n1)C(=O)c1ncc(cn1)/C=C/c1ccc(c(c1)Cl)C[NH3+],12/000000014,"InChI=1S/C16H13ClN6O/c17-13-5-10(3-4-12(13)6-18)1-2-11-7-19-15(20-8-11)14(24)16-21-9-22-23-16/h1-5,7-9H,6,18H2,(H,21,22,23)/p+1/b2-1+",C16H14N6OCl,341,1.25,4.57,3.92,4.94,0
OC(=O)c1cn(c(c1)CN)CC#C[C@H](c1cnn[nH]1)Cl,21/000000006,"InChI=1S/C12H12ClN5O2/c13-10(11-6-15-17-16-11)2-1-3-18-7-8(12(19)20)4-9(18)5-14/h4,6-7,10H,3,5,14H2,(H,19,20)(H,15,16,17)/t10-/m1/s1",C12H12N5O2Cl,293,-0.06,4.57,7.25,3.58,-150
Oc1c(I)ccc(c1)/C=C/c1oc(cn1)c1n[nH]c(=O)c(c1)CCC,15/000000128,"InChI=1S/C18H16IN3O3/c1-2-3-12-9-14(21-22-18(12)24)16-10-20-17(25-16)7-5-11-4-6-13(19)15(23)8-11/h4-10,23H,2-3H2,1H3,(H,22,24)/b7-5+",C18H16N3O3I,449,3.65,4.57,1.83,5.08,-160
Oc1cccc(c1Cl)C#C[C@@H](CC(=O)O)C1=CC(=O)CO1,1/000000001,"InChI=1S/C15H11ClO5/c16-15-9(2-1-3-12(15)18)4-5-10(6-14(19)20)13-7-11(17)8-21-13/h1-3,7,10,18H,6,8H2,(H,19,20)/t10-/m0/s1",C15H10O5Cl,305,1.45,4.56,6.32,21.7,-150
OCc1nc(oc1c1n[nH]c(=O)c(c1)CC)C=C,15/000000234,"InChI=1S/C12H13N3O3/c1-3-7-5-8(14-15-12(7)17)11-9(6-16)13-10(4-2)18-11/h4-5,16H,2-3,6H2,1H3,(H,15,17)",C12H13N3O3,247,0.44,4.56,2.04,22.6,-160
Oc1[nH]nc(c1)C(=O)c1ncc(cn1)/C=C/c1cccc(c1)Cl,12/000000027,"InChI=1S/C16H11ClN4O2/c17-12-3-1-2-10(6-12)4-5-11-8-18-16(19-9-11)15(23)13-7-14(22)21-20-13/h1-9H,(H2,20,21,22)/b5-4+",C16H11N4O2Cl,326,2.98,4.56,3.37,3.58,0
OCC1=C[C@@H](CC=C1)C(=O)c1ccccc1/C=C(\C)/c1[nH]c(=[NH2])[nH]c1,19/000000030,"InChI=1S/C20H22N3O2/c1-13(18-11-22-20(21)23-18)9-15-6-2-3-8-17(15)19(25)16-7-4-5-14(10-16)12-24/h2-6,8-11,16,22-24H,7,12,21H2,1H3/b13-9+/t16-/m1/s1",C20H21N3O2,335,1.45,4.56,6.36,4.94,-170
c1nc([nH]n1)C(=O)c1ncc(cn1)/C=C/c1ccc(c(c1)Cl)CN,12/000000015,"InChI=1S/C16H13ClN6O/c17-13-5-10(3-4-12(13)6-18)1-2-11-7-19-15(20-8-11)14(24)16-21-9-22-23-16/h1-5,7-9H,6,18H2,(H,21,22,23)/b2-1+",C16H13N6OCl,340,1.25,4.55,3.97,4.94,0
c1nc(ncc1/C=C/c1ccc(c(c1)Cl)C)C(=O)c1c[nH]c(c1)CN,12/000000139,"InChI=1S/C19H17ClN4O/c1-12-2-3-13(6-17(12)20)4-5-14-9-23-19(24-10-14)18(25)15-7-16(8-21)22-11-15/h2-7,9-11,22H,8,21H2,1H3/b5-4+",C19H17N4OCl,352,2.28,4.55,3.75,3.58,-20
OCc1nc(oc1c1n[nH]c(=O)cc1)CCc1cccc(c1)N,15/000000013,"InChI=1S/C16H16N4O3/c17-11-3-1-2-10(8-11)4-7-15-18-13(9-21)16(23-15)12-5-6-14(22)20-19-12/h1-3,5-6,8,21H,4,7,9,17H2,(H,20,22)",C16H16N4O3,312,0.64,4.54,3.8,24.6,-120
OCc1cc(c[nH]1)C(=O)c1ncc(cn1)/C=C/c1ccc(c(c1)Cl)C,12/000000110,"InChI=1S/C19H16ClN3O2/c1-12-2-3-13(6-17(12)20)4-5-14-8-22-19(23-9-14)18(25)15-7-16(11-24)21-10-15/h2-10,21,24H,11H2,1H3/b5-4+",C19H16N3O2Cl,353,2.35,4.54,4.04,3.58,-40
OCCC(=O)N[C@H](c1cnn[nH]1)/C=C/c1ccc(cc1N)I,13/000000031,"InChI=1S/C14H16IN5O2/c15-10-3-1-9(11(16)7-10)2-4-12(13-8-17-20-19-13)18-14(22)5-6-21/h1-4,7-8,12,21H,5-6,16H2,(H,18,22)(H,17,19,20)/b4-2+/t12-/m0/s1",C14H16N5O2I,413,0.74,4.54,4.19,3.58,-170
OC(=O)[C@@H](C1=C(C(=O)CO1)CF)c1nnc(o1)/C=C/CCCN,1/000000034,"InChI=1S/C14H16FN3O5/c15-6-8-9(19)7-22-12(8)11(14(20)21)13-18-17-10(23-13)4-2-1-3-5-16/h2,4,11H,1,3,5-7,16H2,(H,20,21)/b4-2+/t11-/m0/s1",C14H16N3O5F,325,0.41,4.53,6.25,5.09,-150
c1c(n[nH]c(=O)c1)c1oc(nc1C(=O)O)CCl,15/000000027,"InChI=1S/C9H6ClN3O4/c10-3-6-11-7(9(15)16)8(17-6)4-1-2-5(14)13-12-4/h1-2H,3H2,(H,13,14)(H,15,16)",C9H5N3O4Cl,254,-0.02,4.53,3.57,23.7,-120
O[C@@H](C)c1nc([nH]n1)C(=O)c1ccc(c(c1)I)I,10/000000026,"InChI=1S/C11H9I2N3O2/c1-5(17)10-14-11(16-15-10)9(18)6-2-3-7(12)8(13)4-6/h2-5,17H,1H3,(H,14,15,16)/t5-/m0/s1",C11H9N3O2I2,469,3.68,4.53,7.73,2.22,-170
OCc1nc(oc1c1n[nH]c(=O)cc1)/C=C/CCC,15/000000165,"InChI=1S/C13H15N3O3/c1-2-3-4-5-12-14-10(8-17)13(19-12)9-6-7-11(18)16-15-9/h4-7,17H,2-3,8H2,1H3,(H,16,18)/b5-4+",C13H15N3O3,261,0.97,4.53,3.97,23.2,-140
Oc1noc(c1CCCC)C/C=C(\C1=CC[C@H](O1)CO)/C(=O)O,4/000000103,"InChI=1S/C16H21NO6/c1-2-3-4-11-14(23-17-15(11)19)8-6-12(16(20)21)13-7-5-10(9-18)22-13/h6-7,10,18H,2-5,8-9H2,1H3,(H,17,19)(H,20,21)/b12-6+/t10-/m0/s1",C16H20NO6,322,1.31,4.53,9.32,5.21,-170
C(=C\c1cnc(nc1C)C(=O)c1n[nH]c(=[NH2])[nH]1)/c1ccc(c(c1)Cl)C,12/000000036,"InChI=1S/C17H16ClN6O/c1-9-3-4-11(7-13(9)18)5-6-12-8-20-15(21-10(12)2)14(25)16-22-17(19)24-23-16/h3-8,24H,19H2,1-2H3,(H,22,23)/b6-5+",C17H15N6OCl,354,2.42,4.52,6.69,3.58,-80
OCc1nc(oc1c1n[nH]c(=O)c(c1)CBr)C=C,15/000000096,"InChI=1S/C11H10BrN3O3/c1-2-9-13-8(5-16)10(18-9)7-3-6(4-12)11(17)15-14-7/h2-3,16H,1,4-5H2,(H,15,17)",C11H10N3O3Br,312,0.76,4.52,2.54,23.7,-140
OCc1cc(Cl)cc(c1)/C=C/c1cnc(nc1)C(=O)c1oc(=O)[nH]n1,12/000000147,"InChI=1S/C16H11ClN4O4/c17-12-4-9(3-11(5-12)8-22)1-2-10-6-18-14(19-7-10)13(23)15-20-21-16(24)25-15/h1-7,22H,8H2,(H,21,24)/b2-1+",C16H11N4O4Cl,358,1.75,4.52,5.33,4.94,0
OCc1nc(oc1c1n[nH]c(=O)cc1)/C=C/CNC,15/000000048,"InChI=1S/C12H14N4O3/c1-13-6-2-3-11-14-9(7-17)12(19-11)8-4-5-10(18)16-15-8/h2-5,13,17H,6-7H2,1H3,(H,16,18)/b3-2+",C12H14N4O3,262,-0.35,4.51,1.0,24.0,-140
OCc1cccc2c1[nH]/c(=[NH]\C(=O)C[NH+](C)C)/[nH]2,5/000000007,"InChI=1S/C12H17N4O2/c1-16(2)6-10(18)14-12-13-9-5-3-4-8(7-17)11(9)15-12/h3-5,13-15,17H,6-7H2,1-2H3/p+1/b14-12-",C12H17N4O2,249,-0.26,4.51,1.22,16.1,-180
OC(=O)[C@@H](C1=C(C(=O)CO1)C)c1nnc(o1)/C=C/CCCN,1/000000026,"InChI=1S/C14H17N3O5/c1-8-9(18)7-21-12(8)11(14(19)20)13-17-16-10(22-13)5-3-2-4-6-15/h3,5,11H,2,4,6-7,15H2,1H3,(H,19,20)/b5-3+/t11-/m0/s1",C14H17N3O5,307,0.31,4.5,6.95,5.09,-170
OCc1nc(oc1c1n[nH]c(=O)cc1)CCCCl,15/000000149,"InChI=1S/C11H12ClN3O3/c12-5-1-2-10-13-8(6-16)11(18-10)7-3-4-9(17)15-14-7/h3-4,16H,1-2,5-6H2,(H,15,17)",C11H12N3O3Cl,269,0.71,4.49,1.85,22.7,-120
OCc1occ(c1c1n[nH]c(=O)c(c1)COCC)C=C,15/000000284,"InChI=1S/C14H16N2O4/c1-3-9-8-20-12(6-17)13(9)11-5-10(7-19-4-2)14(18)16-15-11/h3,5,8,17H,1,4,6-7H2,2H3,(H,16,18)",C14H16N2O4,276,0.45,4.49,4.41,23.0,-180
OCc1cc([nH]c1CC#Cc1cccc2c1c(=O)ocn2)CO,12/000000057,"InChI=1S/C17H14N2O4/c20-8-12-7-13(9-21)19-14(12)5-1-3-11-4-2-6-15-16(11)17(22)23-10-18-15/h2,4,6-7,10,19-21H,5,8-9H2",C17H14N2O4,310,0.76,4.49,7.0,24.8,-80
OCc1nc(oc1c1n[nH]c(=O)cc1)CCC=C(C)C,15/000000219,"InChI=1S/C14H17N3O3/c1-9(2)4-3-5-13-15-11(8-18)14(20-13)10-6-7-12(19)17-16-10/h4,6-7,18H,3,5,8H2,1-2H3,(H,17,19)",C14H17N3O3,275,0.52,4.49,3.11,23.8,-200
OCc1nc(oc1c1n[nH]c(=O)cc1)/C=C/CCC[NH3+],15/000000237,"InChI=1S/C13H16N4O3/c14-7-3-1-2-4-12-15-10(8-18)13(20-12)9-5-6-11(19)17-16-9/h2,4-6,18H,1,3,7-8,14H2,(H,17,19)/p+1/b4-2+",C13H17N4O3,277,-0.23,4.48,4.87,24.6,-120
OCc1nc(oc1c1n[nH]c(=O)cc1)COCCCBr,15/000000262,"InChI=1S/C12H14BrN3O4/c13-4-1-5-19-7-11-14-9(6-17)12(20-11)8-2-3-10(18)16-15-8/h2-3,17H,1,4-7H2,(H,16,18)",C12H14N3O4Br,344,0.7,4.48,5.8,24.5,-120
N(CC[C@@H](N)C#Cc1cc(Cl)ccc1Cl)CCN,1/000000041,"InChI=1S/C13H17Cl2N3/c14-11-2-4-13(15)10(9-11)1-3-12(17)5-7-18-8-6-16/h2,4,9,12,18H,5-8,16-17H2/t12-/m0/s1",C13H17N3Cl2,285,2.35,4.48,7.28,17.0,-150
Oc1noc(c1)C/C=C(/CF)\C1=CC[C@H](O1)CO,4/000000049,"InChI=1S/C12H14FNO4/c13-6-8(11-4-3-10(7-15)17-11)1-2-9-5-12(16)14-18-9/h1,4-5,10,15H,2-3,6-7H2,(H,14,16)/b8-1-/t10-/m0/s1",C12H14NO4F,255,1.35,4.47,7.19,3.58,-150
OC(=O)c1c(O)ccnc1COC(=O)c1ccc(c(c1)N)OCN,16/000000006,"InChI=1S/C15H15N3O6/c16-7-24-12-2-1-8(5-9(12)17)15(22)23-6-10-13(14(20)21)11(19)3-4-18-10/h1-5H,6-7,16-17H2,(H,18,19)(H,20,21)",C15H15N3O6,333,0.17,4.46,3.86,5.21,0
OCc1nc(oc1c1n[nH]c(=O)c(c1)CO)CC/C=C/C,15/000000216,"InChI=1S/C14H17N3O4/c1-2-3-4-5-12-15-11(8-19)13(21-12)10-6-9(7-18)14(20)17-16-10/h2-3,6,18-19H,4-5,7-8H2,1H3,(H,17,20)/b3-2+",C14H17N3O4,291,-0.22,4.46,2.06,25.0,-160
O[C@H](C)c1ccc(cc1Cl)/C=C/c1cnc(nc1)C(=O)N,12/000000013,"InChI=1S/C15H14ClN3O2/c1-9(20)12-5-4-10(6-13(12)16)2-3-11-7-18-15(14(17)21)19-8-11/h2-9,20H,1H3,(H2,17,21)/b3-2+/t9-/m1/s1",C15H14N3O2Cl,303,1.25,4.45,4.62,16.9,-170
OC[C@@H](CC(=O)C)/C=C/c1ccc(cc1N)I,13/000000021,"InChI=1S/C13H16INO2/c1-9(17)6-10(8-16)2-3-11-4-5-12(14)7-13(11)15/h2-5,7,10,16H,6,8,15H2,1H3/b3-2+/t10-/m1/s1",C13H16NO2I,345,1.9,4.45,4.34,2.22,-170
OC/C(=C\Cc1nonc1)/CCc1ncoc1C[NH3+],28/000000001,"InChI=1S/C12H16N4O3/c13-5-12-11(14-8-18-12)4-2-9(7-17)1-3-10-6-15-19-16-10/h1,6,8,17H,2-5,7,13H2/p+1/b9-1-",C12H17N4O3,265,-0.2,4.45,1.69,3.58,-20
OC(=O)c1ncc(cn1)/C=C/c1ccc(c(c1)Cl)C(=O)O,12/000000181,"InChI=1S/C14H9ClN2O4/c15-11-5-8(3-4-10(11)13(18)19)1-2-9-6-16-12(14(20)21)17-7-9/h1-7H,(H,18,19)(H,20,21)/b2-1+",C14H8N2O4Cl,303,1.44,4.44,5.5,3.7,0
Oc1noc(c1CC)C/C=C(\C1=CC[C@H](O1)CO)/C(=O)O,4/000000075,"InChI=1S/C14H17NO6/c1-2-9-12(21-15-13(9)17)6-4-10(14(18)19)11-5-3-8(7-16)20-11/h4-5,8,16H,2-3,6-7H2,1H3,(H,15,17)(H,18,19)/b10-4+/t8-/m0/s1",C14H16NO6,294,0.6,4.44,7.74,5.08,-170
OCc1nc(oc1c1n[nH]c(=O)cc1)CC/C=C/C,15/000000111,"InChI=1S/C13H15N3O3/c1-2-3-4-5-12-14-10(8-17)13(19-12)9-6-7-11(18)16-15-9/h2-3,6-7,17H,4-5,8H2,1H3,(H,16,18)/b3-2+",C13H15N3O3,261,0.67,4.44,1.84,23.2,-140
c1nccnc1[C@H](CNCC#CC1=CCc2c1cccc2)C(=O)O,21/000000003,"InChI=1S/C19H17N3O2/c23-19(24)17(18-13-21-10-11-22-18)12-20-9-3-5-15-8-7-14-4-1-2-6-16(14)15/h1-2,4,6,8,10-11,13,17,20H,7,9,12H2,(H,23,24)/t17-/m0/s1",C19H16N3O2,318,0.66,4.44,6.51,20.8,-190
OCc1nc(oc1c1n[nH]c(=O)cc1)CCI,15/000000185,"InChI=1S/C10H10IN3O3/c11-4-3-9-12-7(5-15)10(17-9)6-1-2-8(16)14-13-6/h1-2,15H,3-5H2,(H,14,16)",C10H10N3O3I,347,0.89,4.43,1.82,22.1,-120
OCc1nc(oc1c1n[nH]c(=O)cc1)COCCCC=C,15/000000221,"InChI=1S/C14H17N3O4/c1-2-3-4-7-20-9-13-15-11(8-18)14(21-13)10-5-6-12(19)17-16-10/h2,5-6,18H,1,3-4,7-9H2,(H,17,19)",C14H17N3O4,291,0.37,4.43,6.23,25.0,-120
OCC1=C[C@@H](CC(=C1)CN)NC(=C)c1ocnc1C,19/000000019,"InChI=1S/C14H19N3O2/c1-9-14(19-8-16-9)10(2)17-13-4-11(6-15)3-12(5-13)7-18/h3,5,8,13,17-18H,2,4,6-7,15H2,1H3/t13-/m1/s1",C14H19N3O2,261,-0.32,4.43,6.77,3.58,-170
Oc1noc(c1)C/C=C(\C1=C(C)C[C@H](O1)CO)/C(=O)O,4/000000043,"InChI=1S/C13H15NO6/c1-7-4-9(6-15)19-12(7)10(13(17)18)3-2-8-5-11(16)14-20-8/h3,5,9,15H,2,4,6H2,1H3,(H,14,16)(H,17,18)/b10-3+/t9-/m0/s1",C13H14NO6,280,0.05,4.43,8.51,4.81,-170
OC(=O)[C@@H](C1=C(/C=C/CN)C(=O)CO1)c1nnc(o1)CCCCl,1/000000030,"InChI=1S/C14H16ClN3O5/c15-5-1-4-10-17-18-13(23-10)11(14(20)21)12-8(3-2-6-16)9(19)7-22-12/h2-3,11H,1,4-7,16H2,(H,20,21)/b3-2+/t11-/m0/s1",C14H16N3O5Cl,341,0.75,4.43,7.49,3.84,-150
OCc1nc(oc1c1n[nH]c(=O)cc1)COCCCC,15/000000170,"InChI=1S/C13H17N3O4/c1-2-3-6-19-8-12-14-10(7-17)13(20-12)9-4-5-11(18)16-15-9/h4-5,17H,2-3,6-8H2,1H3,(H,16,18)",C13H17N3O4,279,0.38,4.42,5.39,23.4,-140
C#CCCCc1oc(c(n1)CO)c1n[nH]c(=O)cc1,15/000000133,"InChI=1S/C13H13N3O3/c1-2-3-4-5-12-14-10(8-17)13(19-12)9-6-7-11(18)16-15-9/h1,6-7,17H,3-5,8H2,(H,16,18)",C13H13N3O3,259,0.37,4.42,3.05,25.0,-120
OCc1nc(oc1c1n[nH]c(=O)cc1)CC/C=C/COC,15/000000229,"InChI=1S/C14H17N3O4/c1-20-8-4-2-3-5-13-15-11(9-18)14(21-13)10-6-7-12(19)17-16-10/h2,4,6-7,18H,3,5,8-9H2,1H3,(H,17,19)/b4-2+",C14H17N3O4,291,0.15,4.42,3.03,25.0,-140
OCc1nc(oc1c1n[nH]c(=O)c(c1)C)CC=C,15/000000163,"InChI=1S/C12H13N3O3/c1-3-4-10-13-9(6-16)11(18-10)8-5-7(2)12(17)15-14-8/h3,5,16H,1,4,6H2,2H3,(H,15,17)",C12H13N3O3,247,0.33,4.42,3.59,22.6,-140
OCc1ccc2c(c1)C=C/C/2=C\c1noc(c1)CCOC(=O)CN,17/000000024,"InChI=1S/C18H18N2O4/c19-10-18(22)23-6-5-16-9-15(20-24-16)8-14-3-2-13-7-12(11-21)1-4-17(13)14/h1-4,7-9,21H,5-6,10-11,19H2/b14-8+",C18H18N2O4,326,1.16,4.42,2.74,23.6,-60
Oc1cccc(c1C=C)NCCn1cnc2c1cnc(n2)C[NH2+]C,13/000000019,"InChI=1S/C17H20N6O/c1-3-12-13(5-4-6-15(12)24)19-7-8-23-11-21-17-14(23)9-20-16(22-17)10-18-2/h3-6,9,11,18-19,24H,1,7-8,10H2,2H3/p+1",C17H21N6O,325,1.22,4.42,2.18,19.5,-100
OC(=O)[C@@H](C1=CC(=O)CO1)c1nnc(o1)/C=C(/CCCN)\C,1/000000033,"InChI=1S/C14H17N3O5/c1-8(3-2-4-15)5-11-16-17-13(22-11)12(14(19)20)10-6-9(18)7-21-10/h5-6,12H,2-4,7,15H2,1H3,(H,19,20)/b8-5+/t12-/m0/s1",C14H17N3O5,307,0.02,4.41,6.56,6.77,-170
OC(=O)[C@@H](C1=C(C(=O)CO1)COC)c1nnc(o1)/C=C/CCCN,1/000000031,"InChI=1S/C15H19N3O6/c1-22-7-9-10(19)8-23-13(9)12(15(20)21)14-18-17-11(24-14)5-3-2-4-6-16/h3,5,12H,2,4,6-8,16H2,1H3,(H,20,21)/b5-3+/t12-/m0/s1",C15H19N3O6,337,-0.21,4.4,8.33,5.09,-170
OC(=O)c1c(O)noc1C/C=C(\C1=CC[C@H](O1)CO)/C(=O)O,4/000000013,"InChI=1S/C13H13NO8/c15-5-6-1-3-8(21-6)7(12(17)18)2-4-9-10(13(19)20)11(16)14-22-9/h2-3,6,15H,1,4-5H2,(H,14,16)(H,17,18)(H,19,20)/b7-2+/t6-/m0/s1",C13H12NO8,310,-0.27,4.4,8.03,5.35,-150
Oc1cccc(c1)[C@H](N)C#Cc1cc(Cl)ccc1Cl,1/000000017,"InChI=1S/C15H11Cl2NO/c16-12-5-6-14(17)10(8-12)4-7-15(18)11-2-1-3-13(19)9-11/h1-3,5-6,8-9,15,19H,18H2/t15-/m1/s1",C15H11NOCl2,291,4.22,4.4,7.45,15.8,-168
OCc1nc(oc1c1n[nH]c(=O)cc1)/C=C/C[NH2+]C,15/000000070,"InChI=1S/C12H14N4O3/c1-13-6-2-3-11-14-9(7-17)12(19-11)8-4-5-10(18)16-15-8/h2-5,13,17H,6-7H2,1H3,(H,16,18)/p+1/b3-2+",C12H15N4O3,263,-0.35,4.39,2.99,24.0,-140
OCC1=C[C@@H](CC=C1)C(=O)c1ncc(c(c1)CO)Cl,19/000000016,"InChI=1S/C14H14ClNO3/c15-12-6-16-13(5-11(12)8-18)14(19)10-3-1-2-9(4-10)7-17/h1-2,4-6,10,17-18H,3,7-8H2/t10-/m1/s1",C14H14NO3Cl,279,0.05,4.39,6.14,2.35,-150
Oc1noc(c1COCC)C/C=C(\C1=CC[C@H](O1)CO)/C(=O)O,4/000000073,"InChI=1S/C15H19NO7/c1-2-21-8-11-13(23-16-14(11)18)6-4-10(15(19)20)12-5-3-9(7-17)22-12/h4-5,9,17H,2-3,6-8H2,1H3,(H,16,18)(H,19,20)/b10-4+/t9-/m0/s1",C15H18NO7,324,0.25,4.39,9.49,6.58,-170
c1c(I)cc(c(c1)/C=C/[C@H](CC[NH3+])C(=O)CN)N,13/000000034,"InChI=1S/C13H18IN3O/c14-11-4-3-9(12(17)7-11)1-2-10(5-6-15)13(18)8-16/h1-4,7,10H,5-6,8,15-17H2/p+1/b2-1+/t10-/m1/s1",C13H19N3OI,360,0.84,4.39,3.75,2.22,-150
OC(=O)[C@@H](C1=CC(=O)CO1)c1nnc(o1)/C=C/CCCN,1/000000021,"InChI=1S/C13H15N3O5/c14-5-3-1-2-4-10-15-16-12(21-10)11(13(18)19)9-6-8(17)7-20-9/h2,4,6,11H,1,3,5,7,14H2,(H,18,19)/b4-2+/t11-/m0/s1",C13H15N3O5,293,0.17,4.38,5.87,5.09,-150
c1nc(ncc1/C=C/c1ccc(c(c1)Cl)C)C(=O)c1n[nH]c(=[NH2])[nH]1,12/000000008,"InChI=1S/C16H14ClN6O/c1-9-2-3-10(6-12(9)17)4-5-11-7-19-14(20-8-11)13(24)15-21-16(18)23-22-15/h2-8,23H,18H2,1H3,(H,21,22)/b5-4+",C16H13N6OCl,340,2.1,4.38,4.86,3.58,-20
c1ccc(cc1/C=C/c1cnc(nc1C)C(=O)c1n[nH]c(=[NH2])[nH]1)Cl,12/000000026,"InChI=1S/C16H14ClN6O/c1-9-11(6-5-10-3-2-4-12(17)7-10)8-19-14(20-9)13(24)15-21-16(18)23-22-15/h2-8,23H,18H2,1H3,(H,21,22)/b6-5+",C16H13N6OCl,340,2.19,4.38,5.3,3.58,-20
OCc1nc(oc1c1n[nH]c(=O)cc1)C[NH2+]CC=C,15/000000154,"InChI=1S/C12H14N4O3/c1-2-5-13-6-11-14-9(7-17)12(19-11)8-3-4-10(18)16-15-8/h2-4,13,17H,1,5-7H2,(H,16,18)/p+1",C12H15N4O3,263,-0.35,4.38,2.38,24.0,-120
NCc1nc(oc1c1n[nH]c(=O)c(c1)C)/C=C/CCCC,15/000000124,"InChI=1S/C15H20N4O2/c1-3-4-5-6-7-13-17-12(9-16)14(21-13)11-8-10(2)15(20)19-18-11/h6-8H,3-5,9,16H2,1-2H3,(H,19,20)/b7-6+",C15H20N4O2,288,1.41,4.37,3.57,24.6,-200
Oc1noc(c1CCl)C/C=C(\C1=CC[C@H](O1)CO)/C(=O)O,4/000000056,"InChI=1S/C13H14ClNO6/c14-5-9-11(21-15-12(9)17)4-2-8(13(18)19)10-3-1-7(6-16)20-10/h2-3,7,16H,1,4-6H2,(H,15,17)(H,18,19)/b8-2+/t7-/m0/s1",C13H13NO6Cl,314,0.58,4.37,8.66,3.84,-150
Oc1noc(c1CCC)C/C=C(\C1=CC[C@H](O1)CO)/C(=O)O,4/000000082,"InChI=1S/C15H19NO6/c1-2-3-10-13(22-16-14(10)18)7-5-11(15(19)20)12-6-4-9(8-17)21-12/h5-6,9,17H,2-4,7-8H2,1H3,(H,16,18)(H,19,20)/b11-5+/t9-/m0/s1",C15H18NO6,308,0.95,4.37,9.19,5.21,-170
OCc1occ(c1c1n[nH]c(=O)cc1)C=C,15/000000280,"InChI=1S/C11H10N2O3/c1-2-7-6-16-9(5-14)11(7)8-3-4-10(15)13-12-8/h2-4,6,14H,1,5H2,(H,13,15)",C11H10N2O3,218,0.4,4.35,4.05,20.0,-120
Oc1c(Nc2ccc(cc2)[C@H](C#CC)O)cc(cc1)CCl,13/000000018,"InChI=1S/C17H16ClNO2/c1-2-3-16(20)13-5-7-14(8-6-13)19-15-10-12(11-18)4-9-17(15)21/h4-10,16,19-21H,11H2,1H3/t16-/m0/s1",C17H16NO2Cl,301,3.0,4.35,5.1,16.5,-170
OCC[C@@H](NCc1cccc(c1)Cl)/C=C/CN,16/000000002,"InChI=1S/C13H19ClN2O/c14-12-4-1-3-11(9-12)10-16-13(6-8-17)5-2-7-15/h1-5,9,13,16-17H,6-8,10,15H2/b5-2+/t13-/m0/s1",C13H19N2OCl,254,1.73,4.35,4.2,2.22,-150
OCc1nc(oc1c1n[nH]c(=O)c(c1)CC)CCCCCCC,15/000000270,"InChI=1S/C17H25N3O3/c1-3-5-6-7-8-9-15-18-14(11-21)16(23-15)13-10-12(4-2)17(22)20-19-13/h10,21H,3-9,11H2,1-2H3,(H,20,22)",C17H25N3O3,319,2.19,4.34,2.28,24.6,-200
Oc1noc(c1C)C/C=C(\C1=CC[C@H](O1)CO)/C(=O)O,4/000000064,"InChI=1S/C13H15NO6/c1-7-10(20-14-12(7)16)5-3-9(13(17)18)11-4-2-8(6-15)19-11/h3-4,8,15H,2,5-6H2,1H3,(H,14,16)(H,17,18)/b9-3+/t8-/m0/s1",C13H14NO6,280,0.34,4.34,8.12,3.72,-170
OCc1nc(oc1c1n[nH]c(=O)c(c1)CCF)CC,15/000000232,"InChI=1S/C12H14FN3O3/c1-2-10-14-9(6-17)11(19-10)8-5-7(3-4-13)12(18)16-15-8/h5,17H,2-4,6H2,1H3,(H,16,18)",C12H14N3O3F,267,0.61,4.34,2.65,24.3,-180
OCc1nc(oc1c1n[nH]c(=O)c(c1)CCC)C=C,15/000000151,"InChI=1S/C13H15N3O3/c1-3-5-8-6-9(15-16-13(8)18)12-10(7-17)14-11(4-2)19-12/h4,6,17H,2-3,5,7H2,1H3,(H,16,18)",C13H15N3O3,261,0.8,4.34,2.44,23.2,-180
OC(=O)[C@@](c1nnco1)(N)C#Cc1cc[nH]c1,25/000000003,"InChI=1S/C10H8N4O3/c11-10(9(15)16,8-14-13-6-17-8)3-1-7-2-4-12-5-7/h2,4-6,12H,11H2,(H,15,16)/t10-/m1/s1",C10H8N4O3,232,0.66,4.33,3.12,24.6,-150
OC(=O)c1[nH]ncc1c1ccc(cc1C(=O)O)F,3/000000004,"InChI=1S/C11H7FN2O4/c12-5-1-2-6(7(3-5)10(15)16)8-4-13-14-9(8)11(17)18/h1-4H,(H,13,14)(H,15,16)(H,17,18)",C11H6N2O4F,249,1.61,4.33,5.42,2.35,-120
OCC1=C[C@@H](CC=C1CF)C(=O)c1ncc(c(c1)CO)Cl,19/000000036,"InChI=1S/C15H15ClFNO3/c16-13-6-18-14(4-12(13)8-20)15(21)9-1-2-10(5-17)11(3-9)7-19/h2-4,6,9,19-20H,1,5,7-8H2/t9-/m1/s1",C15H15NO3FCl,311,0.29,4.32,6.46,3.7,-150
O[C@@H](C/C=C/c1cc(Cl)ccc1O)C,22/000000004,"InChI=1S/C11H13ClO2/c1-8(13)3-2-4-9-7-10(12)5-6-11(9)14/h2,4-8,13-14H,3H2,1H3/b4-2+/t8-/m1/s1",C11H13O2Cl,212,2.65,4.32,5.22,3.72,-170
Oc1cccc2c1[nH]/c(=[NH]\CC(=O)C)/[nH]2,5/000000008,"InChI=1S/C10H12N3O2/c1-6(14)5-11-10-12-7-3-2-4-8(15)9(7)13-10/h2-4,11-13,15H,5H2,1H3/b11-10-",C10H11N3O2,205,0.38,4.32,-0.17,13.5,-100
OC[C@H]1OC(=CC1)/C(=C\Cc1onc(c1CC(=O)N)O)/CF,4/000000009,"InChI=1S/C14H17FN2O5/c15-6-8(11-4-2-9(7-18)21-11)1-3-12-10(5-13(16)19)14(20)17-22-12/h1,4,9,18H,2-3,5-7H2,(H2,16,19)(H,17,20)/b8-1-/t9-/m0/s1",C14H17N2O5F,312,-0.03,4.32,8.97,5.35,-150
OCc1nc(oc1c1n[nH]c(=O)c(c1)C)C=C,15/000000182,"InChI=1S/C11H11N3O3/c1-3-9-12-8(5-15)10(17-9)7-4-6(2)11(16)14-13-7/h3-4,15H,1,5H2,2H3,(H,14,16)",C11H11N3O3,233,0.19,4.31,2.4,22.0,-140
c1nc(c(o1)C[NH3+])CC/C(=C/Cc1nonc1)/CN,28/000000006,"InChI=1S/C12H17N5O2/c13-5-9(1-3-10-7-16-19-17-10)2-4-11-12(6-14)18-8-15-11/h1,7-8H,2-6,13-14H2/p+1/b9-1-",C12H18N5O2,264,-0.27,4.31,2.01,3.58,-20
OCc1occ(c1c1n[nH]c(=O)c(c1)CNC)C=C,15/000000286,"InChI=1S/C13H15N3O3/c1-3-8-7-19-11(6-17)12(8)10-4-9(5-14-2)13(18)16-15-10/h3-4,7,14,17H,1,5-6H2,2H3,(H,16,18)",C13H15N3O3,261,-0.17,4.31,4.0,22.6,-160
OCc1nc(oc1c1n[nH]c(=O)cc1)COCCC,15/000000166,"InChI=1S/C12H15N3O4/c1-2-5-18-7-11-13-9(6-16)12(19-11)8-3-4-10(17)15-14-8/h3-4,16H,2,5-7H2,1H3,(H,15,17)",C12H15N3O4,265,0.02,4.3,4.96,22.8,-140
OCC1=C(/C=C/[C@@](c2ccccc2)(N)O)C(=O)CO1,1/000000018,"InChI=1S/C14H15NO4/c15-14(18,10-4-2-1-3-5-10)7-6-11-12(17)9-19-13(11)8-16/h1-7,16,18H,8-9,15H2/b7-6+/t14-/m1/s1",C14H15NO4,261,-0.18,4.3,4.3,3.58,-150
OCc1nc(oc1c1n[nH]c(=O)c(c1)C)CC#C,15/000000106,"InChI=1S/C12H11N3O3/c1-3-4-10-13-9(6-16)11(18-10)8-5-7(2)12(17)15-14-8/h1,5,16H,4,6H2,2H3,(H,15,17)",C12H11N3O3,245,-0.02,4.3,3.26,24.4,-140
OC(=O)c1nn(cn1)C(=O)Cc1nnc[nH]1,30/000000001,"InChI=1S/C7H6N6O3/c14-5(1-4-8-2-10-11-4)13-3-9-6(12-13)7(15)16/h2-3H,1H2,(H,15,16)(H,8,10,11)",C7H6N6O3,222,0.01,4.3,0.39,2.22,-60
OCN[C@@]1(c2ccc([nH]2)CN)C=C(C1)/C=C/c1cocc1,20/000000008,"InChI=1S/C16H19N3O2/c17-9-14-3-4-15(19-14)16(18-11-20)7-13(8-16)2-1-12-5-6-21-10-12/h1-7,10,18-20H,8-9,11,17H2/b2-1+/t16-/m0/s1",C16H19N3O2,285,-0.19,4.29,2.0,23.0,-190
c1c(Cl)cc(c(c1)Cl)C#C[C@@H](CCn1cc[nH]c1=[NH2])N,1/000000039,"InChI=1S/C14H15Cl2N4/c15-11-2-4-13(16)10(9-11)1-3-12(17)5-7-20-8-6-19-14(20)18/h2,4,6,8-9,12,19H,5,7,17-18H2/t12-/m0/s1",C14H14N4Cl2,308,3.0,4.27,6.52,5.08,-150
O[C@@H](CNCC#Cc1cc(Cl)cc(c1)Cl)C,10/000000024,"InChI=1S/C12H13Cl2NO/c1-9(16)8-15-4-2-3-10-5-11(13)7-12(14)6-10/h5-7,9,15-16H,4,8H2,1H3/t9-/m1/s1",C12H13NOCl2,257,3.19,4.26,2.19,2.48,-170
OCc1nc(oc1c1n[nH]c(=O)c(c1)CC)CC,15/000000279,"InChI=1S/C12H15N3O3/c1-3-7-5-8(14-15-12(7)17)11-9(6-16)13-10(4-2)18-11/h5,16H,3-4,6H2,1-2H3,(H,15,17)",C12H15N3O3,249,0.4,4.26,2.43,21.6,-200
c1c(F)cc(c(c1)c1cn[nH]c1CN)C(=O)O,3/000000003,"InChI=1S/C11H10FN3O2/c12-6-1-2-7(8(3-6)11(16)17)9-5-14-15-10(9)4-13/h1-3,5H,4,13H2,(H,14,15)(H,16,17)",C11H9N3O2F,234,1.12,4.26,5.73,2.22,-120
OCc1nc(oc1c1n[nH]c(=O)cc1)CC[NH2+]CCBr,15/000000193,"InChI=1S/C12H15BrN4O3/c13-4-6-14-5-3-11-15-9(7-18)12(20-11)8-1-2-10(19)17-16-8/h1-2,14,18H,3-7H2,(H,17,19)/p+1",C12H16N4O3Br,344,0.3,4.25,3.05,24.7,-120
OCc1ccc2c(c1)C=C/C/2=C\c1noc(c1)CCCCC[NH3+],17/000000026,"InChI=1S/C19H22N2O2/c20-9-3-1-2-4-18-12-17(21-23-18)11-16-7-6-15-10-14(13-22)5-8-19(15)16/h5-8,10-12,22H,1-4,9,13,20H2/p+1/b16-11+",C19H23N2O2,311,2.54,4.25,4.49,20.8,-60
OC(=O)[C@H]1OC(=CC1)/C(=C\Cc1onc(c1CCCC)O)/CF,4/000000038,"InChI=1S/C16H20FNO5/c1-2-3-4-11-13(23-18-15(11)19)6-5-10(9-17)12-7-8-14(22-12)16(20)21/h5,7,14H,2-4,6,8-9H2,1H3,(H,18,19)(H,20,21)/b10-5-/t14-/m0/s1",C16H20NO5F,325,2.62,4.25,8.4,5.35,-170
OCc1nc(oc1c1n[nH]c(=O)cc1)/C=C/CN(C)C,15/000000080,"InChI=1S/C13H16N4O3/c1-17(2)7-3-4-12-14-10(8-18)13(20-12)9-5-6-11(19)16-15-9/h3-6,18H,7-8H2,1-2H3,(H,16,19)/b4-3+",C13H16N4O3,276,-0.12,4.24,4.57,24.6,-200
OCc1nc(oc1c1n[nH]c(=O)cc1)CCCCF,15/000000259,"InChI=1S/C12H14FN3O3/c13-6-2-1-3-11-14-9(7-17)12(19-11)8-4-5-10(18)16-15-8/h4-5,17H,1-3,6-7H2,(H,16,18)",C12H14N3O3F,267,0.93,4.24,1.84,24.3,-120
OCc1nc(oc1c1n[nH]c(=O)cc1)CC/C(=C/C)/CC,15/000000266,"InChI=1S/C15H19N3O3/c1-3-10(4-2)5-8-14-16-12(9-19)15(21-14)11-6-7-13(20)18-17-11/h3,6-7,19H,4-5,8-9H2,1-2H3,(H,18,20)/b10-3+",C15H19N3O3,289,0.77,4.24,3.73,24.4,-200
OCc1ccc2c(c1)C=C/C/2=C\C1=NN(C(=O)C1)CCCCO,17/000000011,"InChI=1S/C18H20N2O3/c21-8-2-1-7-20-18(23)11-16(19-20)10-15-5-4-14-9-13(12-22)3-6-17(14)15/h3-6,9-10,21-22H,1-2,7-8,11-12H2/b15-10+",C18H20N2O3,312,1.17,4.24,5.99,21.4,-40
O[C@H](c1c(F)ccc2c1cc[nH]2)N,21/000000004,"InChI=1S/C9H9FN2O/c10-6-1-2-7-5(3-4-12-7)8(6)9(11)13/h1-4,9,12-13H,11H2/t9-/m1/s1",C9H9N2OF,180,0.99,4.23,6.1,12.3,-190
Oc1c(I)cccc1c1nc(nc(n1)CCO)CO,23/000000005,"InChI=1S/C12H12IN3O3/c13-8-3-1-2-7(11(8)19)12-15-9(4-5-17)14-10(6-18)16-12/h1-3,17-19H,4-6H2",C12H12N3O3I,373,0.3,4.23,7.28,14.1,-160
O=C(NCC[NH3+])c1oc(cc1CCCNC1=NCCCO1)Br,6/000000025,"InChI=1S/C14H21BrN4O3/c15-11-9-10(12(22-11)13(20)17-7-4-16)3-1-5-18-14-19-6-2-8-21-14/h9H,1-8,16H2,(H,17,20)(H,18,19)/p+1",C14H22N4O3Br,374,0.78,4.23,4.15,5.24,-20
C1=C(C#C[C@](CCCCC)(CN)[NH3+])CCC1=O,27/000000001,"InChI=1S/C14H22N2O/c1-2-3-4-8-14(16,11-15)9-7-12-5-6-13(17)10-12/h10H,2-6,8,11,15-16H2,1H3/p+1/t14-/m1/s1",C14H23N2O,235,0.44,4.23,4.73,17.2,-170
OC(=O)c1cccnc1COC(=O)c1ccc(c(c1)N)OCN,16/000000004,"InChI=1S/C15H15N3O5/c16-8-23-13-4-3-9(6-11(13)17)15(21)22-7-12-10(14(19)20)2-1-5-18-12/h1-6H,7-8,16-17H2,(H,19,20)",C15H15N3O5,317,0.58,4.23,4.07,3.7,0
OC(=O)c1c(O)ccnc1COC(=O)c1cccc(c1CO)N,16/000000011,"InChI=1S/C15H14N2O6/c16-10-3-1-2-8(9(10)6-18)15(22)23-7-11-13(14(20)21)12(19)4-5-17-11/h1-5,18H,6-7,16H2,(H,17,19)(H,20,21)",C15H14N2O6,318,0.09,4.23,6.51,5.49,0
OC(=O)c1ncc(cn1)/C=C/c1ccc(c(c1)Cl)CN,12/000000060,"InChI=1S/C14H12ClN3O2/c15-12-5-9(3-4-11(12)6-16)1-2-10-7-17-13(14(19)20)18-8-10/h1-5,7-8H,6,16H2,(H,19,20)/b2-1+",C14H12N3O2Cl,289,1.39,4.22,5.5,3.7,0
OCc1nc(oc1c1n[nH]c(=O)c(c1)C)/C=C/CNC,15/000000142,"InChI=1S/C13H16N4O3/c1-8-6-9(16-17-13(8)19)12-10(7-18)15-11(20-12)4-3-5-14-2/h3-4,6,14,18H,5,7H2,1-2H3,(H,17,19)/b4-3+",C13H16N4O3,276,-0.21,4.22,1.33,24.6,-200
OC[C@H]1OC(=CC1)/C(=C\Cc1onc(c1CCOC)O)/C(=O)O,4/000000101,"InChI=1S/C15H19NO7/c1-21-7-6-10-13(23-16-14(10)18)5-3-11(15(19)20)12-4-2-9(8-17)22-12/h3-4,9,17H,2,5-8H2,1H3,(H,16,18)(H,19,20)/b11-3+/t9-/m0/s1",C15H18NO7,324,-0.02,4.22,9.58,5.21,-170
OCc1cnc([nH]1)C(=O)C#Cc1cnc(cc1OC)N,11/000000007,"InChI=1S/C13H12N4O3/c1-20-11-4-12(14)15-5-8(11)2-3-10(19)13-16-6-9(7-18)17-13/h4-6,18H,7H2,1H3,(H2,14,15)(H,16,17)",C13H12N4O3,272,-0.04,4.22,7.68,3.85,-20
OCCNCCN1N=C(CC1=O)/C=C/1\C=Cc2c1cccc2,17/000000034,"InChI=1S/C17H19N3O2/c21-10-8-18-7-9-20-17(22)12-15(19-20)11-14-6-5-13-3-1-2-4-16(13)14/h1-6,11,18,21H,7-10,12H2/b14-11+",C17H19N3O2,297,0.88,4.21,4.14,3.72,-60
OCCNC(=O)c1oc(cc1CC[C@@H](c1nocc1)C=C)Br,6/000000020,"InChI=1S/C15H17BrN2O4/c1-2-10(12-5-8-21-18-12)3-4-11-9-13(16)22-14(11)15(20)17-6-7-19/h2,5,8-10,19H,1,3-4,6-7H2,(H,17,20)/t10-/m0/s1",C15H17N2O4Br,369,1.46,4.21,4.11,5.24,-150
O[C@@H](C[NH2+]Cc1nonc1)C#Cc1cc(Cl)cc(c1)Cl,10/000000011,"InChI=1S/C13H11Cl2N3O2/c14-10-3-9(4-11(15)5-10)1-2-13(19)8-16-6-12-7-17-20-18-12/h3-5,7,13,16,19H,6,8H2/p+1/t13-/m1/s1",C13H12N3O2Cl2,312,3.55,4.21,0.18,3.58,-150
OC[C@H]1OC(=CC1)/C=C\Cc1onc(c1CCOC)O,4/000000008,"InChI=1S/C14H19NO5/c1-18-8-7-12-13(20-15-14(12)17)4-2-3-10-5-6-11(9-16)19-10/h2-3,5,11,16H,4,6-9H2,1H3,(H,15,17)/b3-2-/t11-/m0/s1",C14H19NO5,281,0.89,4.2,7.3,3.72,-170
OC(=O)[C@@](c1nnco1)(N)C#CC(=O)CC,25/000000004,"InChI=1S/C9H9N3O4/c1-2-6(13)3-4-9(10,8(14)15)7-12-11-5-16-7/h5H,2,10H2,1H3,(H,14,15)/t9-/m1/s1",C9H9N3O4,223,0.1,4.2,3.75,22.4,-170
OCc1oc(cc1c1n[nH]c(=O)cc1)CC(=O)OCC,15/000000083,"InChI=1S/C13H14N2O5/c1-2-19-13(18)6-8-5-9(11(7-16)20-8)10-3-4-12(17)15-14-10/h3-5,16H,2,6-7H2,1H3,(H,15,17)",C13H14N2O5,278,0.15,4.19,3.22,23.6,-140
OCc1ccc2c(c1)C=C/C/2=C\C1=NNC(=O)[C@H]1Br,17/000000030,"InChI=1S/C14H11BrN2O2/c15-13-12(16-17-14(13)19)6-10-3-2-9-5-8(7-18)1-4-11(9)10/h1-6,13,18H,7H2,(H,17,19)/b10-6+/t13-/m0/s1",C14H11N2O2Br,319,1.81,4.19,8.29,19.5,-190
OC[C@@H]1NC(=O)NC(=C1C(=O)O)C/C=C/c1nnc([nH]1)C,30/000000010,"InChI=1S/C12H15N5O4/c1-6-13-9(17-16-6)4-2-3-7-10(11(19)20)8(5-18)15-12(21)14-7/h2,4,8,18H,3,5H2,1H3,(H,19,20)(H,13,16,17)(H2,14,15,21)/b4-2+/t8-/m0/s1",C12H15N5O4,293,-0.18,4.19,7.83,5.09,-170
O[C@H](c1ccc(cc1)Nc1cccc(c1)CCl)C#CCC(=O)O,13/000000012,"InChI=1S/C18H16ClNO3/c19-12-13-3-1-4-16(11-13)20-15-9-7-14(8-10-15)17(21)5-2-6-18(22)23/h1,3-4,7-11,17,20-21H,6,12H2,(H,22,23)/t17-/m0/s1",C18H15NO3Cl,328,2.21,4.18,5.48,19.3,-170
Oc1ccc(c2c1CC=C2)C(=O)C/C=C\c1nnc([nH]1)CN,14/000000002,"InChI=1S/C16H16N4O2/c17-9-16-18-15(19-20-16)6-2-5-13(21)12-7-8-14(22)11-4-1-3-10(11)12/h1-3,6-8,22H,4-5,9,17H2,(H,18,19,20)/b6-2-",C16H16N4O2,296,2.09,4.17,5.77,3.7,-40
OCc1ncoc1c1n[nH]c(=O)c(c1)CCBr,15/000000156,"InChI=1S/C10H10BrN3O3/c11-2-1-6-3-7(13-14-10(6)16)9-8(4-15)12-5-17-9/h3,5,15H,1-2,4H2,(H,14,16)",C10H10N3O3Br,300,0.6,4.17,2.03,22.1,-140
OC(=O)[C@@H](C1=C(C(=O)O)C(=O)CO1)c1nnc(o1)C(=C)CCCl,1/000000023,"InChI=1S/C13H11ClN2O7/c1-5(2-3-14)10-15-16-11(23-10)8(13(20)21)9-7(12(18)19)6(17)4-22-9/h8H,1-4H2,(H,18,19)(H,20,21)/t8-/m0/s1",C13H11N2O7Cl,342,0.71,4.17,7.63,5.09,-150
Oc1noc(c1C[NH2+]C)C/C=C(/CO)\C1=CC[C@H](O1)C(=O)CBr,4/000000106,"InChI=1S/C15H19BrN2O5/c1-17-7-10-13(23-18-15(10)21)3-2-9(8-19)12-4-5-14(22-12)11(20)6-16/h2,4,14,17,19H,3,5-8H2,1H3,(H,18,21)/p+1/b9-2-/t14-/m0/s1",C15H20N2O5Br,388,0.64,4.16,8.14,6.45,-170
OC(=O)/C(=C\c1cc(Cl)cnc1C(=O)[C@H]1C=C(C=CC1)CO)/C,19/000000014,"InChI=1S/C17H16ClNO4/c1-10(17(22)23)5-13-7-14(18)8-19-15(13)16(21)12-4-2-3-11(6-12)9-20/h2-3,5-8,12,20H,4,9H2,1H3,(H,22,23)/b10-5-/t12-/m1/s1",C17H16NO4Cl,333,0.89,4.16,6.88,3.72,-170
Oc1ncc(cc1)Nc1c(O)ccc(c1)[C@H](CC[NH3+])O,13/000000015,"InChI=1S/C14H17N3O3/c15-6-5-12(18)9-1-3-13(19)11(7-9)17-10-2-4-14(20)16-8-10/h1-4,7-8,12,17-19H,5-6,15H2,(H,16,20)/p+1/t12-/m0/s1",C14H18N3O3,276,0.77,4.16,6.63,14.0,-150
OCC1=C[C@@H](CC=C1)C(=O)c1cccc(c1/C=C\C)O,19/000000034,"InChI=1S/C17H18O3/c1-2-5-14-15(8-4-9-16(14)19)17(20)13-7-3-6-12(10-13)11-18/h2-6,8-10,13,18-19H,7,11H2,1H3/b5-2-/t13-/m1/s1",C17H18O3,270,1.82,4.16,7.12,3.58,-170
C(=C\c1cc2oc(=O)ccc2c(c1)CN)/c1nc(c[nH]1)CCC,6/000000017,"InChI=1S/C18H19N3O2/c1-2-3-14-11-20-17(21-14)6-4-12-8-13(10-19)15-5-7-18(22)23-16(15)9-12/h4-9,11H,2-3,10,19H2,1H3,(H,20,21)/b6-4+",C18H19N3O2,309,2.22,4.16,4.34,3.58,-100
Oc1cc(ccc1C/C=C(/C[NH3+])\C1=CC[C@H](O1)CO)CN,4/000000080,"InChI=1S/C16H22N2O3/c17-8-11-1-2-12(15(20)7-11)3-4-13(9-18)16-6-5-14(10-19)21-16/h1-2,4,6-7,14,19-20H,3,5,8-10,17-18H2/p+1/b13-4-/t14-/m0/s1",C16H23N2O3,291,0.21,4.15,8.97,4.94,-150
OCc1occ(c1c1n[nH]c(=O)cc1)COCCl,15/000000285,"InChI=1S/C11H11ClN2O4/c12-6-17-4-7-5-18-9(3-15)11(7)8-1-2-10(16)14-13-8/h1-2,5,15H,3-4,6H2,(H,14,16)",C11H11N2O4Cl,270,-0.0,4.15,4.83,21.9,-120
OC/C(=C/c1nnnn1CCl)/c1nnc(o1)C(=O)NCCC,29/000000005,"InChI=1S/C11H14ClN7O3/c1-2-3-13-9(21)11-16-15-10(22-11)7(5-20)4-8-14-17-18-19(8)6-12/h4,20H,2-3,5-6H2,1H3,(H,13,21)/b7-4-",C11H14N7O3Cl,327,-0.12,4.15,3.8,3.87,-20
O[C@H](c1ccc(cc1)Nc1cccc(c1)CCl)C#CCCOC,13/000000013,"InChI=1S/C19H20ClNO2/c1-23-12-3-2-7-19(22)16-8-10-17(11-9-16)21-18-6-4-5-15(13-18)14-20/h4-6,8-11,13,19,21-22H,3,12,14H2,1H3/t19-/m0/s1",C19H20NO2Cl,329,3.05,4.15,5.01,17.7,-170
OC(=O)[C@H]1OC(=CC1)/C(=C\Cc1onc(c1CC(=O)N)O)/CF,4/000000019,"InChI=1S/C14H15FN2O6/c15-6-7(9-3-4-11(22-9)14(20)21)1-2-10-8(5-12(16)18)13(19)17-23-10/h1,3,11H,2,4-6H2,(H2,16,18)(H,17,19)(H,20,21)/b7-1-/t11-/m0/s1",C14H15N2O6F,326,0.12,4.15,8.92,5.35,-150
OC(=O)[C@@H](C1=C(C(=O)CO1)CN)c1nnc(o1)/C=C/CCCC,1/000000038,"InChI=1S/C15H19N3O5/c1-2-3-4-5-6-11-17-18-14(23-11)12(15(20)21)13-9(7-16)10(19)8-22-13/h5-6,12H,2-4,7-8,16H2,1H3,(H,20,21)/b6-5+/t12-/m0/s1",C15H19N3O5,321,0.76,4.15,7.06,5.09,-170
OC(=O)[C@@H](C1=C(C(=O)CO1)CN)c1nnc(o1)/C=C/CCC,1/000000013,"InChI=1S/C14H17N3O5/c1-2-3-4-5-10-16-17-13(22-10)11(14(19)20)12-8(6-15)9(18)7-21-12/h4-5,11H,2-3,6-7,15H2,1H3,(H,19,20)/b5-4+/t11-/m0/s1",C14H17N3O5,307,0.41,4.14,6.32,5.09,-170
OC(=O)C1=CCC=C(N1)CCCOc1cc(Cl)cc(c1)Cl,10/000000013,"InChI=1S/C15H15Cl2NO3/c16-10-7-11(17)9-13(8-10)21-6-2-4-12-3-1-5-14(18-12)15(19)20/h3,5,7-9,18H,1-2,4,6H2,(H,19,20)",C15H15NO3Cl2,327,4.32,4.14,2.53,2.35,-72
Brc1oc(c(c1)CC[C@@H](Cc1c(Cl)nc[nH]1)[NH3+])C(=O)N,6/000000018,"InChI=1S/C12H14BrClN4O2/c13-9-3-6(10(20-9)12(16)19)1-2-7(15)4-8-11(14)18-5-17-8/h3,5,7H,1-2,4,15H2,(H2,16,19)(H,17,18)/p+1/t7-/m0/s1",C12H15N4O2ClBr,362,0.77,4.14,7.89,3.72,-150
O[C@@H](CC#CCn1cnc(c1)CBr)c1ncn(n1)C(=O)N,30/000000007,"InChI=1S/C12H13BrN6O2/c13-5-9-6-18(7-15-9)4-2-1-3-10(20)11-16-8-19(17-11)12(14)21/h6-8,10,20H,3-5H2,(H2,14,21)/t10-/m0/s1",C12H13N6O2Br,353,-0.09,4.13,4.58,4.94,-150
C1=C/C(=C\c2nnn[nH]2)/c2c1ccc(c2)[C@H](CBr)[NH3+],17/000000008,"InChI=1S/C13H12BrN5/c14-7-12(15)10-4-2-8-1-3-9(11(8)5-10)6-13-16-18-19-17-13/h1-6,12H,7,15H2,(H,16,17,18,19)/p+1/b9-6+/t12-/m0/s1",C13H13N5Br,319,1.87,4.13,5.99,21.9,-190
Oc1ccc(cc1C#C[C@H]1NOCC1)Cl,22/000000001,"InChI=1S/C11H10ClNO2/c12-9-2-4-11(14)8(7-9)1-3-10-5-6-15-13-10/h2,4,7,10,13-14H,5-6H2/t10-/m1/s1",C11H10NO2Cl,223,3.2,4.13,3.51,14.1,-150
Oc1ccc2c(c1)C(=O)N[C@H]2CC#Cc1[nH]ccc1CN,3/000000006,"InChI=1S/C16H15N3O2/c17-9-10-6-7-18-14(10)2-1-3-15-12-5-4-11(20)8-13(12)16(21)19-15/h4-8,15,18,20H,3,9,17H2,(H,19,21)/t15-/m0/s1",C16H15N3O2,281,1.19,4.13,5.36,6.45,-190
OC(=O)[C@@H](C1=CC(=O)CO1)c1nnc(o1)/C(=C\CO)/CCCl,1/000000022,"InChI=1S/C13H13ClN2O6/c14-3-1-7(2-4-17)11-15-16-12(22-11)10(13(19)20)9-5-8(18)6-21-9/h2,5,10,17H,1,3-4,6H2,(H,19,20)/b7-2-/t10-/m0/s1",C13H13N2O6Cl,328,0.46,4.13,7.42,6.77,-150
Oc1noc(c1)C/C=C(/C[NH3+])\C1=C(C)C[C@H](O1)C(=O)CBr,4/000000099,"InChI=1S/C14H17BrN2O4/c1-8-4-12(11(18)6-15)20-14(8)9(7-16)2-3-10-5-13(19)17-21-10/h2,5,12H,3-4,6-7,16H2,1H3,(H,17,19)/p+1/b9-2-/t12-/m0/s1",C14H18N2O4Br,358,0.99,4.13,8.21,3.72,-170
OCC1=C(CC1)[C@H](CCc1cccc(c1)Cl)N,22/000000003,"InChI=1S/C14H18ClNO/c15-12-3-1-2-10(8-12)4-7-14(16)13-6-5-11(13)9-17/h1-3,8,14,17H,4-7,9,16H2/t14-/m0/s1",C14H18NOCl,251,1.43,4.13,5.83,2.22,-150
Oc1ccccc1C(=O)O[C@H]1C=C(C=C(C1)CC=C)CO,19/000000012,"InChI=1S/C17H18O4/c1-2-5-12-8-13(11-18)10-14(9-12)21-17(20)15-6-3-4-7-16(15)19/h2-4,6-8,10,14,18-19H,1,5,9,11H2/t14-/m1/s1",C17H18O4,286,1.87,4.12,4.27,5.09,-150
C(=C\c1cccc2c1cccc2)/NCc1nc(n[nH]1)C[NH3+],10/000000023,"InChI=1S/C16H17N5/c17-10-15-19-16(21-20-15)11-18-9-8-13-6-3-5-12-4-1-2-7-14(12)13/h1-9,18H,10-11,17H2,(H,19,20,21)/p+1/b9-8+",C16H18N5,280,2.6,4.12,1.29,3.58,-80
OC/C(=C/c1nnn[nH]1)/c1nnc(o1)CCCCC,29/000000015,"InChI=1S/C11H16N6O2/c1-2-3-4-5-10-14-15-11(19-10)8(7-18)6-9-12-16-17-13-9/h6,18H,2-5,7H2,1H3,(H,12,13,16,17)/b8-6-",C11H16N6O2,264,1.04,4.12,5.32,6.77,-20
OCc1occc1c1n[nH]c(=O)c(c1)CC,15/000000282,"InChI=1S/C11H12N2O3/c1-2-7-5-9(12-13-11(7)15)8-3-4-16-10(8)6-14/h3-5,14H,2,6H2,1H3,(H,13,15)",C11H12N2O3,220,0.36,4.11,2.69,19.0,-140
OC/C(=C/c1nnn[nH]1)/c1nnc(o1)CC[C@@H]1C=CCCC1,29/000000010,"InChI=1S/C14H18N6O2/c21-9-11(8-12-15-19-20-16-12)14-18-17-13(22-14)7-6-10-4-2-1-3-5-10/h2,4,8,10,21H,1,3,5-7,9H2,(H,15,16,19,20)/b11-8-/t10-/m1/s1",C14H18N6O2,302,1.19,4.11,5.15,5.09,-150
O[C@@H](CC#CCn1cncc1)c1ncn(n1)C(=O)NCCl,30/000000003,"InChI=1S/C12H13ClN6O2/c13-7-15-12(21)19-9-16-11(17-19)10(20)3-1-2-5-18-6-4-14-8-18/h4,6,8-10,20H,3,5,7H2,(H,15,21)/t10-/m0/s1",C12H13N6O2Cl,308,-0.29,4.11,1.92,3.58,-150
OCc1occ(c1c1n[nH]c(=O)cc1)/C=C/C,15/000000281,"InChI=1S/C12H12N2O3/c1-2-3-8-7-17-10(6-15)12(8)9-4-5-11(16)14-13-9/h2-5,7,15H,6H2,1H3,(H,14,16)/b3-2+",C12H12N2O3,232,0.71,4.11,3.74,20.6,-140
OC[C@H](CCNCC#CC1=CCc2c1cccc2)CN,21/000000001,"InChI=1S/C17H22N2O/c18-12-14(13-20)9-11-19-10-3-5-16-8-7-15-4-1-2-6-17(15)16/h1-2,4,6,8,14,19-20H,7,9-13,18H2/t14-/m1/s1",C17H22N2O,270,1.55,4.11,8.66,17.2,-190
N[C@H](Nc1ccc2c(c1)C=C/C/2=C\C1=NN(C(=O)C1)C)N,17/000000028,"InChI=1S/C15H17N5O/c1-20-14(21)8-12(19-20)7-10-3-2-9-6-11(18-15(16)17)4-5-13(9)10/h2-7,15,18H,8,16-17H2,1H3/b10-7+",C15H15N5O,281,0.68,4.11,7.41,22.1,-60
c1nc(oc1C(=O)c1ccc(c(c1)I)I)C1=CCNN1,10/000000051,"InChI=1S/C13H9I2N3O2/c14-8-2-1-7(5-9(8)15)12(19)11-6-16-13(20-11)10-3-4-17-18-10/h1-3,5-6,17-18H,4H2",C13H9N3O2I2,493,4.31,4.11,8.41,3.58,-143
OCc1nc(oc1c1n[nH]c(=O)c(c1)COC)C=C,15/000000186,"InChI=1S/C12H13N3O4/c1-3-10-13-9(5-16)11(19-10)8-4-7(6-18-2)12(17)15-14-8/h3-4,16H,1,5-6H2,2H3,(H,15,17)",C12H13N3O4,263,-0.33,4.11,2.65,23.8,-160
Oc1cc(ccc1C/C=C(/CF)\C1=CC[C@H](O1)CO)CC,4/000000077,"InChI=1S/C17H21FO3/c1-2-12-3-4-13(16(20)9-12)5-6-14(10-18)17-8-7-15(11-19)21-17/h3-4,6,8-9,15,19-20H,2,5,7,10-11H2,1H3/b14-6-/t15-/m0/s1",C17H21O3F,292,2.77,4.1,8.85,4.94,-170
Oc1c(Br)ccc(c1)C[C@@H](c1ncnc(n1)CO)O,23/000000003,"InChI=1S/C12H12BrN3O3/c13-8-2-1-7(3-9(8)18)4-10(19)12-15-6-14-11(5-17)16-12/h1-3,6,10,17-19H,4-5H2/t10-/m0/s1",C12H12N3O3Br,326,-0.18,4.1,5.7,5.21,-150
OCC1=C[C@@H](CC(=C1)CN)NC(=C)CCN(CCC)CF,19/000000038,"InChI=1S/C16H28FN3O/c1-3-5-20(12-17)6-4-13(2)19-16-8-14(10-18)7-15(9-16)11-21/h7,9,16,19,21H,2-6,8,10-12,18H2,1H3/t16-/m1/s1",C16H28N3OF,297,0.3,4.1,5.59,5.09,-200
OCc1nc(oc1c1n[nH]c(=O)cc1)/C=C/CCNC,15/000000146,"InChI=1S/C13H16N4O3/c1-14-7-3-2-4-12-15-10(8-18)13(20-12)9-5-6-11(19)17-16-9/h2,4-6,14,18H,3,7-8H2,1H3,(H,17,19)/b4-2+",C13H16N4O3,276,-0.2,4.1,4.22,24.6,-140
OCCNC/C(=C\CCN)/Cc1cccc(c1)I,10/000000017,"InChI=1S/C14H21IN2O/c15-14-5-1-3-12(10-14)9-13(4-2-6-16)11-17-7-8-18/h1,3-5,10,17-18H,2,6-9,11,16H2/b13-4-",C14H21N2OI,360,1.55,4.1,4.5,3.58,0
OCc1nc(oc1c1n[nH]c(=O)c(c1)CC)COCCC,15/000000188,"InChI=1S/C14H19N3O4/c1-3-5-20-8-12-15-11(7-18)13(21-12)10-6-9(4-2)14(19)17-16-10/h6,18H,3-5,7-8H2,1-2H3,(H,17,19)",C14H19N3O4,293,0.41,4.1,4.42,24.0,-200
OCc1ccc(c2c1nco2)/C=C/[C@H](c1nonc1)C(=O)O,11/000000003,"InChI=1S/C14H11N3O5/c18-6-9-2-1-8(13-12(9)15-7-21-13)3-4-10(14(19)20)11-5-16-22-17-11/h1-5,7,10,18H,6H2,(H,19,20)/b4-3+/t10-/m1/s1",C14H11N3O5,301,1.1,4.1,6.24,25.0,-190
OC(=O)[C@@H](/C=C/c1ccc(cc1N)I)c1cnoc1,13/000000010,"InChI=1S/C13H11IN2O3/c14-10-3-1-8(12(15)5-10)2-4-11(13(17)18)9-6-16-19-7-9/h1-7,11H,15H2,(H,17,18)/b4-2+/t11-/m0/s1",C13H11N2O3I,370,2.61,4.1,6.97,2.35,-150
NCc1nnc([nH]1)[C@@](c1ccc2c(c1Cl)nco2)(C=C)F,3/000000001,"InChI=1S/C13H11ClFN5O/c1-2-13(15,12-18-9(5-16)19-20-12)7-3-4-8-11(10(7)14)17-6-21-8/h2-4,6H,1,5,16H2,(H,18,19,20)/t13-/m0/s1",C13H11N5OFCl,307,2.88,4.09,4.31,24.0,-197
Oc1noc(c1CC)C/C=C(/CF)\C1=CC[C@H](O1)CO,4/000000042,"InChI=1S/C14H18FNO4/c1-2-11-13(20-16-14(11)18)5-3-9(7-15)12-6-4-10(8-17)19-12/h3,6,10,17H,2,4-5,7-8H2,1H3,(H,16,18)/b9-3-/t10-/m0/s1",C14H18NO4F,283,1.75,4.09,7.58,4.94,-170
C(=C\1/C=Cc2c1ccc(c2)C[NH3+])/C1=NN(C(=O)C1)CCNC,17/000000031,"InChI=1S/C17H20N4O/c1-19-6-7-21-17(22)10-15(20-21)9-14-4-3-13-8-12(11-18)2-5-16(13)14/h2-5,8-9,19H,6-7,10-11,18H2,1H3/p+1/b14-9+",C17H21N4O,297,0.71,4.09,5.25,21.2,-60
OC/C(=C/Cc1onc(c1)O)/C1=CC[C@H](O1)C(=O)CBr,4/000000047,"InChI=1S/C13H14BrNO5/c14-6-10(17)12-4-3-11(19-12)8(7-16)1-2-9-5-13(18)15-20-9/h1,3,5,12,16H,2,4,6-7H2,(H,15,18)/b8-1-/t12-/m0/s1",C13H14NO5Br,344,1.21,4.09,8.39,3.58,-150
OCc1ncc2n(c1)c(nn2)C(=C)CN,29/000000001,"InChI=1S/C9H11N5O/c1-6(2-10)9-13-12-8-3-11-7(5-15)4-14(8)9/h3-4,15H,1-2,5,10H2",C9H11N5O,205,-0.01,4.09,1.36,20.8,-40
OC(=O)C1=C(NC(=O)N[C@H]1CO)C/C=C/c1nnc([nH]1)CC,30/000000008,"InChI=1S/C13H17N5O4/c1-2-9-16-10(18-17-9)5-3-4-7-11(12(20)21)8(6-19)15-13(22)14-7/h3,5,8,19H,2,4,6H2,1H3,(H,20,21)(H2,14,15,22)(H,16,17,18)/b5-3+/t8-/m0/s1",C13H17N5O4,307,0.07,4.09,8.26,5.09,-170
OCc1ncc2n(c1)c(nn2)C(=O)NCBr,29/000000009,"InChI=1S/C8H8BrN5O2/c9-4-11-8(16)7-13-12-6-1-10-5(3-15)2-14(6)7/h1-2,15H,3-4H2,(H,11,16)",C8H8N5O2Br,286,0.58,4.09,0.48,23.1,-60
Oc1noc(c1CCF)C/C=C(\C1=CC[C@H](O1)CO)/C(=O)O,4/000000089,"InChI=1S/C14H16FNO6/c15-6-5-9-12(22-16-13(9)18)4-2-10(14(19)20)11-3-1-8(7-17)21-11/h2-3,8,17H,1,4-7H2,(H,16,18)(H,19,20)/b10-2+/t8-/m0/s1",C14H15NO6F,312,0.8,4.09,9.22,5.21,-150
OC(=O)C1=CCC(=CO1)[C@H](Cc1ccc(cc1F)F)N,28/000000008,"InChI=1S/C14H13F2NO3/c15-10-3-1-8(11(16)6-10)5-12(17)9-2-4-13(14(18)19)20-7-9/h1,3-4,6-7,12H,2,5,17H2,(H,18,19)/t12-/m0/s1",C14H13NO3F2,281,1.85,4.08,4.27,3.85,-150
OCc1nc(oc1c1n[nH]c(=O)cc1)C[NH2+]CBr,15/000000144,"InChI=1S/C10H11BrN4O3/c11-5-12-3-9-13-7(4-16)10(18-9)6-1-2-8(17)15-14-6/h1-2,12,16H,3-5H2,(H,15,17)/p+1",C10H12N4O3Br,316,-0.21,4.08,1.67,23.5,-120
OC(=O)c1c(ncn1CC/C=C/C1CCCC1)C(=O)N,1/000000046,"InChI=1S/C14H19N3O3/c15-13(18)11-12(14(19)20)17(9-16-11)8-4-3-7-10-5-1-2-6-10/h3,7,9-10H,1-2,4-6,8H2,(H2,15,18)(H,19,20)/b7-3+",C14H19N3O3,277,1.11,4.08,1.9,2.35,-150
OC(=O)[C@@H](/C(=C\C)/c1nnco1)Cl,2/000000003,"InChI=1S/C7H7ClN2O3/c1-2-4(5(8)7(11)12)6-10-9-3-13-6/h2-3,5H,1H3,(H,11,12)/b4-2+/t5-/m1/s1",C7H6N2O3Cl,201,0.92,4.08,5.83,2.22,-170
Oc1cccc(c1OC(=O)CN)C(=O)[C@H]1C=C(C=CC1)CO,19/000000004,"InChI=1S/C16H17NO5/c17-8-14(20)22-16-12(5-2-6-13(16)19)15(21)11-4-1-3-10(7-11)9-18/h1-3,5-7,11,18-19H,4,8-9,17H2/t11-/m1/s1",C16H17NO5,303,-0.33,4.08,7.41,5.09,-150
OCc1nc(oc1c1n[nH]c(=O)cc1)C=C,15/000000079,"InChI=1S/C10H9N3O3/c1-2-9-11-7(5-14)10(16-9)6-3-4-8(15)13-12-6/h2-4,14H,1,5H2,(H,13,15)",C10H9N3O3,219,0.05,4.08,1.82,21.4,-120
OCNC/C=C\c1n[nH]nc1C1=CCOC1=O,9/000000003,"InChI=1S/C10H12N4O3/c15-6-11-4-1-2-8-9(13-14-12-8)7-3-5-17-10(7)16/h1-3,11,15H,4-6H2,(H,12,13,14)/b2-1-",C10H12N4O3,236,0.68,4.08,5.32,21.8,-80
c1ccc(c2c1[C@@H](NC2=O)CC#Cc1[nH]ccc1CN)Br,3/000000005,"InChI=1S/C16H14BrN3O/c17-12-4-1-3-11-14(20-16(21)15(11)12)6-2-5-13-10(9-18)7-8-19-13/h1,3-4,7-8,14,19H,6,9,18H2,(H,20,21)/t14-/m0/s1",C16H14N3OBr,344,2.39,4.07,5.57,6.45,-190
c1c(Cl)cc(c(c1)Cl)C#C[C@@H](CCn1nccc1N)N,1/000000043,"InChI=1S/C14H14Cl2N4/c15-11-2-4-13(16)10(9-11)1-3-12(17)6-8-20-14(18)5-7-19-20/h2,4-5,7,9,12H,6,8,17-18H2/t12-/m0/s1",C14H14N4Cl2,308,3.57,4.07,6.45,5.08,-150
OCN[C@@]1(c2cnc[nH]2)C=C(C1)/C=C/c1oncc1,20/000000001,"InChI=1S/C13H14N4O2/c18-9-16-13(12-7-14-8-15-12)5-10(6-13)1-2-11-3-4-17-19-11/h1-5,7-8,16,18H,6,9H2,(H,14,15)/b2-1+/t13-/m0/s1",C13H14N4O2,258,-0.05,4.07,3.43,22.9,-190
OCc1nc(oc1c1n[nH]c(=O)cc1)CC[NH2+]CCC,15/000000258,"InChI=1S/C13H18N4O3/c1-2-6-14-7-5-12-15-10(8-18)13(20-12)9-3-4-11(19)17-16-9/h3-4,14,18H,2,5-8H2,1H3,(H,17,19)/p+1",C13H19N4O3,279,-0.02,4.07,4.46,23.6,-140
Oc1noc(c1CCl)C/C=C(/CF)\C1=CC[C@H](O1)C(=O)CO,4/000000081,"InChI=1S/C14H15ClFNO5/c15-5-9-12(22-17-14(9)20)2-1-8(6-16)11-3-4-13(21-11)10(19)7-18/h1,3,13,18H,2,4-7H2,(H,17,20)/b8-1-/t13-/m0/s1",C14H15NO5FCl,331,1.12,4.07,8.19,3.7,-150
Oc1nc2c([nH]1)c(OCc1cccc3c1cccc3)ccc2,10/000000001,"InChI=1S/C18H14N2O2/c21-18-19-15-9-4-10-16(17(15)20-18)22-11-13-7-3-6-12-5-1-2-8-14(12)13/h1-10H,11H2,(H2,19,20,21)",C18H14N2O2,290,4.29,4.07,5.99,14.7,-125
O[C@@H](c1ncc2n(c1)c(nn2)C(=O)O)F,29/000000003,"InChI=1S/C7H5FN4O3/c8-5(13)3-2-12-4(1-9-3)10-11-6(12)7(14)15/h1-2,5,13H,(H,14,15)/t5-/m0/s1",C7H4N4O3F,211,-0.02,4.07,2.35,23.3,-190
Oc1noc(c1C[NH2+]C)C/C=C\C1=CC[C@H](O1)C(=O)CBr,4/000000044,"InChI=1S/C14H17BrN2O4/c1-16-8-10-12(21-17-14(10)19)4-2-3-9-5-6-13(20-9)11(18)7-15/h2-3,5,13,16H,4,6-8H2,1H3,(H,17,19)/p+1/b3-2-/t13-/m0/s1",C14H18N2O4Br,358,1.53,4.06,7.0,6.45,-170
Oc1nc(cc(c1)I)CCc1cc(c[nH]1)C(=O)N(C)C,4/000000048,"InChI=1S/C14H16IN3O2/c1-18(2)14(20)9-5-11(16-8-9)3-4-12-6-10(15)7-13(19)17-12/h5-8,16H,3-4H2,1-2H3,(H,17,19)",C14H16N3O2I,385,2.44,4.06,4.5,5.09,-80
Oc1ccc(cc1C1=C(C(=O)N(C1)CC)C[NH3+])Br,6/000000005,"InChI=1S/C13H15BrN2O2/c1-2-16-7-11(10(6-15)13(16)18)9-5-8(14)3-4-12(9)17/h3-5,17H,2,6-7,15H2,1H3/p+1",C13H16N2O2Br,312,1.3,4.06,6.69,2.22,-140
Oc1ccc(cc1[C@@H](CO)/C=C/CCCCC)F,13/000000020,"InChI=1S/C15H21FO2/c1-2-3-4-5-6-7-12(11-17)14-10-13(16)8-9-15(14)18/h6-10,12,17-18H,2-5,11H2,1H3/b7-6+/t12-/m1/s1",C15H21O2F,252,3.16,4.06,1.92,3.72,-170
Oc1cnc(c(c1)C(=O)OCc1ncccc1C(=O)O)Cl,16/000000010,"InChI=1S/C13H9ClN2O5/c14-11-9(4-7(17)5-16-11)13(20)21-6-10-8(12(18)19)2-1-3-15-10/h1-5,17H,6H2,(H,18,19)",C13H9N2O5Cl,308,1.17,4.06,6.05,2.35,0
Oc1ccc(cc1[C@H](/C=C/CC[NH3+])c1ncoc1)F,13/000000003,"InChI=1S/C14H15FN2O2/c15-10-4-5-14(18)12(7-10)11(3-1-2-6-16)13-8-19-9-17-13/h1,3-5,7-9,11,18H,2,6,16H2/p+1/b3-1+/t11-/m0/s1",C14H16N2O2F,263,1.63,4.06,4.24,19.1,-150
Oc1cccc(c1CCCC[NH3+])C(=O)[C@H]1C=C(C=CC1)CO,19/000000005,"InChI=1S/C18H23NO3/c19-10-2-1-7-15-16(8-4-9-17(15)21)18(22)14-6-3-5-13(11-14)12-20/h3-5,8-9,11,14,20-21H,1-2,6-7,10,12,19H2/p+1/t14-/m1/s1",C18H24NO3,302,0.99,4.05,4.75,3.72,-150
C=CCCC(=O)c1ncc(cn1)[C@@H](c1occc1C(=O)O)Br,12/000000165,"InChI=1S/C15H13BrN2O4/c1-2-3-4-11(19)14-17-7-9(8-18-14)12(16)13-10(15(20)21)5-6-22-13/h2,5-8,12H,1,3-4H2,(H,20,21)/t12-/m0/s1",C15H12N2O4Br,364,0.34,4.05,6.51,22.1,-150
OCc1nc(oc1c1n[nH]c(=O)cc1)CCCl,15/000000127,"InChI=1S/C10H10ClN3O3/c11-4-3-9-12-7(5-15)10(17-9)6-1-2-8(16)14-13-6/h1-2,15H,3-5H2,(H,14,16)",C10H10N3O3Cl,255,0.35,4.05,1.7,22.1,-120
OCc1ccc(cc1I)CC(=O)N[C@H](CCO)C,10/000000016,"InChI=1S/C13H18INO3/c1-9(4-5-16)15-13(18)7-10-2-3-11(8-17)12(14)6-10/h2-3,6,9,16-17H,4-5,7-8H2,1H3,(H,15,18)/t9-/m0/s1",C13H18NO3I,363,1.61,4.05,8.49,3.58,-170
c1c(OCCCC2=CCC=C(N2)C(=O)N)cc(cc1Cl)Cl,10/000000006,"InChI=1S/C15H16Cl2N2O2/c16-10-7-11(17)9-13(8-10)21-6-2-4-12-3-1-5-14(19-12)15(18)20/h3,5,7-9,19H,1-2,4,6H2,(H2,18,20)",C15H16N2O2Cl2,326,3.59,4.05,2.29,2.35,-82
OCc1nc(oc1c1n[nH]c(=O)cc1)CCC,15/000000077,"InChI=1S/C11H13N3O3/c1-2-3-10-12-8(6-15)11(17-10)7-4-5-9(16)14-13-7/h4-5,15H,2-3,6H2,1H3,(H,14,16)",C11H13N3O3,235,0.37,4.05,2.27,21.0,-140
OCc1nc(oc1c1n[nH]c(=O)cc1)COCCF,15/000000064,"InChI=1S/C11H12FN3O4/c12-3-4-18-6-10-13-8(5-16)11(19-10)7-1-2-9(17)15-14-7/h1-2,16H,3-6H2,(H,15,17)",C11H12N3O4F,269,-0.14,4.05,4.74,24.9,-120
Oc1cc(ccc1C/C=C(/C[NH3+])\C1=CC[C@H](O1)CO)CC,4/000000090,"InChI=1S/C17H23NO3/c1-2-12-3-4-13(16(20)9-12)5-6-14(10-18)17-8-7-15(11-19)21-17/h3-4,6,8-9,15,19-20H,2,5,7,10-11,18H2,1H3/p+1/b14-6-/t15-/m0/s1",C17H24NO3,290,1.57,4.05,9.38,4.94,-170
OC(=O)[C@@H](CCc1ncoc1)/C=C/c1ccc(cc1N)I,13/000000033,"InChI=1S/C15H15IN2O3/c16-12-5-3-10(14(17)7-12)1-2-11(15(19)20)4-6-13-8-21-9-18-13/h1-3,5,7-9,11H,4,6,17H2,(H,19,20)/b2-1+/t11-/m1/s1",C15H15N2O3I,398,2.47,4.05,3.01,3.58,-190
OC/C(=C/C)/CC(=O)Nc1cccc2c1NN(C2)CCl,12/000000019,"InChI=1S/C14H18ClN3O2/c1-2-10(8-19)6-13(20)16-12-5-3-4-11-7-18(9-15)17-14(11)12/h2-5,17,19H,6-9H2,1H3,(H,16,20)/b10-2+",C14H18N3O2Cl,295,0.47,4.04,5.65,17.9,-60
c1c(I)c(I)cc(c1)C/C=C\[C@H](CN)N,10/000000018,"InChI=1S/C11H14I2N2/c12-10-5-4-8(6-11(10)13)2-1-3-9(15)7-14/h1,3-6,9H,2,7,14-15H2/b3-1-/t9-/m1/s1",C11H14N2I2,428,3.35,4.04,4.59,2.22,-150
OCC(=C)c1cc(O)c2c(c1)oc(=O)cc2,6/000000003,"InChI=1S/C12H10O4/c1-7(6-13)8-4-10(14)9-2-3-12(15)16-11(9)5-8/h2-5,13-14H,1,6H2",C12H10O4,218,0.99,4.04,1.32,3.58,-80
C#CCc1cc(n[nH]c1=O)c1oc(nc1CO)CC,15/000000139,"InChI=1S/C13H13N3O3/c1-3-5-8-6-9(15-16-13(8)18)12-10(7-17)14-11(4-2)19-12/h1,6,17H,4-5,7H2,2H3,(H,16,18)",C13H13N3O3,259,0.24,4.04,2.81,25.0,-180
OC[C@@H](/[NH]=c\1/[nH]nc[nH]1)/C=C/c1ccc(cc1N)I,13/000000025,"InChI=1S/C12H15IN5O/c13-9-3-1-8(11(14)5-9)2-4-10(6-19)17-12-15-7-16-18-12/h1-5,7,10,17-19H,6,14H2,(H,15,16)/b4-2+,17-12+/t10-/m0/s1",C12H14N5OI,371,2.3,4.04,2.23,3.58,-150
Oc1ccc2c(c1Cc1cc(Cl)cc(c1)Cl)C(=O)NC2,3/000000002,"InChI=1S/C15H11Cl2NO2/c16-10-3-8(4-11(17)6-10)5-12-13(19)2-1-9-7-18-15(20)14(9)12/h1-4,6,19H,5,7H2,(H,18,20)",C15H11NO2Cl2,307,3.71,4.04,2.56,2.22,-80
OCc1nc(oc1c1n[nH]c(=O)cc1)CC[NH2+]CCCl,15/000000267,"InChI=1S/C12H15ClN4O3/c13-4-6-14-5-3-11-15-9(7-18)12(20-11)8-1-2-10(19)17-16-8/h1-2,14,18H,3-7H2,(H,17,19)/p+1",C12H16N4O3Cl,299,-0.04,4.03,4.27,24.7,-120
OC[C@@H](NCCC#Cc1[nH]ncc1Br)N,11/000000006,"InChI=1S/C9H13BrN4O/c10-7-5-13-14-8(7)3-1-2-4-12-9(11)6-15/h5,9,12,15H,2,4,6,11H2,(H,13,14)/t9-/m1/s1",C9H13N4OBr,273,0.54,4.03,5.59,2.22,-150
O[C@@H](CC)c1ncn(n1)C(=O)NCBr,30/000000005,"InChI=1S/C7H11BrN4O2/c1-2-5(13)6-10-4-12(11-6)7(14)9-3-8/h4-5,13H,2-3H2,1H3,(H,9,14)/t5-/m0/s1",C7H11N4O2Br,263,0.28,4.03,4.33,2.22,-170
OC/C(=C/c1nnn[nH]1)/c1nnc(o1)CCC[C@H](C)N,29/000000013,"InChI=1S/C11H17N7O2/c1-7(12)3-2-4-10-15-16-11(20-10)8(6-19)5-9-13-17-18-14-9/h5,7,19H,2-4,6,12H2,1H3,(H,13,14,17,18)/b8-5-/t7-/m0/s1",C11H17N7O2,279,-0.06,4.03,4.64,6.77,-170
NC(=O)[C@H](/C=C/Cc1ccc(c(c1)Cl)Cl)N,10/000000025,"InChI=1S/C11H12Cl2N2O/c12-8-5-4-7(6-9(8)13)2-1-3-10(14)11(15)16/h1,3-6,10H,2,14H2,(H2,15,16)/b3-1+/t10-/m0/s1",C11H12N2OCl2,258,1.65,4.03,5.98,2.22,-150
OCc1nc(oc1c1n[nH]c(=O)cc1)CCF,15/000000190,"InChI=1S/C10H10FN3O3/c11-4-3-9-12-7(5-15)10(17-9)6-1-2-8(16)14-13-6/h1-2,15H,3-5H2,(H,14,16)",C10H10N3O3F,239,0.21,4.03,2.29,23.1,-120
O=C(N1C(=C[C@@H](C1)C(=O)O)CCF)NCCC,2/000000001,"InChI=1S/C11H17FN2O3/c1-2-5-13-11(17)14-7-8(10(15)16)6-9(14)3-4-12/h6,8H,2-5,7H2,1H3,(H,13,17)(H,15,16)/t8-/m0/s1",C11H16N2O3F,243,0.11,4.03,3.12,3.58,-190
Oc1[nH]nc(c1)[C@@]1(C=C(C1)/C=C/c1cocc1)NCO,20/000000003,"InChI=1S/C14H15N3O3/c18-9-15-14(12-5-13(19)17-16-12)6-11(7-14)2-1-10-3-4-20-8-10/h1-6,8,15,18H,7,9H2,(H2,16,17,19)/b2-1+/t14-/m0/s1",C14H15N3O3,273,0.65,4.03,2.51,23.6,-190
Oc1cccc2c1[nH]/c(=[NH]\C(=O)C)/[nH]2,5/000000009,"InChI=1S/C9H10N3O2/c1-5(13)10-9-11-6-3-2-4-7(14)8(6)12-9/h2-4,10-12,14H,1H3/b10-9-",C9H9N3O2,191,0.62,4.03,0.44,12.9,-60
OC(=O)CCC[C@@H](N)C#Cc1cc(Cl)ccc1Cl,1/000000044,"InChI=1S/C13H13Cl2NO2/c14-10-5-7-12(15)9(8-10)4-6-11(16)2-1-3-13(17)18/h5,7-8,11H,1-3,16H2,(H,17,18)/t11-/m1/s1",C13H13NO2Cl2,285,3.41,4.02,7.56,17.6,-150
Oc1nc(cc(c1)C=C)CCc1cc(c[nH]1)C(=O)N(CC)C,4/000000108,"InChI=1S/C17H21N3O2/c1-4-12-8-15(19-16(21)9-12)7-6-14-10-13(11-18-14)17(22)20(3)5-2/h4,8-11,18H,1,5-7H2,2-3H3,(H,19,21)",C17H21N3O2,299,2.32,4.02,5.36,7.99,-80
Oc1cc(ccc1C/C=C\C1=CC[C@H](O1)CO)CC[NH3+],4/000000102,"InChI=1S/C16H21NO3/c17-9-8-12-4-5-13(16(19)10-12)2-1-3-14-6-7-15(11-18)20-14/h1,3-6,10,15,18-19H,2,7-9,11,17H2/p+1/b3-1-/t15-/m0/s1",C16H22NO3,276,1.33,4.02,8.18,3.58,-150
OCc1ncoc1c1n[nH]c(=O)c(c1)CCl,15/000000152,"InChI=1S/C9H8ClN3O3/c10-2-5-1-6(12-13-9(5)15)8-7(3-14)11-4-16-8/h1,4,14H,2-3H2,(H,13,15)",C9H8N3O3Cl,241,-0.1,4.02,2.53,21.5,-140
OCc1ccc(cc1Cl)/C=C/c1cnc(nc1)C(=O)CN,12/000000148,"InChI=1S/C15H14ClN3O2/c16-13-5-10(3-4-12(13)9-20)1-2-11-7-18-15(19-8-11)14(21)6-17/h1-5,7-8,20H,6,9,17H2/b2-1+",C15H14N3O2Cl,303,0.58,4.02,3.88,4.94,0
OCc1ccc(c2c1nco2)/C=C/[C@H](c1ncoc1)C(=O)O,11/000000005,"InChI=1S/C15H12N2O5/c18-5-10-2-1-9(14-13(10)17-8-22-14)3-4-11(15(19)20)12-6-21-7-16-12/h1-4,6-8,11,18H,5H2,(H,19,20)/b4-3+/t11-/m1/s1",C15H12N2O5,300,0.25,4.02,6.04,23.6,-190
O[C@@](CCc1cnc(cc1)N)(c1nnco1)N,25/000000005,"InChI=1S/C10H13N5O2/c11-8-2-1-7(5-13-8)3-4-10(12,16)9-15-14-6-17-9/h1-2,5-6,16H,3-4,12H2,(H2,11,13)/t10-/m0/s1",C10H13N5O2,235,0.17,4.02,2.55,2.22,-190
O=C(NCC)c1oc(cc1C[C@@H](CNC1=NCCCO1)I)Br,6/000000022,"InChI=1S/C14H19BrIN3O3/c1-2-17-13(20)12-9(7-11(15)22-12)6-10(16)8-19-14-18-4-3-5-21-14/h7,10H,2-6,8H2,1H3,(H,17,20)(H,18,19)/t10-/m0/s1",C14H19N3O3BrI,484,2.8,4.01,5.34,5.24,-170
[nH]1nnc(n1)[C@@H](NC(=O)C)/C=C/c1ccc(cc1N)I,13/000000009,"InChI=1S/C12H13IN6O/c1-7(20)15-11(12-16-18-19-17-12)5-3-8-2-4-9(13)6-10(8)14/h2-6,11H,14H2,1H3,(H,15,20)(H,16,17,18,19)/b5-3+/t11-/m0/s1",C12H13N6OI,384,2.3,4.01,5.15,3.58,-181
N[C@@H](N[C@H](C1=CCC=C(O1)C(=C)C1=CC(=O)C1=O)Br)N,14/000000001,"InChI=1S/C13H14BrN3O3/c1-6(7-5-8(18)11(7)19)9-3-2-4-10(20-9)12(14)17-13(15)16/h3-5,12-13,17H,1-2,15-16H2/t12-/m1/s1",C13H12N3O3Br,338,0.67,4.01,7.23,24.4,-150
O[C@H](c1ccc(cc1)Nc1cccc(c1)CCl)C#CCCN,13/000000014,"InChI=1S/C18H19ClN2O/c19-13-14-4-3-5-17(12-14)21-16-9-7-15(8-10-16)18(22)6-1-2-11-20/h3-5,7-10,12,18,21-22H,2,11,13,20H2/t18-/m0/s1",C18H19N2OCl,314,2.46,4.01,4.29,17.3,-190
OCc1nc(oc1c1n[nH]c(=O)cc1)CCOCCC,15/000000031,"InChI=1S/C13H17N3O4/c1-2-6-19-7-5-12-14-10(8-17)13(20-12)9-3-4-11(18)16-15-9/h3-4,17H,2,5-8H2,1H3,(H,16,18)",C13H17N3O4,279,0.18,4.01,1.99,23.4,-140
OCc1cc(/C=C/c2ncc[nH]2)cc2c1ccc(=O)o2,6/000000001,"InChI=1S/C15H12N2O3/c18-9-11-7-10(1-3-14-16-5-6-17-14)8-13-12(11)2-4-15(19)20-13/h1-8,18H,9H2,(H,16,17)/b3-1+",C15H12N2O3,268,1.13,4.0,3.72,3.58,-80
OCc1oc(cc1c1n[nH]c(=O)c(c1)CBr)CC(=O)O,15/000000085,"InChI=1S/C12H11BrN2O5/c13-4-6-1-9(14-15-12(6)19)8-2-7(3-11(17)18)20-10(8)5-16/h1-2,16H,3-5H2,(H,15,19)(H,17,18)",C12H11N2O5Br,343,0.12,4.0,1.33,24.7,-140
OCCc1c(n[nH]c1C/C=C/C)c1c(oc(c1)Br)C(=O)N,6/000000019,"InChI=1S/C14H16BrN3O3/c1-2-3-4-10-8(5-6-19)12(18-17-10)9-7-11(15)21-13(9)14(16)20/h2-3,7,19H,4-6H2,1H3,(H2,16,20)(H,17,18)/b3-2+",C14H16N3O3Br,354,1.21,4.0,6.98,24.9,-100
OC(=O)C[C@H]1C(=NC(=CC1)CO)CBr,2/000000002,"InChI=1S/C9H12BrNO3/c10-4-8-6(3-9(13)14)1-2-7(5-12)11-8/h2,6,12H,1,3-5H2,(H,13,14)/t6-/m0/s1",C9H12NO3Br,262,-0.32,4.0,6.58,2.35,-150
OCc1oc(cc1/C=C/C(=O)O)C1=CCC(=CC1=O)CC,8/000000001,"InChI=1S/C16H16O5/c1-2-10-3-5-12(13(18)7-10)14-8-11(4-6-16(19)20)15(9-17)21-14/h4-8,17H,2-3,9H2,1H3,(H,19,20)/b6-4+",C16H16O5,288,0.3,4.0,4.19,23.0,-140
